symbol,name,exchange,country
FLWS,"1-800-FLOWERS.COM, Inc. - Class A Common Stock",NASDAQ,United States
TXG,"10x Genomics, Inc. - Common Stock",NASDAQ,United States
YI,"111, Inc. - American Depositary Shares",NASDAQ,United States
YQ,17 Education & Technology Group Inc. - American Depositary Shares,NASDAQ,United States
ONCH,1RT Acquisition Corp. - Class A Ordinary Share,NASDAQ,United States
SRCE,1st Source Corporation - Common Stock,NASDAQ,United States
DIBS,"1stdibs.com, Inc. - Common Stock",NASDAQ,United States
AIDX,"20/20 Biolabs, Inc. - Common Stock",NASDAQ,United States
XXII,"22nd Century Group, Inc - Common Stock",NASDAQ,United States
MASK,3 E Network Technology Group Ltd - Class A Ordinary Shares,NASDAQ,United States
KRKR,36Kr Holdings Inc. - American Depositary Shares,NASDAQ,United States
SCWO,374Water Inc. - common stock,NASDAQ,United States
DDD,3D Systems Corporation Common Stock,NYSE,United States
MMM,3M Company Common Stock,NYSE,United States
FDMT,"4D Molecular Therapeutics, Inc. - Common Stock",NASDAQ,United States
COE,"51Talk Online Education Group American depositary shares, each representing 60 Class A ordinary shares",NYSE MKT,United States
FEAM,"5E Advanced Materials, Inc. - Common Stock",NASDAQ,United States
SXTP,"60 Degrees Pharmaceuticals, Inc. - Common Stock",NASDAQ,United States
JEM,707 Cayman Holdings Limited - Ordinary Shares,NASDAQ,United States
EGHT,8x8 Inc - Common stock,NASDAQ,United States
MASS,908 Devices Inc. - Common Stock,NASDAQ,United States
JFU,9F Inc. - American Depositary Shares,NASDAQ,United States
ASPC,A SPAC III Acquisition Corp. - Class A Ordinary Shares,NASDAQ,United States
AOS,A.O. Smith Corporation Common Stock,NYSE,United States
ATEN,"A10 Networks, Inc. Common Stock",NYSE,United States
AZ,A2Z Cust2Mate Solutions Corp. - Common Shares,NASDAQ,United States
YCY,AA Mission Acquisition Corp. II Class A Ordinary Shares,NYSE,United States
AAON,"AAON, Inc. - Common Stock",NASDAQ,United States
AIR,AAR Corp. Common Stock,NYSE,United States
ABM,ABM Industries Incorporated Common Stock,NYSE,United States
ABVC,"ABVC BioPharma, Inc. - Common Stock",NASDAQ,United States
ACIU,AC Immune SA - Common Stock,NASDAQ,United States
ACAD,ACADIA Pharmaceuticals Inc. - Common Stock,NASDAQ,United States
ACCS,ACCESS Newswire Inc. Common Stock,NYSE MKT,United States
ACIW,"ACI Worldwide, Inc. - Common Stock",NASDAQ,United States
ACMR,"ACM Research, Inc. - Class A Common Stock",NASDAQ,United States
ACNB,ACNB Corporation - Common Stock,NASDAQ,United States
ACGC,ACP Holdings Acquisition Corp. - Class A Ordinary Shares,NASDAQ,United States
ACR,ACRES Commercial Realty Corp. Common Stock,NYSE,United States
ACVA,ACV Auctions Inc. Class A Common Stock,NYSE,United States
ADCT,ADC Therapeutics SA Common Shares,NYSE,United States
ADIG,ADI Global Distribution Inc. Common Stock,NYSE,United States
ADMA,ADMA Biologics Inc - Common Stock,NASDAQ,United States
ADSE,ADS-TEC ENERGY PLC - Ordinary Shares,NASDAQ,United States
ADT,ADT Inc. Common Stock,NYSE,United States
ADTN,"ADTRAN Holdings, Inc. - Common Stock",NASDAQ,United States
ACM,AECOM Common Stock,NYSE,United States
AEON,"AEON Biopharma, Inc. Class A Common Stock",NYSE MKT,United States
AVEX,AEVEX Corp. Class A Common Stock,NYSE,United States
LIDR,"AEye, Inc. - Class A Common Stock",NASDAQ,United States
AFL,AFLAC Incorporated Common Stock,NYSE,United States
AGCO,AGCO Corporation Common Stock,NYSE,United States
AGBK,AGI Inc Class A Common Shares,NYSE,United States
AGMH,AGM Group Holdings Inc. - Class A Ordinary Shares,NASDAQ,United States
AGNC,AGNC Investment Corp. - Common Stock,NASDAQ,United States
AGNT,"AGNT, Inc. - Common Stock",NASDAQ,United States
AIFC,AI Financial Corporation - Common Stock,NASDAQ,United States
AIIA,AI Infrastructure Acquisition Corp. Class A Ordinary Shares,NYSE,United States
AIAI,AIAI Holdings Corporation - Class A common stock,NASDAQ,United States
AIB,AIB Data Centers Inc. Common Stock,NYSE MKT,United States
AIFU,AIFU Inc. - Class A Ordinary Share,NASDAQ,United States
AIOS,AIOS Tech Inc. - Class A Common Shares,NASDAQ,United States
AIRO,"AIRO Group Holdings, Inc. - Common Stock",NASDAQ,United States
AIXC,"AIxCrypto Holdings, Inc. - Common Stock",NASDAQ,United States
ALPS,ALPS Group Inc - Ordinary Share,NASDAQ,United States
ALXO,ALX Oncology Holdings Inc. - Common Stock,NASDAQ,United States
AMSS,AMASS Brands Inc. - Common Stock,NASDAQ,United States
AMC,"AMC Entertainment Holdings, Inc. Class A Common Stock",NYSE,United States
AMCX,AMC Global Media Inc. - Class A Common Stock,NASDAQ,United States
AMCI,AMC Robotics Corporation - Common Stock,NASDAQ,United States
DIT,AMCON Distributing Company Common Stock,NYSE MKT,United States
AMSF,"AMERISAFE, Inc. - Common Stock",NASDAQ,United States
AME,"AMETEK, Inc.",NYSE,United States
AMN,AMN Healthcare Services Inc,NYSE,United States
AMAC,AMR Resources Acquisition Corp - Class A Ordinary Shares,NASDAQ,United States
AXR,AMREP Corporation Common Stock,NYSE,United States
HKD,AMTD Digital Inc. American Depositary Shares (every five of which represent two Class A Ordinary Shares),NYSE,United States
AMTD,"AMTD IDEA Group American Depositary Shares, each representing six (6) Class A Ordinary Shares",NYSE,United States
ANTX,"AN2 Therapeutics, Inc. - Common Stock",NASDAQ,United States
ANIP,"ANI Pharmaceuticals, Inc. - Common Stock",NASDAQ,United States
APA,APA Corporation - Common Stock,NASDAQ,United States
TRAD,APEX Tech Acquisition Inc. Ordinary Shares,NYSE,United States
APG,APi Group Corporation Common Stock,NYSE,United States
ARBB,ARB IOT Group Limited - Ordinary Shares,NASDAQ,United States
ARCL,ARC Group Acquisition I Corp - Class A Ordinary Shares,NASDAQ,United States
ARKO,ARKO Corp. - Common Stock,NASDAQ,United States
APC,ARKO Petroleum Corp. - Class A Common Stock,NASDAQ,United States
ARR,"ARMOUR Residential REIT, Inc.",NYSE,United States
SPRY,"ARS Pharmaceuticals, Inc. - Common Stock",NASDAQ,United States
ASA,ASA  Gold and Precious Metals Limited,NYSE,United States
ASX,"ASE Technology Holding Co., Ltd. American Depositary Shares (each representing Two Common Shares)",NYSE,United States
ASML,ASML Holding N.V. - New York Registry Shares,NASDAQ,United States
ASMH,ASML Holding NV ADRhedged,NYSE ARCA,United States
ASPI,ASP Isotopes Inc. - Common Stock,NASDAQ,United States
ASTS,"AST SpaceMobile, Inc. - Class A Common Stock",NASDAQ,United States
T,AT&T Inc.,NYSE,United States
AACG,"ATA Creativity Global - American Depositary Shares, each representing two common shares",NASDAQ,United States
ATI,ATI Inc. Common Stock,NYSE,United States
AUC,ATIF Holdings Limited - Ordinary Shares,NASDAQ,United States
ATNI,"ATN International, Inc. - Common Stock",NASDAQ,United States
RERE,ATRenew Inc. American Depositary Shares (every three of which representing two Class A ordinary shares),NYSE,United States
ATS,ATS Corporation Common Shares,NYSE,United States
AXIL,"AXIL Brands, Inc. Common Stock",NYSE MKT,United States
AXTI,AXT Inc - Common Stock,NASDAQ,United States
AZZ,AZZ Inc.,NYSE,United States
AARD,"Aardvark Therapeutics, Inc. - Common Stock",NASDAQ,United States
ABCL,AbCellera Biologics Inc. - Common Shares,NASDAQ,United States
ABX,"Abacus Global Management, Inc. Class A Common Stock",NYSE,United States
ABBV,AbbVie Inc. Common Stock,NYSE,United States
ABT,Abbott Laboratories Common Stock,NYSE,United States
ABEO,Abeona Therapeutics Inc. - Common Stock,NASDAQ,United States
ANF,Abercrombie & Fitch Company Common Stock,NYSE,United States
ABTS,Abits Group Inc - Ordinary Shares,NASDAQ,United States
ABVX,Abivax SA - American Depositary Shares,NASDAQ,United States
ABLV,Able View Global Inc. - Class B Ordinary Shares,NASDAQ,United States
AACO,Abony Acquisition Corp. I - Class A Ordinary Share,NASDAQ,United States
ABSI,Absci Corporation - Common Stock,NASDAQ,United States
AGIG,Abundia Global Impact Group Inc. Common stock,NYSE MKT,United States
ACTG,Acacia Research Corporation - Common Stock,NASDAQ,United States
ASO,"Academy Sports and Outdoors, Inc. - Common Stock",NASDAQ,United States
ACHC,"Acadia Healthcare Company, Inc. - Common Stock",NASDAQ,United States
AAMI,Acadian Asset Management Inc. Common Stock,NYSE,United States
ACEL,"Accel Entertainment, Inc.",NYSE,United States
ARX,Accelerant Holdings Class A Common Shares,NYSE,United States
ACH,"Accendra Health, Inc. Common Stock",NYSE,United States
ACN,Accenture plc Class A Ordinary Shares (Ireland),NYSE,United States
ACCO,Acco Brands Corporation Common Stock,NYSE,United States
ACCL,Acco Group Holdings Limited - Class A Ordinary Shares,NASDAQ,United States
ARAY,Accuray Incorporated - Common Stock,NASDAQ,United States
ACHV,"Achieve Life Sciences, Inc.  - Common Shares",NASDAQ,United States
ACON,"Aclarion, Inc. - Common Stock",NASDAQ,United States
ACRS,"Aclaris Therapeutics, Inc. - Common Stock",NASDAQ,United States
ACFN,"Acorn Energy, Inc. - Common Stock",NASDAQ,United States
ACRV,"Acrivon Therapeutics, Inc. - Common Stock",NASDAQ,United States
ATNM,"Actinium Pharmaceuticals, Inc. (Delaware) Common Stock",NYSE MKT,United States
AEAQ,Activate Energy Acquisition Corp. - Class A Ordinary Share,NASDAQ,United States
ACTU,"Actuate Therapeutics, Inc. - Common stock",NASDAQ,United States
AYI,Acuity Inc. Common Stock,NYSE,United States
ABOS,"Acumen Pharmaceuticals, Inc. - Common Stock",NASDAQ,United States
ACXP,"Acurx Pharmaceuticals, Inc. - Common Stock",NASDAQ,United States
GOLF,Acushnet Holdings Corp. Common Stock,NYSE,United States
ADAG,"Adagene Inc. - ADS, each representing 1.25 ordinary shares",NASDAQ,United States
ADGM,"Adagio Medical Holdings, Inc - Common Stock",NASDAQ,United States
AHCO,AdaptHealth Corp.  - Common Stock,NASDAQ,United States
ADPT,Adaptive Biotechnologies Corporation - Common Stock,NASDAQ,United States
ATXG,Addentax Group Corp. - Common Stock,NASDAQ,United States
ADXN,Addex Therapeutics Ltd - American Depositary Shares,NASDAQ,United States
ADUS,Addus HomeCare Corporation - Common Stock,NASDAQ,United States
AGRO,Adecoagro S.A. Common Shares,NYSE,United States
ADEA,Adeia Inc.  - Common Stock,NASDAQ,United States
ADIL,"Adial Pharmaceuticals, Inc - Common Stock",NASDAQ,United States
ACET,"Adicet Bio, Inc. - Common Stock",NASDAQ,United States
ADNT,Adient plc Ordinary Shares,NYSE,United States
ANL,Adlai Nortye Group Ltd. - American Depositary Shares,NASDAQ,United States
ADBE,Adobe Inc. - Common Stock,NASDAQ,United States
ADUR,Aduro Clean Technologies Inc. - Common Stock,NASDAQ,United States
ASIX,AdvanSix Inc. Common Stock,NYSE,United States
AAP,Advance Auto Parts Inc.,NYSE,United States
ADVB,Advanced Biomed Inc. - Common Stock,NASDAQ,United States
WMS,"Advanced Drainage Systems, Inc. Common Stock",NYSE,United States
AEIS,"Advanced Energy Industries, Inc. - Common Stock",NASDAQ,United States
AFCG,Advanced Flower Capital Inc. - Common Stock,NASDAQ,United States
AMD,"Advanced Micro Devices, Inc. - Common Stock",NASDAQ,United States
ADV,Advantage Solutions Inc.  - Class A Common Stock,NASDAQ,United States
ADBT,"Advasa Holdings, Inc. - Common stock",NASDAQ,United States
AEBI,Aebi Schmidt Holding AG - Common Stock,NASDAQ,United States
AEG,Aegon Ltd. New York Registry Shares,NYSE,United States
AEHR,Aehr Test Systems - Common Stock,NASDAQ,United States
ALMU,"Aeluma, Inc. - Common Stock",NASDAQ,United States
AMTX,"Aemetis, Inc - Common Stock",NASDAQ,United States
AESP,Aeon Acquisition I Corp. - Class A Ordinary Shares,NASDAQ,United States
AER,AerCap Holdings N.V. Ordinary Shares,NYSE,United States
ASLE,AerSale Corporation - Common Stock,NASDAQ,United States
AERT,"Aeries Technology, Inc. - Class A Ordinary Share",NASDAQ,United States
AVAV,"AeroVironment, Inc. - Common Stock",NASDAQ,United States
ATHR,"Aether Holdings, Inc. - Common Stock",NASDAQ,United States
AEMD,"Aethlon Medical, Inc. - Common Stock",NASDAQ,United States
AEVA,"Aeva Technologies, Inc. - Common Stock",NASDAQ,United States
AMG,"Affiliated Managers Group, Inc. Common Stock",NYSE,United States
AFRM,"Affirm Holdings, Inc. - Class A Common Stock",NASDAQ,United States
AFYA,Afya Limited - Class A Common Shares,NASDAQ,United States
UAVS,"AgEagle Aerial Systems, Inc. Common Stock",NYSE MKT,United States
ATPC,Agape ATP Corporation - Common Stock,NASDAQ,United States
AGCC,Agencia Comercial Spirits Ltd - Class A Ordinary Share,NASDAQ,United States
AGEN,Agenus Inc. - Common Stock,NASDAQ,United States
A,"Agilent Technologies, Inc. Common Stock",NYSE,United States
AGYS,"Agilysys, Inc. - Common Stock",NASDAQ,United States
AGIO,"Agios Pharmaceuticals, Inc. - Common Stock",NASDAQ,United States
AEM,Agnico Eagle Mines Limited Common Stock,NYSE,United States
AGMB,AgomAb Therapeutics NV - ADRs representing one common share.,NASDAQ,United States
API,"Agora, Inc. - ADS",NASDAQ,United States
ADC,Agree Realty Corporation Common Stock,NYSE,United States
AGRZ,Agroz Inc. - Class A Ordinary Shares,NASDAQ,United States
YYAI,AiRWA Inc. - Common Stock,NASDAQ,United States
AFJK,"Aimei Health Technology Co., Ltd - Ordinary Share",NASDAQ,United States
AIMD,"Ainos, Inc. - Common Stock",NASDAQ,United States
AIIR,Air Global PLC - Ordinary shares,NASDAQ,United States
AIRI,Air Industries Group Common Stock,NYSE MKT,United States
APD,"Air Products and Chemicals, Inc. Common Stock",NYSE,United States
AIRT,"Air T, Inc. - Common Stock",NASDAQ,United States
WATR,Air Water Ventures Limited - Ordinary Shares,NASDAQ,United States
AIRJ,AirJoule Technologies Corporation - Class A Common Stock,NASDAQ,United States
AIRS,"AirSculpt Technologies, Inc. - Common Stock",NASDAQ,United States
ABNB,"Airbnb, Inc. - Class A Common Stock",NASDAQ,United States
AIRG,"Airgain, Inc. - Common Stock",NASDAQ,United States
AISP,"Airship AI Holdings, Inc - Class A Common Stock",NASDAQ,United States
AKAM,"Akamai Technologies, Inc. - Common Stock",NASDAQ,United States
AKAN,Akanda Corp. - Common Shares,NASDAQ,United States
AKTX,Akari Therapeutics Plc - American Depositary Shares,NASDAQ,United States
AKBA,"Akebia Therapeutics, Inc. - Common Stock",NASDAQ,United States
AHG,Akso Health Group - American Depositary Shares,NASDAQ,United States
AKTS,"Aktis Oncology, Inc. - Common stock",NASDAQ,United States
ALTI,"AlTi Global, Inc. - Class A Common Stock",NASDAQ,United States
ALMR,"Alamar Biosciences, Inc. - Class A common stock",NASDAQ,United States
ALG,"Alamo Group, Inc. Common Stock",NYSE,United States
AGI,Alamos Gold Inc. Class A Common Shares,NYSE,United States
ALRM,"Alarm.com Holdings, Inc. - Common Stock",NASDAQ,United States
ALAR,Alarum Technologies Ltd. - American Depositary Shares,NASDAQ,United States
ALK,"Alaska Air Group, Inc. Common Stock",NYSE,United States
TCRT,"Alaunos Therapeutics, Inc. - Common Stock",NASDAQ,United States
AIN,Albany International Corporation Common Stock,NYSE,United States
ALB,Albemarle Corporation Common Stock,NYSE,United States
ACI,"Albertsons Companies, Inc. Class A Common Stock",NYSE,United States
AA,Alcoa Corporation Common Stock,NYSE,United States
ALC,Alcon Inc. Ordinary Shares,NYSE,United States
ALDF,Aldel Financial II Inc. - Class A Ordinary Shares,NASDAQ,United States
ALDX,"Aldeyra Therapeutics, Inc. - Common Stock",NASDAQ,United States
ANNA,"AleAnna, Inc. - Class A Common Stock",NASDAQ,United States
ALEC,"Alector, Inc. - Common Stock",NASDAQ,United States
ALRS,Alerus Financial Corporation - Common Stock,NASDAQ,United States
ALX,"Alexander's, Inc. Common Stock",NYSE,United States
ARE,"Alexandria Real Estate Equities, Inc. Common Stock",NYSE,United States
ASTL,Algoma Steel Group Inc. - Common Shares,NASDAQ,United States
AQN,Algonquin Power & Utilities Corp. Common Shares,NYSE,United States
RIME,"Algorhythm Holdings, Inc. - Common Stock",NASDAQ,United States
BABA,Alibaba Group Holding Limited American Depositary Shares each representing eight Ordinary share,NYSE,United States
ALCO,"Alico, Inc. - Common Stock",NASDAQ,United States
ALIT,"Alight, Inc. Class A Common Stock",NYSE,United States
ALGN,"Align Technology, Inc. - Common Stock",NASDAQ,United States
ALHC,"Alignment Healthcare, Inc. - Common Stock",NASDAQ,United States
ALGS,"Aligos Therapeutics, Inc. - Common stock",NASDAQ,United States
ALKT,"Alkami Technology, Inc. - Common Stock",NASDAQ,United States
ALKS,Alkermes plc - Ordinary Shares,NASDAQ,United States
AIFA,"All In FutureTech Alliance, Inc. - Common Stock",NASDAQ,United States
ALLR,"Allarity Therapeutics, Inc. - Common stock",NASDAQ,United States
ALGT,Allegiant Travel Company - Common Stock,NASDAQ,United States
ALLE,Allegion plc Ordinary Shares,NYSE,United States
ALGM,"Allegro MicroSystems, Inc. - Common Stock",NASDAQ,United States
AENT,Alliance Entertainment Holding Corporation - common stock,NASDAQ,United States
ALH,Alliance Laundry Holdings Inc. Common Stock,NYSE,United States
LNT,Alliant Energy Corporation - Common Stock,NASDAQ,United States
AAUC,Allied Gold Corporation Common Shares,NYSE,United States
ALNT,Allient Inc. - Common Stock,NASDAQ,United States
ALSN,"Allison Transmission Holdings, Inc. Common Stock",NYSE,United States
ALLO,"Allogene Therapeutics, Inc. - Common Stock",NASDAQ,United States
ALLT,Allot Ltd. - Ordinary Shares,NASDAQ,United States
ALL,Allstate Corporation (The) Common Stock,NYSE,United States
ALLY,Ally Financial Inc. Common Stock,NYSE,United States
ALM,Almonty Industries Inc. - Common Shares,NASDAQ,United States
ALNY,"Alnylam Pharmaceuticals, Inc. - Common Stock",NASDAQ,United States
ALPX,Alpex Acquisition Corporation - Class A Ordinary Shares,NASDAQ,United States
ACOG,Alpha Cognition Inc. - Common Stock,NASDAQ,United States
ALP,Alpha Compute Corp  - Ordinary Shares,NASDAQ,United States
AMR,"Alpha Metallurgical Resources, Inc. Common Stock",NYSE,United States
AMOD,"Alpha Modus Holdings, Inc. - Class A Common Stock",NASDAQ,United States
APT,"Alpha Pro Tech, Ltd. Common Stock",NYSE MKT,United States
DRTS,Alpha Tau Medical Ltd. - Ordinary Shares,NASDAQ,United States
ATGL,Alpha Technology Group Limited - Class A Ordinary Shares,NASDAQ,United States
TKNO,"Alpha Teknova, Inc. - Common Stock",NASDAQ,United States
AOSL,Alpha and Omega Semiconductor Limited - Common Shares,NASDAQ,United States
GOOGL,Alphabet Inc. - Class A Common Stock,NASDAQ,United States
GOOG,Alphabet Inc. - Class C Capital Stock,NASDAQ,United States
ATEC,"Alphatec Holdings, Inc. - Common Stock",NASDAQ,United States
AEI,Alset Inc. - Common Stock,NASDAQ,United States
ALTG,Alta Equipment Group Inc. Class A Common Stock,NYSE,United States
ATHE,Alterity Therapeutics Limited - American Depositary Shares,NASDAQ,United States
ALT,"Altimmune, Inc. - Common Stock",NASDAQ,United States
ASPS,Altisource Portfolio Solutions S.A. - Common Stock,NASDAQ,United States
ALTO,"Alto Ingredients, Inc. - Common Stock",NASDAQ,United States
ANRO,"Alto Neuroscience, Inc. Common Stock",NYSE,United States
MO,"Altria Group, Inc.",NYSE,United States
ALMS,Alumis Inc. - Common Stock,NASDAQ,United States
ALUB,Alussa Energy Acquisition Corp. II Class A Ordinary Shares,NYSE,United States
ALVO,Alvotech - Ordinary Shares,NASDAQ,United States
ALZN,"Alzamend Neuro, Inc. - Common Stock",NASDAQ,United States
AMAL,Amalgamated Financial Corp. - Common Stock,NASDAQ,United States
AMAN,Amanat Acquisition Corp - Class A Ordinary Shares,NASDAQ,United States
AMRN,Amarin Corporation plc - American Depositary Shares,NASDAQ,United States
AMZE,"Amaze Holdings, Inc. Common Stock",NYSE MKT,United States
AMZN,"Amazon.com, Inc. - Common Stock",NASDAQ,United States
AMBA,"Ambarella, Inc. - Ordinary Shares",NASDAQ,United States
AMBR,Amber International Holding Limited - American Depositary Shares,NASDAQ,United States
ABEV,Ambev S.A. American Depositary Shares (Each representing 1 Common Share),NYSE,United States
AMBQ,"Ambiq Micro, Inc. Common Stock",NYSE,United States
AHMA,Ambitions Enterprise Management Co. L.L.C - Class A Ordinary Shares,NASDAQ,United States
AMBO,Ambow Education Holding Ltd. American Depository Shares (each representing twenty (20) Class A Ordinary Shares),NYSE MKT,United States
AMCR,Amcor plc Ordinary Shares,NYSE,United States
DOX,Amdocs Limited - Ordinary Shares,NASDAQ,United States
AMTM,"Amentum Holdings, Inc. Common Stock",NYSE,United States
AS,"Amer Sports, Inc. Ordinary Shares",NYSE,United States
AMTB,Amerant Bancorp Inc. Class A Common Stock,NYSE,United States
AEE,Ameren Corporation Common Stock,NYSE,United States
AMRC,"Ameresco, Inc. Class A Common Stock",NYSE,United States
ASRV,AmeriServ Financial Inc. - Common Stock,NASDAQ,United States
CRMT,"America's Car-Mart, Inc. - Common Stock",NASDAQ,United States
AAL,"American Airlines Group, Inc. - Common Stock",NASDAQ,United States
ABAT,American Battery Technology Company - Common Stock,NASDAQ,United States
ABTC,American Bitcoin Corp. - Class A Common Stock,NASDAQ,United States
ACIC,American Coastal Insurance Corporation - Common Stock,NASDAQ,United States
ADAC,American Drive Acquisition Company - Class A Ordinary Shares,NASDAQ,United States
AEO,"American Eagle Outfitters, Inc. Common Stock",NYSE,United States
AEP,"American Electric Power Company, Inc. - Common Stock",NASDAQ,United States
AEXA,American Exceptionalism Acquisition Corp. A Class A Ordinary Shares,NYSE,United States
AXP,American Express Company Common Stock,NYSE,United States
AFG,"American Financial Group, Inc. Common Stock",NYSE,United States
AHR,"American Healthcare REIT, Inc. Common Stock",NYSE,United States
AMH,American Homes 4 Rent Common Shares of Beneficial Interest,NYSE,United States
AII,"American Integrity Insurance Group, Inc. Common Stock",NYSE,United States
AIG,"American International Group, Inc. New Common Stock",NYSE,United States
AOUT,"American Outdoor Brands, Inc. - Common Stock",NASDAQ,United States
APEI,"American Public Education, Inc. - Common Stock",NASDAQ,United States
ARL,"American Realty Investors, Inc. Common Stock",NYSE,United States
AREC,American Resources Corporation - Class A Common Stock,NASDAQ,United States
ASBH,"American Savings Bank, N.A. Common Stock",NYSE,United States
AMS,American Shared Hospital Services Common Stock,NYSE MKT,United States
AWR,American States Water Company Common Stock,NYSE,United States
NYC,American Strategic Investment Co. Class A Common Stock,NYSE,United States
AMSC,American Superconductor Corporation - Common Stock,NASDAQ,United States
AMT,American Tower Corporation (REIT) Common Stock,NYSE,United States
AVD,American Vanguard Corporation Common Stock ($0.10 Par Value),NYSE,United States
AWK,"American Water Works Company, Inc. Common Stock",NYSE,United States
AMWL,American Well Corporation Class A Common Stock,NYSE,United States
USAS,"Americas Gold and Silver Corporation Common Shares, no par value",NYSE MKT,United States
AMP,"Ameriprise Financial, Inc. Common Stock",NYSE,United States
ABCB,Ameris Bancorp Common Stock,NYSE,United States
ATLO,Ames National Corporation - Common Stock,NASDAQ,United States
AMST,Amesite Inc. - Common Stock,NASDAQ,United States
AMGN,Amgen Inc. - Common Stock,NASDAQ,United States
AMKR,"Amkor Technology, Inc. - Common Stock",NASDAQ,United States
AMRX,"Amneal Pharmaceuticals, Inc. - Class A Common Stock",NASDAQ,United States
AP,Ampco-Pittsburgh Corporation Common Stock,NYSE,United States
APMC,AmperCap Acquisition Company - Ordinary Shares,NASDAQ,United States
AMPH,"Amphastar Pharmaceuticals, Inc. - Common Stock",NASDAQ,United States
APH,Amphenol Corporation Common Stock,NYSE,United States
AMPY,Amplify Energy Corp. Common Stock,NYSE,United States
AMPG,"Amplitech Group, Inc. - Common Stock",NASDAQ,United States
AMPL,"Amplitude, Inc. - Class A Common Stock",NASDAQ,United States
AMPX,"Amprius Technologies, Inc. Common Stock",NYSE,United States
AMRZ,Amrize Ltd Ordinary Shares,NYSE,United States
ASYS,"Amtech Systems, Inc. - Common Stock",NASDAQ,United States
AMLX,"Amylyx Pharmaceuticals, Inc. - Common Stock",NASDAQ,United States
ADI,"Analog Devices, Inc. - Common Stock",NASDAQ,United States
ANAB,"AnaptysBio, Inc. - Common Stock",NASDAQ,United States
AVXL,Anavex Life Sciences Corp. - Common Stock,NASDAQ,United States
NNNN,Anbio Biotechnology - Class A Ordinary Shares,NASDAQ,United States
ANDG,Andersen Group Inc. Class A Common Stock,NYSE,United States
POLE,Andretti Acquisition Corp. II - Class A Ordinary Shares,NASDAQ,United States
AEC,Anfield Energy Inc. - Common Shares,NASDAQ,United States
AOMR,"Angel Oak Mortgage REIT, Inc. Common Stock",NYSE,United States
ANGX,"Angel Studios, Inc. Class A Common Stock",NYSE,United States
ANGH,Anghami Inc. - Ordinary Shares,NASDAQ,United States
ANGI,Angi Inc. - Class A Common Stock,NASDAQ,United States
ANGO,"AngioDynamics, Inc. - Common Stock",NASDAQ,United States
AU,AngloGold Ashanti PLC Ordinary Shares,NYSE,United States
BUD,Anheuser-Busch Inbev SA Sponsored ADR (Belgium),NYSE,United States
ANIK,Anika Therapeutics Inc. - Common Stock,NASDAQ,United States
ANIX,"Anixa Biosciences, Inc. - Common Stock",NASDAQ,United States
NLY$F,Annaly Capital Management Inc 6.95% Series F,NYSE,United States
NLY,Annaly Capital Management Inc. Common Stock,NYSE,United States
ANNX,"Annexon, Inc. - common stock",NASDAQ,United States
ANVS,"Annovis Bio, Inc. Common Stock",NYSE,United States
ANTA,Antalpha Platform Holding Company - Class A Ordinary Shares,NASDAQ,United States
AEHL,Antelope Enterprise Holdings Limited - Class A Ordinary Shares,NASDAQ,United States
AVR,Anteris Technologies Global Corp. - Common Stock,NASDAQ,United States
ATEX,Anterix Inc. - Common Stock,NASDAQ,United States
AM,Antero Midstream Corporation Common Stock,NYSE,United States
AR,Antero Resources Corporation Common Stock,NYSE,United States
AON,Aon plc Class A Ordinary Shares (Ireland),NYSE,United States
AIV,Apartment Investment and Management Company Common Stock,NYSE,United States
APUR,Aperture AC - Class A Ordinary Shares,NASDAQ,United States
APXT,Apex Treasury Corporation - Class A Ordinary Share,NASDAQ,United States
APUS,"Apimeds Pharmaceuticals US, Inc. Common Stock",NYSE MKT,United States
APMD,"Apnimed, Inc. - Common Stock",NASDAQ,United States
AACP,Apogee Acquisition Corp - Class A Ordinary Shares,NASDAQ,United States
APOG,"Apogee Enterprises, Inc. - Common Stock",NASDAQ,United States
ARI,"Apollo Commercial Real Estate Finance, Inc",NYSE,United States
APO,"Apollo Global Management, Inc. (New) Common Stock",NYSE,United States
APLM,Apollomics Inc. - Class A Ordinary Shares,NASDAQ,United States
APPF,"AppFolio, Inc. - Class A Common Stock",NASDAQ,United States
APPN,Appian Corporation - Class A Common Stock,NASDAQ,United States
APLE,"Apple Hospitality REIT, Inc. Common Shares",NYSE,United States
AAPL,Apple Inc. - Common Stock,NASDAQ,United States
AADX,"Applied Aerospace & Defense, Inc. Common Stock",NYSE,United States
APLD,Applied Digital Corporation - Common Stock,NASDAQ,United States
AIT,"Applied Industrial Technologies, Inc. Common Stock",NYSE,United States
AMAT,"Applied Materials, Inc. - Common Stock",NASDAQ,United States
AAOI,"Applied Optoelectronics, Inc. - Common Stock",NASDAQ,United States
APP,Applovin Corporation - Class A Common Stock,NASDAQ,United States
APRE,"Aprea Therapeutics, Inc. - Common Stock",NASDAQ,United States
ATR,"AptarGroup, Inc. Common Stock",NYSE,United States
SEV,Aptera Motors Corp. - Class B Common Stock,NASDAQ,United States
APVO,Aptevo Therapeutics Inc. - Common Stock,NASDAQ,United States
APTV,Aptiv PLC Ordinary Shares,NYSE,United States
APYX,Apyx Medical Corporation - Common Stock,NASDAQ,United States
AQMS,"Aqua Metals, Inc. - Common Stock",NASDAQ,United States
AQB,"AquaBounty Technologies, Inc. - Common Stock",NASDAQ,United States
AQST,"Aquestive Therapeutics, Inc. - Common Stock",NASDAQ,United States
ARMK,Aramark Common Stock,NYSE,United States
ARBE,Arbe Robotics Ltd. - Ordinary Shares,NASDAQ,United States
ABUS,Arbutus Biopharma Corporation - Common Stock,NASDAQ,United States
ARCB,ArcBest Corporation - Common Stock,NASDAQ,United States
RKDA,"Arcadia Biosciences, Inc. - Common Stock",NASDAQ,United States
MT,Arcelor Mittal NY Registry Shares NEW,NYSE,United States
ACGL,Arch Capital Group Ltd. - Common Stock,NASDAQ,United States
ACHR,Archer Aviation Inc. Class A Common Stock,NYSE,United States
ADM,Archer-Daniels-Midland Company Common Stock,NYSE,United States
ATII,Archimedes Tech SPAC Partners II Co. - Ordinary Shares,NASDAQ,United States
ARCI,Archimedes Tech SPAC Partners III Co. - Ordinary Share,NASDAQ,United States
AROC,"Archrock, Inc. Common Stock",NYSE,United States
ARCO,Arcos Dorados Holdings Inc. Class A Shares,NYSE,United States
ACA,"Arcosa, Inc. Common Stock",NYSE,United States
ARCT,Arcturus Therapeutics Holdings Inc. - Common Stock,NASDAQ,United States
RCUS,"Arcus Biosciences, Inc. Common Stock",NYSE,United States
ARQT,"Arcutis Biotherapeutics, Inc. - Common stock",NASDAQ,United States
AMBP,Ardagh Metal Packaging S.A. Ordinary Shares,NYSE,United States
ARDX,"Ardelyx, Inc. - Common Stock",NASDAQ,United States
ARDT,"Ardent Health, Inc. Common Stock",NYSE,United States
ASC,Ardmore Shipping Corporation Common Stock,NYSE,United States
AAC,Ares Acquisition Corporation III Class A Ordinary Shares,NYSE,United States
ACRE,Ares Commercial Real Estate Corporation Common Stock,NYSE,United States
ARES,Ares Management Corporation Class A Common Stock,NYSE,United States
AGX,"Argan, Inc. Common Stock",NYSE,United States
ARBK,Argo Blockchain plc - American Depositary Shares,NASDAQ,United States
ARHS,"Arhaus, Inc. - Class A Common Stock",NASDAQ,United States
ARIS,Aris Mining Corporation Common Shares,NYSE,United States
ANET,"Arista Networks, Inc. Common Stock",NYSE,United States
ARKR,Ark Restaurants Corp. - Common Stock,NASDAQ,United States
ARLO,"Arlo Technologies, Inc. Common Stock",NYSE,United States
ARMH,Arm Holdings PLC ADRhedged,NYSE ARCA,United States
ARM,Arm Holdings plc - American Depositary Shares,NASDAQ,United States
XRPN,Armada Acquisition Corp. II - Class A Ordinary Shares,NASDAQ,United States
AACI,Armada Acquisition Corp. III - Class A Ordinary Share,NASDAQ,United States
ARMP,"Armata Pharmaceuticals, Inc. Common Stock",NYSE MKT,United States
BTOC,Armlogi Holding Corp. - common stock,NASDAQ,United States
AWI,Armstrong World Industries Inc Common Stock,NYSE,United States
ARQ,"Arq, Inc. - Common Stock",NASDAQ,United States
ARQQ,Arqit Quantum Inc. - Ordinary Shares,NASDAQ,United States
AD,"Array Digital Infrastructure, Inc. Common Shares",NYSE,United States
ARRY,"Array Technologies, Inc. - Common Stock",NASDAQ,United States
AVBP,"ArriVent BioPharma, Inc. - Common Stock",NASDAQ,United States
ARAI,Arrive AI Inc. - Common Stock,NASDAQ,United States
ARW,"Arrow Electronics, Inc. Common Stock",NYSE,United States
AROW,Arrow Financial Corporation - Common Stock,NASDAQ,United States
ARWR,"Arrowhead Pharmaceuticals, Inc. - Common Stock",NASDAQ,United States
ARTC,Art Technology Acquisition Corp. - Class A Ordinary Shares,NASDAQ,United States
ARTW,"Art's-Way Manufacturing Co., Inc. - Common Stock",NASDAQ,United States
ARTL,"Artelo Biosciences, Inc. - Common Stock",NASDAQ,United States
AIP,"Arteris, Inc.  - Common Stock",NASDAQ,United States
ARTNA,Artesian Resources Corporation - Class A Non-Voting Common Stock,NASDAQ,United States
AJG,Arthur J. Gallagher & Co. Common Stock,NYSE,United States
APAM,Artisan Partners Asset Management Inc. Class A Common Stock,NYSE,United States
ARTV,"Artiva Biotherapeutics, Inc. - Common Stock",NASDAQ,United States
AORT,"Artivion, Inc. Common Stock",NYSE,United States
ARVN,"Arvinas, Inc. - Common Stock",NASDAQ,United States
ARXS,"Arxis, Inc. - Class A Common Stock",NASDAQ,United States
ASAN,"Asana, Inc. Class A Common Stock",NYSE,United States
ABG,Asbury Automotive Group Inc Common Stock,NYSE,United States
ASND,Ascendis Pharma A/S - Ordinary Share,NASDAQ,United States
ACNT,Ascent Industries Co. - Common Stock,NASDAQ,United States
ASTI,"Ascent Solar Technologies, Inc - Common Stock",NASDAQ,United States
AAPG,Ascentage Pharma Group International - American Depository Shares,NASDAQ,United States
ASH,Ashland Inc. Common Stock,NYSE,United States
APWC,"Asia Pacific Wire & Cable Corporation Limited  - Common shares, Par value .01 per share",NASDAQ,United States
SORA,AsiaStrategy - Ordinary Shares,NASDAQ,United States
ASPN,"Aspen Aerogels, Inc. Common Stock",NYSE,United States
ASBP,"Aspire-Lakewood Holdings, Inc. - Common Stock",NASDAQ,United States
ASMB,"Assembly Biosciences, Inc. - Common Stock",NASDAQ,United States
ASB,Associated Banc-Corp Common Stock,NYSE,United States
AIZ,"Assurant, Inc. Common Stock",NYSE,United States
AGO,Assured Guaranty Ltd. Common Stock,NYSE,United States
ASTE,"Astec Industries, Inc. - Common Stock",NASDAQ,United States
ALAB,"Astera Labs, Inc. - Common Stock",NASDAQ,United States
AZN,AstraZeneca PLC Ordinary Shares,NYSE,United States
ASTH,Astrana Health Inc. - Common Stock,NASDAQ,United States
ATRO,Astronics Corporation - Common Stock,NASDAQ,United States
ASTC,Astrotech Corporation - Common Stock,NASDAQ,United States
ASUR,Asure Software Inc - Common Stock,NASDAQ,United States
ATRA,"Atara Biotherapeutics, Inc. - Common Stock",NASDAQ,United States
AVIR,"Atea Pharmaceuticals, Inc. - common stock",NASDAQ,United States
ASIC,Ategrity Specialty Insurance Company Holdings Common Stock,NYSE,United States
ATER,"Aterian, Inc. - Common Stock",NASDAQ,United States
ATKR,Atkore Inc. Common Stock,NYSE,United States
BATRA,"Atlanta Braves Holdings, Inc. - Series A Common Stock",NASDAQ,United States
BATRK,"Atlanta Braves Holdings, Inc. - Series C Common Stock",NASDAQ,United States
AAME,Atlantic American Corporation - Common Stock,NASDAQ,United States
AUB,Atlantic Union Bankshares Corporation Common Stock,NYSE,United States
ATLC,Atlanticus Holdings Corporation - Common Stock,NASDAQ,United States
ATCX,Atlas Critical Minerals Corporation - Common Stock,NASDAQ,United States
AESI,Atlas Energy Solutions Inc. Common Stock,NYSE,United States
ATLX,Atlas Lithium Corporation - Common Stock,NASDAQ,United States
ATTT,Atlas Trinity Tech Limited - Ordinary Shares,NASDAQ,United States
ATCH,"AtlasClear Holdings, Inc. Common Stock",NYSE MKT,United States
TEAM,Atlassian Corporation  - Class A Common Stock,NASDAQ,United States
ATO,Atmos Energy Corporation Common Stock,NYSE,United States
ATMU,Atmus Filtration Technologies Inc. Common Stock,NYSE,United States
ATOM,Atomera Incorporated - Common Stock,NASDAQ,United States
ATOS,"Atossa Therapeutics, Inc. - Common Stock",NASDAQ,United States
ATAT,Atour Lifestyle Holdings Limited - American Depositary Shares,NASDAQ,United States
ATRC,"AtriCure, Inc. - Common Stock",NASDAQ,United States
RNA,"Atrium Therapeutics, Inc. - Common Stock",NASDAQ,United States
ATTO,"Attovia Therapeutics, Inc. - Common Stock",NASDAQ,United States
AUBN,"Auburn National Bancorporation, Inc. - Common Stock",NASDAQ,United States
AUUD,Auddia Inc. - Common Stock,NASDAQ,United States
AUDC,AudioCodes Ltd. - Ordinary Shares,NASDAQ,United States
AEYE,"AudioEye, Inc. - Common Stock",NASDAQ,United States
AUNA,Auna SA Class A Ordinary Shares,NYSE,United States
AURA,"Aura Biosciences, Inc. - Common Stock",NASDAQ,United States
AUGO,Aura Minerals Inc. - Common Shares,NASDAQ,United States
AURE,Aurelion Inc.  - Class A Ordinary Shares,NASDAQ,United States
PUSA,Aureus Greenway Holdings Inc. - Common Stock,NASDAQ,United States
AUPH,Aurinia Pharmaceuticals Inc - Common Shares,NASDAQ,United States
ACB,Aurora Cannabis Inc. - Common Shares,NASDAQ,United States
AUR,"Aurora Innovation, Inc.  - Class A Common Stock",NASDAQ,United States
JG,Aurora Mobile Limited - American Depositary Shares,NASDAQ,United States
AUST,Austin Gold Corp. Common Shares,NYSE MKT,United States
COOT,Australian Oilseeds Holdings Limited - Ordinary Shares,NASDAQ,United States
AN,"AutoNation, Inc. Common Stock",NYSE,United States
AZO,"AutoZone, Inc. Common Stock",NYSE,United States
ADSK,"Autodesk, Inc. - Common Stock",NASDAQ,United States
ATHM,"Autohome Inc. American Depositary Shares, each representing four class A ordinary shares.",NYSE,United States
ALV,"Autoliv, Inc. Common Stock",NYSE,United States
AUTL,Autolus Therapeutics plc - American Depositary Shares,NASDAQ,United States
ADP,"Automatic Data Processing, Inc. - Common Stock",NASDAQ,United States
AMIX,"Autonomix Medical, Inc. - Common Stock",NASDAQ,United States
AZI,Autozi Internet Technology (Global) Ltd. - Class A Ordinary Shares,NASDAQ,United States
AVAT,Avalanche Treasury Corporation - Class A Common Stock,NASDAQ,United States
AVTX,"Avalo Therapeutics, Inc. - Common Stock",NASDAQ,United States
AWX,Avalon Holdings Corporation Common Stock,NYSE MKT,United States
AVLN,Avalyn Pharma Inc. - common stock,NASDAQ,United States
AVTR,"Avantor, Inc. Common Stock",NYSE,United States
AVX,Avax One Technology Ltd. - Common Shares,NASDAQ,United States
AVPT,"AvePoint, Inc. - Class A Common Stock",NASDAQ,United States
AVAH,Aveanna Healthcare Holdings Inc. - Common Stock,NASDAQ,United States
ACAA,Averin Capital Acquisition Corp. - Class A Ordinary Shares,NASDAQ,United States
AVY,Avery Dennison Corporation Common Stock,NYSE,United States
AVNW,"Aviat Networks, Inc. - Common Stock",NASDAQ,United States
AVBH,"Avidbank Holdings, Inc. - Common Stock",NASDAQ,United States
AVBC,"Avidia Bancorp, Inc. Common Stock",NYSE,United States
AVNT,Avient Corporation Common Stock,NYSE,United States
ASM,Avino Silver & Gold Mines Ltd. Common Shares (Canada),NYSE MKT,United States
CAR,"Avis Budget Group, Inc. - Common Stock",NASDAQ,United States
AVA,Avista Corporation Common Stock,NYSE,United States
RCEL,"Avita Medical, Inc. - Common Stock",NASDAQ,United States
AVT,"Avnet, Inc. - Common Stock",NASDAQ,United States
AWRE,"Aware, Inc. - Common Stock",NASDAQ,United States
AXTA,Axalta Coating Systems Ltd. Common Shares,NYSE,United States
ACLS,"Axcelis Technologies, Inc. - Common Stock",NASDAQ,United States
AGPU,Axe Compute Inc. - Common Stock,NASDAQ,United States
AXIN,Axiom Intelligence Acquisition Corp 1 - Class A Ordinary Shares,NASDAQ,United States
AXS,Axis Capital Holdings Limited Common Stock,NYSE,United States
AXGN,"Axogen, Inc. - Common Stock",NASDAQ,United States
AXON,"Axon Enterprise, Inc. - Common Stock",NASDAQ,United States
AX,"Axos Financial, Inc. Common Stock",NYSE,United States
AXSM,"Axsome Therapeutics, Inc. - Common Stock",NASDAQ,United States
AYA,Aya Gold & Silver Inc. - Common Shares,NASDAQ,United States
AYTU,"Aytu BioPharma, Inc.  - Common Stock",NASDAQ,United States
AZTA,"Azenta, Inc. - Common Stock",NASDAQ,United States
AZIO,"Azio AI Holdings, Inc. - Common stock",NASDAQ,United States
AZTR,Azitra Inc Common Stock,NYSE MKT,United States
AZUL,"Azul S.A. American Depositary Shares, each representing two (2) Common Shares",NYSE,United States
BGS,"B&G Foods, Inc. Common Stock",NYSE,United States
BRTM,B&R Technology Merger Corp. - Class A Ordinary Shares,NASDAQ,United States
BOSC,B.O.S. Better Online Solutions - Ordinary Shares,NASDAQ,United States
BTG,B2Gold Corp Common shares (Canada),NYSE MKT,United States
BARK,"BARK, Inc. Class A Common Stock",NYSE,United States
ZTEST,BATS BZX Exchange Common Stock (test issue),BATS,United States
ZBZX,BATS BZX Exchange test issue,BATS,United States
TBBB,BBB Foods Inc. Class A Common Shares,NYSE,United States
BCBP,"BCB Bancorp, Inc. (NJ) - Common Stock",NASDAQ,United States
BCE,"BCE, Inc. Common Stock",NYSE,United States
BSAA,BEST SPAC I Acquisition Corp. - Class A Ordinary Shares,NASDAQ,United States
BGC,"BGC Group, Inc. - Class A Common Stock",NASDAQ,United States
BGM,BGM Group Ltd. - Class A Ordinary Shares,NASDAQ,United States
BGSF,"BGSF, Inc. Common Stock",NYSE,United States
BHAV,BHAV Acquisition Corp - Class A Ordinary Shares,NASDAQ,United States
BHP,BHP Group Limited American Depositary Shares (Each representing two Ordinary Shares),NYSE,United States
BILL,"BILL Holdings, Inc. Common Stock",NYSE,United States
BKYI,"BIO-key International, Inc. - Common Stock",NASDAQ,United States
BJRI,"BJ's Restaurants, Inc. - Common Stock",NASDAQ,United States
BJ,"BJ's Wholesale Club Holdings, Inc. Common Stock",NYSE,United States
BKTI,BK Technologies Corporation Common Stock,NYSE MKT,United States
BKV,BKV Corporation Common Stock,NYSE,United States
LEO,"BNY Mellon Strategic Municipals, Inc. Common Stock",NYSE,United States
THEO,BOA Acquisition Corp. II - Class A Ordinary Shares,NASDAQ,United States
BOKF,BOK Financial Corporation - Common Stock,NASDAQ,United States
BXBL,"BOXABL, Inc.  - Common stock",NASDAQ,United States
BP,BP p.l.c. Common Stock,NYSE,United States
BPH,BP plc ADRhedged,NYSE ARCA,United States
BRBI,BRBI BR Partners S.A. - ADSs,NASDAQ,United States
RILY,"BRC Group Holdings, Inc. - Common Stock",NASDAQ,United States
BRCC,BRC Inc. Class A Common Stock,NYSE,United States
DOO,BRP Inc. - Common Subordinate Voting Shares,NASDAQ,United States
BRT,BRT Apartments Corp. (MD) Common Stock,NYSE,United States
BTBD,"BT Brands, Inc. - Common Stock",NASDAQ,United States
BDCI,BTC Development Corp. - Class A Ordinary Shares,NASDAQ,United States
BTCT,BTC Digital Ltd. - Ordinary Shares,NASDAQ,United States
BTCS,BTCS Inc. - Common Stock,NASDAQ,United States
BTQ,BTQ Technologies Corp. - Common Stock,NASDAQ,United States
BUUU,BUUU Group Limited - Class A Ordinary Share,NASDAQ,United States
BVFL,"BV Financial, Inc. - Common Stock",NASDAQ,United States
BWLP,BW LPG Limited Common Shares,NYSE,United States
BWXT,"BWX Technologies, Inc. Common Stock",NYSE,United States
BXP,"BXP, Inc. Common Stock",NYSE,United States
BW,"Babcock & Wilcox Enterprises, Inc. Common Stock",NYSE,United States
BLZE,"Backblaze, Inc. - Common Stock",NASDAQ,United States
BMI,"Badger Meter, Inc. Common Stock",NYSE,United States
BIDU,"Baidu, Inc. - American Depositary Shares, each representing 8 ordinary share",NASDAQ,United States
BCSS,Bain Capital GSS Investment Corp. Class A Ordinary Shares,NYSE,United States
BCSF,"Bain Capital Specialty Finance, Inc. Common Stock",NYSE,United States
BDMD,Baird Medical Investment Holdings Ltd - Ordinary Share,NASDAQ,United States
BIYA,Baiya International Group Inc.  - Ordinary Shares,NASDAQ,United States
BKR,Baker Hughes Company - Common Stock,NASDAQ,United States
BKKT,"Bakkt, Inc. Class A Common Stock",NYSE,United States
BCPC,Balchem Corporation - Common Stock,NASDAQ,United States
BALL,Ball Corporation Common Stock,NYSE,United States
BLDP,"Ballard Power Systems, Inc. - Common Shares",NASDAQ,United States
BALY,Bally's Corporation Common Stock,NYSE,United States
BANC,"Banc of California, Inc. Common Stock",NYSE,United States
BANF,BancFirst Corporation - Common Stock,NASDAQ,United States
BBAR,Banco BBVA Argentina S.A. ADS,NYSE,United States
BBVA,Banco Bilbao Vizcaya Argentaria S.A. Common Stock,NYSE,United States
BBD,Banco Bradesco Sa American Depositary Shares,NYSE,United States
BBDO,Banco Bradesco Sa American Depositary Shares (each representing one Common Share),NYSE,United States
BCH,Banco De Chile ADS,NYSE,United States
BMA,Banco Macro S.A.  ADR (representing Ten Class B Common Shares),NYSE,United States
BSAC,Banco Santander - Chile ADS,NYSE,United States
SAN,"Banco Santander, S.A. Sponsored ADR (Spain)",NYSE,United States
BAND,Bandwidth Inc. - Class A Common Stock,NASDAQ,United States
BFC,Bank First Corporation - Common Stock,NASDAQ,United States
BNS,Bank Nova Scotia Halifax Pfd 3 Ordinary Shares,NYSE,United States
OZK,Bank OZK - Common Stock,NASDAQ,United States
BMO,Bank Of Montreal Common Stock,NYSE,United States
BAC,Bank of America Corporation Common Stock,NYSE,United States
BAC$E,Bank of America Corporation Depositary Sh repstg 1/1000th Perp Pfd Ser E,NYSE,United States
BAC$L,Bank of America Corporation Non Cumulative Perpetual Conv Pfd Ser L,NYSE,United States
BOH,Bank of Hawaii Corporation Common Stock,NYSE,United States
BMRC,Bank of Marin Bancorp - Common Stock,NASDAQ,United States
NTB,Bank of N.T. Butterfield & Son Limited (The) Voting Ordinary Shares,NYSE,United States
BOTJ,"Bank of the James Financial Group, Inc. - Common Stock",NASDAQ,United States
BSVN,Bank7 Corp. - Common stock,NASDAQ,United States
BWFG,"Bankwell Financial Group, Inc. - Common Stock",NASDAQ,United States
BANR,Banner Corporation - Common Stock,NASDAQ,United States
PARA,"Banzai International, Inc. - Class A Common Stock",NASDAQ,United States
BAOS,Baosheng Media Group Holdings Limited - Ordinary shares,NASDAQ,United States
BZUN,Baozun Inc. - American Depositary Shares,NASDAQ,United States
BHB,"Bar Harbor Bankshares, Inc. Common Stock",NYSE MKT,United States
BCS,Barclays PLC Common Stock,NYSE,United States
BRFH,Barfresh Food Group Inc. - Common Stock,NASDAQ,United States
BBDC,"Barings BDC, Inc. Common Stock",NYSE,United States
MCI,Barings Corporate Investors Common Stock,NYSE,United States
MPV,Barings Participation Investors Common Stock,NYSE,United States
BNED,"Barnes & Noble Education, Inc Common Stock",NYSE,United States
BRN,"Barnwell Industries, Inc. Common Stock",NYSE MKT,United States
BBSI,"Barrett Business Services, Inc. - Common Stock",NASDAQ,United States
B,Barrick Mining Corporation Common Shares,NYSE,United States
BMGL,Basel Medical Group Ltd - ordinary shares,NASDAQ,United States
BSET,"Bassett Furniture Industries, Incorporated - Common Stock",NASDAQ,United States
BBWI,"Bath & Body Works, Inc.",NYSE,United States
BATL,Battalion Oil Corporation Common Stock,NYSE MKT,United States
BLCO,Bausch + Lomb Corporation Common Shares,NYSE,United States
BHC,Bausch Health Companies Inc. Common Stock,NYSE,United States
BAX,Baxter International Inc. Common Stock,NYSE,United States
BCML,BayCom Corp - Common Stock,NASDAQ,United States
BAFN,BayFirst Financial Corp. - Common Stock,NASDAQ,United States
BTE,Baytex Energy Corp Common Shares,NYSE,United States
BLIV,BeLive Holdings - ordinary shares,NASDAQ,United States
ONC,BeOne Medicines Ltd. - American Depositary Shares,NASDAQ,United States
BBT,Beacon Financial Corporation Common stock,NYSE,United States
BEEM,Beam Global - Common Stock,NASDAQ,United States
BEAM,Beam Therapeutics Inc. - Common Stock,NASDAQ,United States
BMR,Beamr Imaging Ltd. - Ordinary Share,NASDAQ,United States
BBGI,"Beasley Broadcast Group, Inc. - Class A Common Stock",NASDAQ,United States
BZH,"Beazer Homes USA, Inc. Common Stock",NYSE,United States
BDX,"Becton, Dickinson and Company Common Stock",NYSE,United States
BLNE,"Beeline Holdings, Inc. - Common Stock",NASDAQ,United States
BELFA,Bel Fuse Inc. - Class A Common Stock,NASDAQ,United States
BELFB,Bel Fuse Inc. - Class B Common Stock,NASDAQ,United States
BDC,Belden Inc Common Stock,NYSE,United States
BLTE,"Belite Bio, Inc - American Depositary Shares",NASDAQ,United States
BRBR,"BellRing Brands, Inc. Common Stock",NYSE,United States
BHE,"Benchmark Electronics, Inc. Common Stock",NYSE,United States
BSP,Bending Spoons S.p.A. - Ordinary Shares,NASDAQ,United States
BENF,Beneficient - Class A Common Stock,NASDAQ,United States
BNTC,Benitec Biopharma Inc. - Common Stock,NASDAQ,United States
BSY,"Bentley Systems, Incorporated - Class B Common Stock",NASDAQ,United States
BRK.A,Berkshire Hathaway Inc. Common Stock,NYSE,United States
BRK.B,Berkshire Hathaway Inc. New Common Stock,NYSE,United States
TACO,Berto Acquisition Corp. - Ordinary Shares,NASDAQ,United States
GUAC,Berto Acquisition Corp. II - Ordinary Shares,NASDAQ,United States
BBY,"Best Buy Co., Inc. Common Stock",NYSE,United States
BBNX,"Beta Bionics, Inc. - Common Stock",NASDAQ,United States
BETA,"Beta Technologies, Inc. Class A Common Stock",NYSE,United States
BETR,Better Home & Finance Holding Company - Class A Common Stock,NASDAQ,United States
BWMX,"Betterware de Mexico, S.A.P.I. de C.V. Ordinary Shares",NYSE,United States
XAIR,"Beyond Air, Inc. - Common Stock",NASDAQ,United States
BYND,"Beyond Meat, Inc. - Common stock",NASDAQ,United States
BYSI,"BeyondSpring, Inc. - Ordinary Shares",NASDAQ,United States
BGIN,Bgin Blockchain Limited - Class A Ordinary Shares,NASDAQ,United States
BCAX,Bicara Therapeutics Inc. - Common Stock,NASDAQ,United States
BCYC,Bicycle Therapeutics plc - American Depositary Shares,NASDAQ,United States
BGDE,"Big Digital Energy, Inc. - Common Stock",NASDAQ,United States
BSIN,Big Sky Industrial Inc. - Common Stock,NASDAQ,United States
DSY,Big Tree Cloud Holdings Limited - Class A Ordinary Shares,NASDAQ,United States
BBAI,"BigBear.ai, Inc. Common Stock",NYSE,United States
BH.A,Biglari Holdings Inc. Class A Common Stock,NYSE,United States
BH,Biglari Holdings Inc. Class B Common Stock,NYSE,United States
BILI,Bilibili Inc. - American Depositary Shares,NASDAQ,United States
BLLN,"BillionToOne, Inc. - Class A common stock",NASDAQ,United States
BESS,Bimergen Energy Corporation Common Stock,NYSE MKT,United States
BCG,"Binah Capital Group, Inc. - Common Stock",NASDAQ,United States
FLX,BingEx Limited - American Depositary Shares,NASDAQ,United States
BGMS,"Bio Green Med Solution, Inc. - Common Stock",NASDAQ,United States
BIO,"Bio-Rad Laboratories, Inc. Class A Common Stock",NYSE,United States
BIO.B,"Bio-Rad Laboratories, Inc. Class B  Common Stock",NYSE,United States
TECH,Bio-Techne Corp - Common Stock,NASDAQ,United States
BIOA,"BioAge Labs, Inc. - Common Stock",NASDAQ,United States
BCDA,"BioCardia, Inc. - Common Stock",NASDAQ,United States
BCRX,"BioCryst Pharmaceuticals, Inc. - Common Stock",NASDAQ,United States
BHST,BioHarvest Sciences Inc. - Common Stock,NASDAQ,United States
BLFS,"BioLife Solutions, Inc. - Common Stock",NASDAQ,United States
BLRX,BioLineRx Ltd. - American Depositary Shares,NASDAQ,United States
BMRN,BioMarin Pharmaceutical Inc. - Common Stock,NASDAQ,United States
BNTX,BioNTech SE - American Depositary Shares,NASDAQ,United States
BGLC,BioNexus Gene Lab Corp - Common stock,NASDAQ,United States
BRTX,"BioRestorative Therapies, Inc. - Common Stock",NASDAQ,United States
BSEM,"BioStem Technologies, Inc. - Common Stock",NASDAQ,United States
BIVI,BioVie Inc. - Common stock,NASDAQ,United States
BIOX,Bioceres Crop Solutions Corp. - Ordinary Shares,NASDAQ,United States
BDSX,"Biodesix, Inc. - Common Stock",NASDAQ,United States
BDRX,Biodexa Pharmaceuticals plc - American Depositary Shares,NASDAQ,United States
BFRI,Biofrontera Inc. - Common Stock,NASDAQ,United States
BIIB,Biogen Inc. - Common Stock,NASDAQ,United States
BHVN,Biohaven Ltd. Common Shares,NYSE,United States
BMEA,"Biomea Fusion, Inc. - Common Stock",NASDAQ,United States
BMRA,"Biomerica, Inc. - Common Stock",NASDAQ,United States
BNGO,"Bionano Genomics, Inc. - Common Stock",NASDAQ,United States
BTMD,Biote Corp. - Class A common stock,NASDAQ,United States
BVS,Bioventus Inc. - Class A Common Stock,NASDAQ,United States
BCHT,Birchtech Corp. Common Stock,NYSE MKT,United States
BIRK,Birkenstock Holding plc Ordinary Shares,NYSE,United States
BTBT,"Bit Digital, Inc. - Ordinary Share",NASDAQ,United States
FUFU,BitFuFu Inc. - Class A Ordinary Shares,NASDAQ,United States
BTGO,"BitGo Holdings, Inc. Class A Common Stock",NYSE,United States
BMNR,"BitMine Immersion Technologies, Inc. Common Stock",NYSE,United States
BVC,BitVentures Limited - Ordinary Share,NASDAQ,United States
BIXI,Bitcoin Infrastructure Acquisition Corp Ltd. - Class A Ordinary Shares,NASDAQ,United States
BTDR,Bitdeer Technologies Group - Ordinary Shares,NASDAQ,United States
AIBZ,Bitzero Holdings Inc. - Common Shares,NASDAQ,United States
BDTX,"Black Diamond Therapeutics, Inc. - Common Stock",NASDAQ,United States
BKHA,Black Hawk Acquisition Corporation - Class A Ordinary Shares,NASDAQ,United States
BKH,Black Hills Corporation Common Stock,NYSE,United States
BRCB,"Black Rock Coffee Bar, Inc. - Class A Common Stock",NASDAQ,United States
BIII,Black Spade Acquisition III Co Class A Ordinary Shares,NYSE,United States
BTTC,Black Titan Corp - Ordinary Shares,NASDAQ,United States
BB,BlackBerry Limited Common Stock,NYSE,United States
BL,"BlackLine, Inc. - Common Stock",NASDAQ,United States
BCX,BlackRock Resources Common Shares of Beneficial Interest,NYSE,United States
BLK,"BlackRock, Inc. Common Stock",NYSE,United States
BKSY,BlackSky Technology Inc. Class A Common Stock,NYSE,United States
BLKB,"Blackbaud, Inc. - Common Stock",NASDAQ,United States
BX,Blackstone Inc. Common Stock,NYSE,United States
BLX,"Bladex, Inc. Class E Common Stock",NYSE,United States
BZAI,"Blaize Holdings, Inc. - Common Stock",NASDAQ,United States
BCCQ,Bleichroeder Acquisition Corp. III - Class A Ordinary Shares,NASDAQ,United States
BLND,"Blend Labs, Inc. Class A Common Stock",NYSE,United States
BLNK,Blink Charging Co. - Common Stock,NASDAQ,United States
XYZ,"Block, Inc. Class A Common Stock,",NYSE,United States
BE,Bloom Energy Corporation Class A Common Stock,NYSE,United States
TULP,"Bloomia Holdings, Inc. - Common Stock",NASDAQ,United States
BLMN,"Bloomin' Brands, Inc. - Common Stock",NASDAQ,United States
BLSM,"BlossomHill Therapeutics, Inc. - Common Stock",NASDAQ,United States
BACC,Blue Acquisition Corp. - Class A Ordinary Shares,NASDAQ,United States
BLBD,Blue Bird Corporation - Common Stock,NASDAQ,United States
BGL,Blue Gold Limited - Class A ordinary shares,NASDAQ,United States
BMM,Blue Moon Metals Inc. - Common Shares,NASDAQ,United States
OBDC,Blue Owl Capital Corporation Common Stock,NYSE,United States
OWL,Blue Owl Capital Inc. Class A Common Stock,NYSE,United States
OTF,Blue Owl Technology Finance Corp. Common Stock,NYSE,United States
BRBS,"Blue Ridge Bankshares, Inc. Common Stock",NYSE MKT,United States
BLUW,Blue Water Acquisition Corp. III - Class A Ordinary Shares,NASDAQ,United States
BWIV,Blue Water Acquisition Corp. IV Class A Ordinary Shares,NYSE,United States
BJDX,"Bluejay Diagnostics, Inc. - Common Stock",NASDAQ,United States
BXC,Bluelinx Holdings Inc. Common Stock,NYSE,United States
BMHL,Bluemount Holdings Limited - Class B Ordinary Shares,NASDAQ,United States
BPAC,Blueport Acquisition Ltd - Class A Ordinary Shares,NASDAQ,United States
BLRK,Bluerock Acquisition Corp. - Class A Ordinary Shares,NASDAQ,United States
BOBS,"Bob's Discount Furniture, Inc. Common Stock",NYSE,United States
BA,Boeing Company (The) Common Stock,NYSE,United States
BSBK,Bogota Financial Corp. - Common Stock,NASDAQ,United States
BCC,"Boise Cascade, L.L.C. Common Stock",NYSE,United States
BEAG,Bold Eagle Acquisition Corp. - Class A Ordinary Shares,NASDAQ,United States
BOLT,"Bolt Biotherapeutics, Inc. - Common Stock",NASDAQ,United States
BON,Bon Natural Life Limited - Class A Ordinary Shares,NASDAQ,United States
BBLG,Bone Biologics Corp - Common Stock,NASDAQ,United States
BNKK,"Bonk, Inc. - Common Stock",NASDAQ,United States
BKNG,Booking Holdings Inc. - Common Stock,NASDAQ,United States
BRUN,Boost Run Inc. - Class A Common Stock,NASDAQ,United States
BOOT,"Boot Barn Holdings, Inc. Common Stock",NYSE,United States
BAH,Booz Allen Hamilton Holding Corporation Common Stock,NYSE,United States
BQ,Boqii Holding Limited Class A Ordinary Shares,NYSE MKT,United States
BRLS,Borealis Foods Inc. - Class A Common Shares,NASDAQ,United States
BWA,BorgWarner Inc. Common Stock,NYSE,United States
BORR,Borr Drilling Limited Common Shares,NYSE,United States
SAM,"Boston Beer Company, Inc. (The) Common Stock",NYSE,United States
BOC,Boston Omaha Corporation Class A Common Stock,NYSE,United States
BSX,Boston Scientific Corporation Common Stock,NYSE,United States
BOLD,"Boundless Bio, Inc. - Common Stock",NASDAQ,United States
BOW,Bowhead Specialty Holdings Inc. Common Stock,NYSE,United States
BWMN,Bowman Consulting Group Ltd. - Common Stock,NASDAQ,United States
BOX,"Box, Inc. Class A Common Stock",NYSE,United States
BOXL,Boxlight Corporation - Class A Common Stock,NASDAQ,United States
BYD,Boyd Gaming Corporation Common Stock,NYSE,United States
BGSI,Boyd Group Services Inc. Common Shares,NYSE,United States
BRC,Brady Corporation Common Stock,NYSE,United States
BHR,Braemar Hotels & Resorts Inc. Common Stock,NYSE,United States
BRAG,Bragg Gaming Group Inc. - Common Shares,NASDAQ,United States
BRAI,Braiin Limited - Common Stock,NASDAQ,United States
BWAY,BrainsWay Ltd. - American Depositary Shares,NASDAQ,United States
BOF,BranchOut Food Inc. - Common Stock,NASDAQ,United States
BNAI,Brand Engagement Network Inc. - Common Stock,NASDAQ,United States
LND,Brasilagro Brazilian Agric Real Estate Co Sponsored ADR (Brazil),NYSE,United States
BAK,Braskem SA ADR,NYSE,United States
BRVE,"Braveheart Bio, Inc. - Common Stock",NASDAQ,United States
BRZE,"Braze, Inc. - Class A Common Stock",NASDAQ,United States
GRO,Brazil Potash Corp. Common Shares,NYSE MKT,United States
BFH,"Bread Financial Holdings, Inc. Common Stock",NYSE,United States
BREZ,Breeze Acquisition Corp. II - Ordinary Shares,NASDAQ,United States
BRNX,BrenX Ltd. - Ordinary Shares,NASDAQ,United States
SLMT,Brera Holdings PLC - Class B Ordinary Shares,NASDAQ,United States
BCTX,BriaCell Therapeutics Corp. - Common Shares,NASDAQ,United States
BBOT,"BridgeBio Oncology Therapeutics, Inc. - Common Stock",NASDAQ,United States
BBIO,"BridgeBio Pharma, Inc. - Common Stock",NASDAQ,United States
BLIN,"Bridgeline Digital, Inc. - Common Stock",NASDAQ,United States
BAER,"Bridger Aerospace Group Holdings, Inc. - Common Stock",NASDAQ,United States
BWB,"Bridgewater Bancshares, Inc. - Common Stock",NASDAQ,United States
BRID,Bridgford Foods Corporation - Common Stock,NASDAQ,United States
BRIA,BrilliA Inc Class A Ordinary Shares,NYSE MKT,United States
BRLT,"Brilliant Earth Group, Inc. - Class A Common Stock",NASDAQ,United States
EAT,"Brinker International, Inc. Common Stock",NYSE,United States
BCO,Brinks Company (The) Common Stock,NYSE,United States
BMY,Bristol-Myers Squibb Company Common Stock,NYSE,United States
VTOL,"Bristow Group, Inc. Common Stock",NYSE,United States
BTI,"British American Tobacco  Industries, p.l.c. Common Stock ADR",NYSE,United States
BRX,Brixmor Property Group Inc. Common Stock,NYSE,United States
AVGO,Broadcom Inc. - Common Stock,NASDAQ,United States
BR,"Broadridge Financial Solutions, Inc. Common Stock",NYSE,United States
BNL,"Broadstone Net Lease, Inc. Common Stock",NYSE,United States
BYFC,Broadway Financial Corporation - Class A Common Stock,NASDAQ,United States
BWEN,"Broadwind, Inc. - Common Stock",NASDAQ,United States
BKD,Brookdale Senior Living Inc. Common Stock,NYSE,United States
BAM,Brookfield Asset Management Inc Class A Limited Voting Shares,NYSE,United States
BBUC,Brookfield Business Corporation Class A Subordinate Voting Shares,NYSE,United States
BN,Brookfield Corporation Class A Limited Voting Shares,NYSE,United States
BIPC,Brookfield Infrastructure Corporation Brookfield Infrastructure Corporation,NYSE,United States
BEPC,Brookfield Renewable Corporation Brookfield Renewable Corporation Class A Subordinate Voting Shares,NYSE,United States
BNT,Brookfield Wealth Solutions Ltd. Class A Exchangeable Limited Voting Shares,NYSE,United States
BRO,"Brown & Brown, Inc. Common Stock",NYSE,United States
BF.A,Brown Forman Inc Class A Common Stock,NYSE,United States
BF.B,Brown Forman Inc Class B Common Stock,NYSE,United States
BRKR,Bruker Corporation - Common Stock,NASDAQ,United States
BC,Brunswick Corporation Common Stock,NYSE,United States
BKE,"Buckle, Inc. (The) Common Stock",NYSE,United States
BUDA,"Buda Juice, Inc. Common Stock",NYSE MKT,United States
BVN,Buenaventura Mining Company Inc.,NYSE,United States
BBW,"Build-A-Bear Workshop, Inc. Common Stock",NYSE,United States
BLDR,"Builders FirstSource, Inc. Common Stock",NYSE,United States
BFRG,"Bullfrog AI Holdings, Inc. - Common Stock",NASDAQ,United States
BLSH,Bullish Ordinary Shares,NYSE,United States
BMBL,Bumble Inc. - common stock,NASDAQ,United States
BG,Bunge Limited Common Shares,NYSE,United States
BUR,Burford Capital Limited Ordinary Shares,NYSE,United States
BHRB,Burke & Herbert Financial Services Corp. - Common Stock,NASDAQ,United States
BURL,"Burlington Stores, Inc. Common Stock",NYSE,United States
BNR,Burning Rock Biotech Limited - American Depositary Shares,NASDAQ,United States
BRKH,Burtech Acquisition Corp II - Class A Ordinary Shares,NASDAQ,United States
BFST,"Business First Bancshares, Inc. - Common Stock",NASDAQ,United States
BFLY,"Butterfly Network, Inc. Class A Common Stock",NYSE,United States
BZFD,"BuzzFeed, Inc. - Class A Common Stock",NASDAQ,United States
BY,"Byline Bancorp, Inc. Common Stock",NYSE,United States
BYRN,"Byrna Technologies, Inc. - Common Stock",NASDAQ,United States
CFFI,C&F Financial Corporation - Common Stock,NASDAQ,United States
CHRW,"C.H. Robinson Worldwide, Inc. - Common Stock",NASDAQ,United States
AI,"C3.ai, Inc. Class A Common Stock",NYSE,United States
CISS,C3is Inc. - Common Stock,NASDAQ,United States
CCCC,"C4 Therapeutics, Inc. - Common Stock",NASDAQ,United States
CACI,"CACI International, Inc. Class A Common Stock",NYSE,United States
CAE,CAE Inc - Common Shares,NASDAQ,United States
CAMP,CAMP4 Therapeutics Corporation - Common Stock,NASDAQ,United States
CAVA,"CAVA Group, Inc. Common Stock",NYSE,United States
CBFV,"CB Financial Services, Inc. - Common Stock",NASDAQ,United States
CBAT,CBAK Energy Technology Limited - Ordinary Shares,NASDAQ,United States
CBZ,"CBIZ, Inc. Common Stock",NYSE,United States
CBL,"CBL & Associates Properties, Inc. Common Stock",NYSE,United States
BANL,CBL International Limited - Class B Ordinary Shares,NASDAQ,United States
CBO,CBO (Listing Market - NYSE - Networks A/E) Common Stock,NYSE,United States
CBRE,CBRE Group Inc Common Stock Class A,NYSE,United States
CBX,CBX (Listing Market NYSE Networks AE) Common Stock,NYSE,United States
CCC,CCC Intelligent Solutions Holdings Inc. - Common Stock,NASDAQ,United States
CCHH,CCH Holdings Ltd - Class A Ordinary Shares,NASDAQ,United States
CCTG,CCSC Technology International Holdings Limited - Class A Ordinary Shares,NASDAQ,United States
CDTG,CDT Environmental Technology Investment Holdings Limited - ordinary shares,NASDAQ,United States
CDT,CDT Equity Inc. - Common Stock,NASDAQ,United States
CDW,CDW Corporation - Common Stock,NASDAQ,United States
BNC,CEA Industries Inc. - Common Stock,NASDAQ,United States
CECO,CECO Environmental Corp. - Common Stock,NASDAQ,United States
CEVA,"CEVA, Inc. - Common Stock",NASDAQ,United States
CFBK,CF Bankshares Inc. - Common Stock,NASDAQ,United States
CF,"CF Industries Holdings, Inc. Common Stock",NYSE,United States
CGON,"CG Oncology, Inc. - Common stock",NASDAQ,United States
GIB,CGI Inc. Common Stock,NYSE,United States
MTNE,CH4 Natural Solutions Corporation Class A Ordinary Shares,NYSE,United States
CINT,CI&T Inc Class A Common Shares,NYSE,United States
DAIC,"CID HoldCo, Inc. - Common Stock",NASDAQ,United States
CION,CION Investment Corporation Common Stock,NYSE,United States
CISO,"CISO Global, Inc. - Common Stock",NASDAQ,United States
CKX,"CKX Lands, Inc. Common Stock",NYSE MKT,United States
NWGL,CL Workshop Group Limited - American Depositary Shares,NASDAQ,United States
CLPS,CLPS Incorporation - Common Stock,NASDAQ,United States
CMBT,CMB.TECH NV Ordinary Shares,NYSE,United States
CME,CME Group Inc. - Class A Common Stock,NASDAQ,United States
CMS,CMS Energy Corporation Common Stock,NYSE,United States
CNEY,CN Energy Group Inc. - Class A Ordinary Shares,NASDAQ,United States
UCFI,CN Healthy Food Tech Group Corp. - Common Stock,NASDAQ,United States
CNA,CNA Financial Corporation Common Stock,NYSE,United States
CCNE,CNB Financial Corporation - Common Stock,NASDAQ,United States
CNF,"CNFinance Holdings Limited American Depositary Shares, each representing two hundred (200) Ordinary Shares",NYSE,United States
CNH,CNH Industrial N.V. Common Shares,NYSE,United States
CNO,"CNO Financial Group, Inc. Common Stock",NYSE,United States
CNSP,"CNS Pharmaceuticals, Inc. - Common Stock",NASDAQ,United States
CNX,CNX Resources Corporation Common Stock,NYSE,United States
NOEM,CO2 Energy Transition Corp. - Common Stock,NASDAQ,United States
CMPS,COMPASS Pathways Plc - American Depository Shares,NASDAQ,United States
CNMD,CONMED Corporation Common Stock,NYSE,United States
CDP,COPT Defense Properties Common Shares of Beneficial Interest,NYSE,United States
CVU,"CPI Aerostructures, Inc. Common Stock",NYSE MKT,United States
PMTS,CPI Card Group Inc. - Common Stock,NASDAQ,United States
CPSH,CPS Technologies Corp. - Common Stock,NASDAQ,United States
CRAI,"CRA International,Inc. - Common Stock",NASDAQ,United States
CRH,CRH PLC Ordinary Shares,NYSE,United States
CRSP,CRISPR Therapeutics AG - Common Shares,NASDAQ,United States
LAW,"CS Disco, Inc. Common Stock",NYSE,United States
KOYN,CSLM Digital Asset Acquisition Corp III - Class A Ordinary Shares,NASDAQ,United States
CSPI,CSP Inc. - Common Stock,NASDAQ,United States
CSW,"CSW Industrials, Inc. Common Stock",NYSE,United States
CSX,CSX Corporation - Common Stock,NASDAQ,United States
CTO,"CTO Realty Growth, Inc. Common Stock",NYSE,United States
CTS,CTS Corporation Common Stock,NYSE,United States
CTW,CTW - Class A Ordinary Shares,NASDAQ,United States
CVBF,CVB Financial Corporation - Common Stock,NASDAQ,United States
CVV,CVD Equipment Corporation - Common Stock,NASDAQ,United States
CVI,CVR Energy Inc. Common Stock,NYSE,United States
CVRX,"CVRx, Inc. - Common Stock",NASDAQ,United States
CVS,CVS Health Corporation Common Stock,NYSE,United States
CXAI,CXApp Inc. - Class A Common Stock,NASDAQ,United States
CABA,"Cabaletta Bio, Inc. - Common Stock",NASDAQ,United States
CABO,"Cable One, Inc. Common Stock",NYSE,United States
CBT,Cabot Corporation Common Stock,NYSE,United States
WHD,"Cactus, Inc. Class A Common Stock",NYSE,United States
CDLR,Cadeler A/S American Depositary Share (each representing four (4) Ordinary Shares),NYSE,United States
CDNS,"Cadence Design Systems, Inc. - Common Stock",NASDAQ,United States
CDZI,"Cadiz, Inc. - Common Stock",NASDAQ,United States
CDZIP,"Cadiz, Inc. - Depositary Shares",NASDAQ,United States
CDRE,"Cadre Holdings, Inc. Common Stock",NYSE,United States
CVKD,"Cadrenal Therapeutics, Inc. - Common Stock",NASDAQ,United States
CZR,"Caesars Entertainment, Inc. - Common Stock",NASDAQ,United States
CSTE,Caesarstone Ltd. - Ordinary Shares,NASDAQ,United States
CRAQ,Cal Redwood Acquisition Corp. - Class A Ordinary Shares,NASDAQ,United States
CALM,"Cal-Maine Foods, Inc. - Common Stock",NASDAQ,United States
CALC,"CalciMedica, Inc. - Common Stock",NASDAQ,United States
CMCL,Caledonia Mining Corporation Plc Common Shares,NYSE MKT,United States
CAL,"Caleres, Inc. Common Stock",NYSE,United States
CWD,CaliberCos Inc. - Class A Common Stock,NASDAQ,United States
CLDI,"Calidi Biotherapeutics, Inc. Common Stock",NYSE MKT,United States
BCAL,California BanCorp - Common Stock,NASDAQ,United States
CRC,California Resources Corporation Common Stock,NYSE,United States
CWT,California Water Service Group Common Stock,NYSE,United States
ALIS,Calisa Acquisition Corp - Ordinary shares,NASDAQ,United States
CALX,"Calix, Inc Common Stock",NYSE,United States
CJMB,Callan JMB Inc. - Common Stock,NASDAQ,United States
CALY,Callaway Golf Company Common Stock,NYSE,United States
CLMT,"Calumet, Inc - Common Stock",NASDAQ,United States
CAQ,Cambridge Acquisition Corp. - Class A Ordinary Shares,NASDAQ,United States
CAC,Camden National Corporation - Common Stock,NASDAQ,United States
CCJ,Cameco Corporation Common Stock,NYSE,United States
CWH,"Camping World Holdings, Inc. Class A Common Stock",NYSE,United States
CAMT,Camtek Ltd. - Ordinary Shares,NASDAQ,United States
CANF,"Can-Fite Biopharma Ltd American Depositary Shares, each representing two (2) Ordinary Shares",NYSE MKT,United States
CAN,Canaan Inc. - American Depositary Shares,NASDAQ,United States
GOOS,Canada Goose Holdings Inc. Subordinate Voting Shares,NYSE,United States
CM,Canadian Imperial Bank of Commerce Common Stock,NYSE,United States
CNI,Canadian National Railway Company Common Stock,NYSE,United States
CNQ,Canadian Natural Resources Limited Common Stock,NYSE,United States
CP,Canadian Pacific Kansas City Limited Common Shares,NYSE,United States
CSIQ,Canadian Solar Inc. - Common Shares,NASDAQ,United States
CADL,"Candel Therapeutics, Inc. - Common Stock",NASDAQ,United States
CANG,Cango Inc. Class A Ordinary Shares,NYSE,United States
CNNE,"Cannae Holdings, Inc. Common Stock",NYSE,United States
CGC,Canopy Growth Corporation - Common Shares,NASDAQ,United States
CPHC,Canterbury Park Holding Corporation - Common Stock,NASDAQ,United States
CNTN,"Canton Strategic Holdings, Inc. - Common Stock",NASDAQ,United States
CEPO,"Cantor Equity Partners I, Inc. - Class A Ordinary Shares",NASDAQ,United States
CEPF,"Cantor Equity Partners IV, Inc. - Class A Ordinary Shares",NASDAQ,United States
CEPV,"Cantor Equity Partners V, Inc. - Class A Ordinary Shares",NASDAQ,United States
CEPS,"Cantor Equity Partners VI, Inc. - Class A Ordinary Shares",NASDAQ,United States
CAES,"Cantor Equity Partners VII, Inc. - Class A Ordinary Shares",NASDAQ,United States
CBNK,"Capital Bancorp, Inc. - Common Stock",NASDAQ,United States
CCBG,Capital City Bank Group - Common Stock,NASDAQ,United States
CCEC,Capital Clean Energy Carriers Corp. - Common Share,NASDAQ,United States
COF,Capital One Financial Corporation Common Stock,NYSE,United States
CSWC,Capital Southwest Corporation - Common Stock,NASDAQ,United States
CFFN,"Capitol Federal Financial, Inc. - Common Stock",NASDAQ,United States
CPRI,Capri Holdings Limited Ordinary Shares,NYSE,United States
CAPR,"Capricor Therapeutics, Inc. - Common Stock",NASDAQ,United States
CV,"CapsoVision, Inc. - Common Stock",NASDAQ,United States
CEPL,"Capstone Energy Plus, Inc. - Common Stock",NASDAQ,United States
CAPS,Capstone Holding Corp. - Common Stock,NASDAQ,United States
CARG,"CarGurus, Inc. - Class A Common Stock",NASDAQ,United States
KMX,CarMax Inc,NYSE,United States
PRTS,"CarParts.com, Inc. - Common Stock",NASDAQ,United States
CRDF,"Cardiff Oncology, Inc. - Common Stock",NASDAQ,United States
CAH,"Cardinal Health, Inc. Common Stock",NYSE,United States
CDNL,Cardinal Infrastructure Group Inc. - Class A Common Stock,NASDAQ,United States
CDIO,Cardio Diagnostics Holdings Inc. - Common stock,NASDAQ,United States
CRDL,Cardiol Therapeutics Inc. - Class A Common Shares,NASDAQ,United States
CDLX,"Cardlytics, Inc. - Common Stock",NASDAQ,United States
CCLD,"CareCloud, Inc. - Common Stock",NASDAQ,United States
CDNA,"CareDx, Inc. - Common Stock",NASDAQ,United States
CRBU,"Caribou Biosciences, Inc. - Common Stock",NASDAQ,United States
CABR,"Caring Brands, Inc. - Common Stock",NASDAQ,United States
CAI,"Caris Life Sciences, Inc. - Common Stock",NASDAQ,United States
CSL,Carlisle Companies Incorporated Common Stock,NYSE,United States
CARL,"Carlsmed, Inc. - Common Stock",NASDAQ,United States
CCL,Carnival Corporation Ltd. Common Shares,NYSE,United States
CRS,Carpenter Technology Corporation Common Stock,NYSE,United States
CSV,"Carriage Services, Inc. Common Stock",NYSE,United States
CARR,Carrier Global Corporation Common Stock,NYSE,United States
CARS,Cars.com Inc. Common Stock,NYSE,United States
CARE,"Carter Bankshares, Inc. - Common Stock",NASDAQ,United States
CRI,"Carter's, Inc. Common Stock",NYSE,United States
CGCF,Cartesian Growth Corporation IV - Class A Ordinary Shares,NASDAQ,United States
RNAC,"Cartesian Therapeutics, Inc. - Common Stock",NASDAQ,United States
CVNA,Carvana Co. Class A Common Stock,NYSE,United States
CWST,"Casella Waste Systems, Inc. - Class A Common Stock",NASDAQ,United States
CASY,"Caseys General Stores, Inc. - Common Stock",NASDAQ,United States
CASS,"Cass Information Systems, Inc - Common Stock",NASDAQ,United States
CTM,"Castellum, Inc. Common Stock",NYSE MKT,United States
CSTL,"Castle Biosciences, Inc. - Common stock",NASDAQ,United States
CTRM,Castor Maritime Inc. - Common Shares,NASDAQ,United States
CATL,Catalyst Acquisition Corp. - Class A Ordinary Share,NASDAQ,United States
CLST,"Catalyst Bancorp, Inc. - common stock",NASDAQ,United States
CAT,"Caterpillar, Inc. Common Stock",NYSE,United States
CATY,Cathay General Bancorp - Common Stock,NASDAQ,United States
VTAK,"Catheter Precision, Inc. Common Stock",NYSE MKT,United States
CATO,Cato Corporation (The) Class A Common Stock,NYSE,United States
CVCO,"Cavco Industries, Inc. - Common Stock",NASDAQ,United States
CAPN,Cayson Acquisition Corp - Ordinary Shares,NASDAQ,United States
CBOE,"Cboe Global Markets, Inc. Common Stock",BATS,United States
CVM,Cel-Sci Corporation Common Stock,NYSE MKT,United States
CE,Celanese Corporation Common Stock,NYSE,United States
CELC,Celcuity Inc. - Common Stock,NASDAQ,United States
CLS,"Celestica, Inc. Common Stock",NYSE,United States
CLDX,"Celldex Therapeutics, Inc. - Common Stock",NASDAQ,United States
CLBT,Cellebrite DI Ltd. - Ordinary Shares,NASDAQ,United States
CLRB,"Cellectar Biosciences, Inc. - Common Stock",NASDAQ,United States
CLLS,Cellectis S.A. - American Depositary Shares,NASDAQ,United States
HKPD,"Cellyan Biotechnology Co., Ltd  - Class A Ordinary Shares",NASDAQ,United States
CELH,"Celsius Holdings, Inc. - Common Stock",NASDAQ,United States
CELU,Celularity Inc. - Class A Common Stock,NASDAQ,United States
CPAC,Cementos Pacasmayo S.A.A. American Depositary Shares (Each representing five Common Shares),NYSE,United States
CX,"Cemex, S.A.B. de C.V. Sponsored ADR",NYSE,United States
CETX,Cemtrex Inc. - Common Stock,NASDAQ,United States
COR,"Cencora, Inc. Common Stock",NYSE,United States
CENN,Cenntro Inc. - Common Stock,NASDAQ,United States
CVE,Cenovus Energy Inc Common Stock,NYSE,United States
CNC,Centene Corporation Common Stock,NYSE,United States
CNP,"CenterPoint Energy, Inc (Holding Co) Common Stock",NYSE,United States
CGAU,Centerra Gold Inc. Common Shares,NYSE,United States
CBC,"Central Bancompany, Inc. - Class A Common Stock",NASDAQ,United States
CENTA,Central Garden & Pet Company - Class A Common Stock Nonvoting,NASDAQ,United States
CENT,Central Garden & Pet Company - Common Stock,NASDAQ,United States
CPF,Central Pacific Financial Corp New,NYSE,United States
CPBI,"Central Plains Bancshares, Inc. - Common Stock",NASDAQ,United States
CEPU,Central Puerto S.A. American Depositary Shares (each represents ten Common Shares),NYSE,United States
CET,Central Securities Corporation Common Stock,NYSE MKT,United States
LEU,Centrus Energy Corp. Class A Common Stock,NYSE,United States
CTRI,"Centuri Holdings, Inc. Common Stock",NYSE,United States
ALF,Centurion Acquisition Corp. - Class A Ordinary Shares,NASDAQ,United States
CENX,Century Aluminum Company - Common Stock,NASDAQ,United States
CNTY,"Century Casinos, Inc. - Common Stock",NASDAQ,United States
IPSC,"Century Therapeutics, Inc. - Common Stock",NASDAQ,United States
CRNT,Ceragon Networks Ltd. - Ordinary Shares,NASDAQ,United States
CBRS,Cerebras Systems Inc. - Class A Common Stock,NASDAQ,United States
CRNC,Cerence Inc. - Common Stock,NASDAQ,United States
CNSY,"Cerenome, Inc. - Common Stock",NASDAQ,United States
CBLL,"CeriBell, Inc. - Common Stock",NASDAQ,United States
CERT,"Certara, Inc. - Common Stock",NASDAQ,United States
CERS,Cerus Corporation - Common Stock,NASDAQ,United States
CRVO,CervoMed Inc. - Common Stock,NASDAQ,United States
CHA,"Chagee Holdings Limited - American Depositary Shares, each representing 1 Class A ordinary share",NASDAQ,United States
CBNA,"Chain Bridge Bancorp, Inc. Class A Common Stock",NYSE,United States
CD,Chaince Digital Holdings Inc. - American Ordinary Shares,NASDAQ,United States
SKY,"Champion Homes, Inc. Common Stock",NYSE,United States
CSBR,"Champions Oncology, Inc. - Common Stock",NASDAQ,United States
CHPG,ChampionsGate Acquisition Corporation - Class A Ordinary Share,NASDAQ,United States
CHGA,Change Agents Corporation  - Common Stock,NASDAQ,United States
CHSN,Chanson International Holding - Class A Ordinary Shares,NASDAQ,United States
CHPT,"ChargePoint Holdings, Inc. Common Stock",NYSE,United States
CRL,"Charles River Laboratories International, Inc. Common Stock",NYSE,United States
SCHW,Charles Schwab Corporation (The) Common Stock,NYSE,United States
CHAR,Charlton Aria Acquisition Corporation - Class A Ordinary Shares,NASDAQ,United States
MCTA,Charming Medical Limited - Class A Ordinary Shares,NASDAQ,United States
CHTR,"Charter Communications, Inc. - Class A Common Stock",NASDAQ,United States
CCG,Cheche Group Inc. - Class A Ordinary Shares,NASDAQ,United States
CHKP,Check Point Software Technologies Ltd. - Ordinary Shares,NASDAQ,United States
CHR,"Cheer Holding, Inc.  - Class A Ordinary Share",NASDAQ,United States
CMCM,"Cheetah Mobile Inc. American Depositary Shares, each representing fifty (50) Class A Ordinary Shares",NYSE,United States
CTNT,Cheetah Net Supply Chain Service Inc. - Class A Common Stock,NASDAQ,United States
CHGG,"Chegg, Inc. Common Stock",NYSE,United States
CHE,Chemed Corp,NYSE,United States
CMMB,Chemomab Therapeutics Ltd.  - American Depositary Shares,NASDAQ,United States
CC,Chemours Company (The) Common Stock,NYSE,United States
CHMG,Chemung Financial Corp  - Common Stock,NASDAQ,United States
CHEC,Chenghe Acquisition III Co. - Class A Ordinary Shares,NASDAQ,United States
LNG,"Cheniere Energy, Inc. Common Stock",NYSE,United States
CHMI,Cherry Hill Mortgage Investment Corporation Common Stock,NYSE,United States
CPK,Chesapeake Utilities Corporation Common Stock,NYSE,United States
CVX,Chevron Corporation Common Stock,NYSE,United States
CHWY,"Chewy, Inc. Class A Common Stock",NYSE,United States
LIEN,"Chicago Atlantic BDC, Inc. - Common Stock",NASDAQ,United States
REFI,"Chicago Atlantic Real Estate Finance, Inc. - Common Stock",NASDAQ,United States
CVR,Chicago Rivet & Machine Co. Common Stock,NYSE MKT,United States
PLCE,"Children's Place, Inc. (The) - Common Stock",NASDAQ,United States
CHYM,"Chime Financial, Inc. - Class A Common Stock",NASDAQ,United States
CIM,Chimera Investment Corporation Common Stock,NYSE,United States
CAAS,"China Automotive Systems, Inc. - Ordinary Share",NASDAQ,United States
CHNR,"China Natural Resources, Inc. - Common Shares",NASDAQ,United States
CPHI,"China Pharma Holdings, Inc. Common Stock",NYSE MKT,United States
SXTC,"China SXT Pharmaceuticals, Inc. - Class A Ordinary Shares",NASDAQ,United States
CYD,China Yuchai International Limited Common Stock,NYSE,United States
IMOS,ChipMOS TECHNOLOGIES INC. - American Depositary Shares,NASDAQ,United States
CMG,"Chipotle Mexican Grill, Inc. Common Stock",NYSE,United States
XRN,Chiron Real Estate Inc. Common Stock,NYSE,United States
CHH,"Choice Hotels International, Inc. Common Stock",NYSE,United States
COFS,"ChoiceOne Financial Services, Inc. - Common Stock",NASDAQ,United States
CHRD,Chord Energy Corporation - Common Stock,NASDAQ,United States
CHOW,ChowChow Cloud International Holdings Limited Ordinary Shares,NYSE MKT,United States
CHRN,ChronoScale Holdings Corporation - Common Stock,NASDAQ,United States
CB,Chubb Limited  Common Stock,NYSE,United States
CHT,"Chunghwa Telecom Co., Ltd.",NYSE,United States
CHD,"Church & Dwight Company, Inc. Common Stock",NYSE,United States
CCXI,Churchill Capital Corp XI - Class A Ordinary Shares,NASDAQ,United States
CXII,Churchill Capital Corp XII - Class A Ordinary Shares,NASDAQ,United States
XIII,Churchill Capital Corp XIII - Class A Ordinary Shares,NASDAQ,United States
CHDN,"Churchill Downs, Incorporated - Common Stock",NASDAQ,United States
CBUS,"Cibus, Inc. - Class A Common Stock",NASDAQ,United States
CIEN,Ciena Corporation Common Stock,NYSE,United States
CMPR,Cimpress plc - Ordinary Shares,NASDAQ,United States
CINF,Cincinnati Financial Corporation - Common Stock,NASDAQ,United States
CNK,"Cinemark Holdings Inc Cinemark Holdings, Inc. Common Stock",NYSE,United States
CNVS,Cineverse Corp. - Class A Common Stock,NASDAQ,United States
CING,Cingulate Inc. - Common Stock,NASDAQ,United States
CTAS,Cintas Corporation - Common Stock,NASDAQ,United States
CIFR,Cipher Digital Inc. - Common Stock,NASDAQ,United States
CRCL,"Circle Internet Group, Inc. Class A Common Stock",NYSE,United States
CIRC,"Circle8 Group, Inc. - Common Stock",NASDAQ,United States
CRUS,"Cirrus Logic, Inc. - Common Stock",NASDAQ,United States
CSCO,"Cisco Systems, Inc. - Common Stock",NASDAQ,United States
CTRN,"Citi Trends, Inc. - Common Stock",NASDAQ,United States
C,"Citigroup, Inc. Common Stock",NYSE,United States
CTOR,"Citius Oncology, Inc.  - Common Stock",NASDAQ,United States
CTXR,"Citius Pharmaceuticals, Inc. - Common Stock",NASDAQ,United States
CZNC,Citizens & Northern Corp - Common Stock,NASDAQ,United States
CFG,"Citizens Financial Group, Inc. Common Stock",NYSE,United States
CZFS,"Citizens Financial Services, Inc. - Common Stock",NASDAQ,United States
CIA,"Citizens, Inc. Class A Common Stock ($1.00 Par)",NYSE,United States
CITR,CitroTech Inc. Common Stock,NYSE MKT,United States
CHCO,City Holding Company - Common Stock,NASDAQ,United States
CVEO,Civeo Corporation (Canada) Common Shares,NYSE,United States
CIVB,"Civista Bancshares, Inc.  - Common Stock",NASDAQ,United States
CTEV,Claritev Corporation Class A Common Stock,NYSE,United States
CLVT,Clarivate Plc Ordinary Shares,NYSE,United States
CLAR,Clarus Corporation - Common Stock,NASDAQ,United States
CLNE,Clean Energy Fuels Corp. - Common Stock,NASDAQ,United States
CETY,"Clean Energy Technologies, Inc. - Common Stock",NASDAQ,United States
CLH,"Clean Harbors, Inc. Common Stock",NYSE,United States
CLSK,"CleanSpark, Inc. - Common Stock",NASDAQ,United States
CCO,"Clear Channel Outdoor Holdings, Inc. Common Stock",NYSE,United States
YOU,"Clear Secure, Inc. Class A Common Stock",NYSE,United States
CLRO,"ClearOne, Inc. - Common Stock",NASDAQ,United States
CLPT,ClearPoint Neuro Inc. - Common Stock,NASDAQ,United States
CLIR,ClearSign Technologies Corporation - Common Stock,NASDAQ,United States
CTAA,ClearThink 1 Acquisition Corp. - Class A Ordinary Shares,NASDAQ,United States
CLFD,"Clearfield, Inc. - Common Stock",NASDAQ,United States
CMND,Clearmind Medicine Inc. - Common Shares,NASDAQ,United States
CLW,Clearwater Paper Corporation Common Stock,NYSE,United States
CWEN,"Clearway Energy, Inc. Class C Common Stock",NYSE,United States
CLNN,Clene Inc. - Common Stock,NASDAQ,United States
CLF,Cleveland-Cliffs Inc. Common Stock,NYSE,United States
CLIK,Click Holdings Limited - Ordinary Share,NASDAQ,United States
CLYM,"Climb Bio, Inc. - Common Stock",NASDAQ,United States
CLMB,"Climb Global Solutions, Inc. - Common Stock",NASDAQ,United States
CUVL,Clinuvel Pharmaceuticals Limited - American Depositary Shares,NASDAQ,United States
CLPR,Clipper Realty Inc. Common Stock,NYSE,United States
CLX,Clorox Company (The) Common Stock,NYSE,United States
CSAI,"Cloudastructure, Inc. - Class A Common Stock",NASDAQ,United States
NET,"Cloudflare, Inc. Class A Common Stock",NYSE,United States
CLOV,"Clover Health Investments, Corp.  - Class A Common stock",NASDAQ,United States
CODX,"Co-Diagnostics, Inc. - Common Stock",NASDAQ,United States
CSGP,"CoStar Group, Inc. - Common Stock",NASDAQ,United States
CCB,Coastal Financial Corporation - Common Stock,NASDAQ,United States
COSO,"CoastalSouth Bancshares, Inc. Common Stock",NYSE,United States
KO,Coca-Cola Company (The) Common Stock,NYSE,United States
COKE,"Coca-Cola Consolidated, Inc. - Common Stock",NASDAQ,United States
CCEP,Coca-Cola Europacific Partners plc - Ordinary Shares,NASDAQ,United States
COCP,"Cocrystal Pharma, Inc. - Common Stock",NASDAQ,United States
CODA,"Coda Octopus Group, Inc. - Common stock",NASDAQ,United States
CDRO,"Codere Online Luxembourg, S.A. - Ordinary Shares",NASDAQ,United States
CDXS,"Codexis, Inc. - Common Stock",NASDAQ,United States
CDE,"Coeur Mining, Inc. Common Stock",NYSE,United States
JVA,"Coffee Holding Co., Inc. - Common Stock",NASDAQ,United States
COGT,"Cogent Biosciences, Inc. - Common Stock",NASDAQ,United States
CCOI,"Cogent Communications Holdings, Inc. - Common Stock",NASDAQ,United States
CGNX,Cognex Corporation - Common Stock,NASDAQ,United States
CGTX,"Cognition Therapeutics, Inc. - Common Stock",NASDAQ,United States
CTSH,Cognizant Technology Solutions Corporation - Class A Common Stock,NASDAQ,United States
CGNT,Cognyte Software Ltd. - Ordinary Shares,NASDAQ,United States
COHN,Cohen & Company Inc.,NYSE MKT,United States
CNS,Cohen & Steers Inc Common Stock,NYSE,United States
CCII,Cohen Circle Acquisition Corp. II - Class A Ordinary Shares,NASDAQ,United States
COHR,Coherent Corp. Common Stock,NYSE,United States
CHRS,"Coherus Oncology, Inc. - Common Stock",NASDAQ,United States
COHU,"Cohu, Inc. - Common Stock",NASDAQ,United States
CSHR,CoinShares PLC - Ordinary Shares,NASDAQ,United States
COIN,"Coinbase Global, Inc. - Class A Common Stock",NASDAQ,United States
CNCK,Coincheck Group N.V. - Ordinary Shares,NASDAQ,United States
CL,Colgate-Palmolive Company Common Stock,NYSE,United States
CLGN,CollPlant Biotechnologies Ltd. - Ordinary Shares,NASDAQ,United States
CCAQ,Collective Acquisition Corp. - Class A ordinary shares,NASDAQ,United States
CAII,Collective Acquisition Corp. II - Class A Ordinary Shares,NASDAQ,United States
CNL,Collective Mining Ltd. - Common Stock,NASDAQ,United States
COLL,"Collegium Pharmaceutical, Inc. - Common Stock",NASDAQ,United States
CIGI,Colliers International Group Inc.  - Subordinate Voting Shares,NASDAQ,United States
CLBR,Colombier Acquisition Corp. III Class A Ordinary Shares,NYSE,United States
CBAN,"Colony Bankcorp, Inc. Common Stock",NYSE,United States
COLB,"Columbia Banking System, Inc. - Common Stock",NASDAQ,United States
CLBK,"Columbia Financial, Inc. - Common Stock",NASDAQ,United States
COLM,Columbia Sportswear Company - Common Stock,NASDAQ,United States
COLA,Columbus Acquisition Corp - Ordinary Shares,NASDAQ,United States
CCCT,Columbus Circle Capital Corp III - Class A Ordinary Shares,NASDAQ,United States
CMCO,Columbus McKinnon Corporation - Common Stock,NASDAQ,United States
CMCSA,Comcast Corporation - Class A Common Stock,NASDAQ,United States
CCZ,Comcast Holdings ZONES,NYSE,United States
FIX,"Comfort Systems USA, Inc. Common Stock",NYSE,United States
CBSH,"Commerce Bancshares, Inc. - Common Stock",NASDAQ,United States
CMRC,"Commerce.com, Inc. - Series 1 Common Stock",NASDAQ,United States
CBK,"Commercial Bancgroup, Inc. - Common Stock",NASDAQ,United States
CMC,Commercial Metals Company Common Stock,NYSE,United States
CVGI,"Commercial Vehicle Group, Inc. - Common Stock",NASDAQ,United States
BITW,Common Shares of Beneficial Interest,NYSE ARCA,United States
CVLT,"Commvault Systems, Inc. - Common Stock",NASDAQ,United States
CIG.C,Comp En De Mn Cemig ADS American Depositary Receipts,NYSE,United States
CIG,Comp En De Mn Cemig ADS American Depositary Shares,NYSE,United States
CIX,CompX International Inc. Common Stock,NYSE MKT,United States
ELPC,Companhia Paranaense de Energia (COPEL) American Depositary Shares (each representing four (4) Common Shares),NYSE,United States
SID,Companhia Siderurgica Nacional S.A. Common Stock,NYSE,United States
SBS,Companhia de saneamento Basico Do Estado De Sao Paulo - Sabesp American Depositary Shares (Each repstg 250 Common Shares),NYSE,United States
CCU,"Compania Cervecerias Unidas, S.A. Common Stock",NYSE,United States
CMP,Compass Minerals Intl Inc Common Stock,NYSE,United States
CMPX,"Compass Therapeutics, Inc. - Common Stock",NASDAQ,United States
COMP,"Compass, Inc. Class A Common Stock",NYSE,United States
CGEN,Compugen Ltd. - Ordinary Shares,NASDAQ,United States
CHCI,"Comstock Holding Companies, Inc. - Class A Common Stock",NASDAQ,United States
LODE,Comstock Inc. Common Stock,NYSE MKT,United States
CRK,"Comstock Resources, Inc. Common Stock",NYSE,United States
CMTL,Comtech Telecommunications Corp. - Common Stock,NASDAQ,United States
CAG,"ConAgra Brands, Inc. Common Stock",NYSE,United States
CON,"Concentra Group Holdings Parent, Inc. Common Stock",NYSE,United States
CNXC,Concentrix Corporation - Common Stock,NASDAQ,United States
CCM,Concord Medical Services Holdings Limited American Depositary Shares (Each represents thirty (30) Class A ordinary shares),NYSE,United States
CIGL,Concorde International Group Ltd - Class A Ordinary Shares,NASDAQ,United States
BBCP,"Concrete Pumping Holdings, Inc.  - Common Stock",NASDAQ,United States
CNDT,Conduent Incorporated - Common Stock,NASDAQ,United States
CNXU,Conexeu Sciences Inc. - Common Stock,NASDAQ,United States
CNTB,Connect Biopharma Holdings Limited - Ordinary Shares,NASDAQ,United States
CNOB,"ConnectOne Bancorp, Inc. - Common Stock",NASDAQ,United States
COP,ConocoPhillips Common Stock,NYSE,United States
CCSI,"Consensus Cloud Solutions, Inc. - Common Stock",NASDAQ,United States
ED,"Consolidated Edison, Inc. Common Stock",NYSE,United States
CWCO,Consolidated Water Co. Ltd. - Ordinary Shares,NASDAQ,United States
STZ,"Constellation Brands, Inc. Common Stock",NYSE,United States
CEG,Constellation Energy Corporation - Common Stock When-Issued,NASDAQ,United States
CSTM,Constellium SE Ordinary Shares (France),NYSE,United States
ROAD,"Construction Partners, Inc. - Common Stock",NASDAQ,United States
CPSS,"Consumer Portfolio Services, Inc. - Common Stock",NASDAQ,United States
CTGO,Contango Silver & Gold Inc. Common Stock,NYSE MKT,United States
CNTX,Context Therapeutics Inc. - Common Stock,NASDAQ,United States
CTNM,"Contineum Therapeutics, Inc. - Common stock",NASDAQ,United States
VLRS,"Controladora Vuela Compania de Aviacion, S.A.B. de C.V. American Depositary Shares, each representing ten (10) Ordinary Participation Certificates",NYSE,United States
CPS,Cooper-Standard Holdings Inc. Common Stock,NYSE,United States
CPA,"Copa Holdings, S.A. Class A Common Stock",NYSE,United States
CPRT,"Copart, Inc. - Common Stock",NASDAQ,United States
COPL,Copley Acquisition Corp Ordinary Shares,NYSE,United States
CRMD,CorMedix Inc. - Common Stock,NASDAQ,United States
CRVL,CorVel Corp. - Common Stock,NASDAQ,United States
CRBP,"Corbus Pharmaceuticals Holdings, Inc. - Common Stock",NASDAQ,United States
CORT,Corcept Therapeutics Incorporated - Common Stock,NASDAQ,United States
CNM,"Core & Main, Inc. Class A Common Stock",NYSE,United States
CHAI,"Core AI Holdings, Inc. - Common Shares",NASDAQ,United States
CLB,Core Laboratories Inc. Common Stock,NYSE,United States
CMT,Core Molding Technologies Inc Common Stock,NYSE MKT,United States
CNR,"Core Natural Resources, Inc. Common Stock",NYSE,United States
CORZ,"Core Scientific, Inc. - Common Stock",NASDAQ,United States
CXW,"CoreCivic, Inc. Common Stock",NYSE,United States
CRWV,"CoreWeave, Inc. - Class A Common Stock",NASDAQ,United States
CRBG,Corebridge Financial Inc. Common Stock,NYSE,United States
GLW,Corning Incorporated Common Stock,NYSE,United States
CPAY,"Corpay, Inc. Common Stock",NYSE,United States
CAAP,Corporacion America Airports SA Common Shares,NYSE,United States
VTMX,"Corporacion Inmobiliaria Vesta, S.A.B de C.V. American Depositary Shares, each representing ten (10) Common Shares",NYSE,United States
CRSR,"Corsair Gaming, Inc. - Common Stock",NASDAQ,United States
CTVA,"Corteva, Inc. Common Stock",NYSE,United States
MOVE,"Corvex, Inc. - Common Stock",NASDAQ,United States
CRVS,"Corvus Pharmaceuticals, Inc. - Common Stock",NASDAQ,United States
CSAN,Cosan S.A. ADS,NYSE,United States
COSM,Cosmos Health Inc. - Common Stock,NASDAQ,United States
CMDB,Costamare Bulkers Holdings Limited Common Stock,NYSE,United States
CMRE,Costamare Inc. Common Stock $0.0001 par value,NYSE,United States
COST,Costco Wholesale Corporation - Common Stock,NASDAQ,United States
COTY,Coty Inc. Class A Common Stock,NYSE,United States
CPNG,"Coupang, Inc. Class A Common Stock",NYSE,United States
COUR,"Coursera, Inc. Common Stock",NYSE,United States
CUZ,Cousins Properties Incorporated Common Stock,NYSE,United States
CVLG,"Covenant Logistics Group, Inc. Class A Common Stock",NYSE,United States
CVSA,Covista Inc. Common Shares,NYSE,United States
COYA,"Coya Therapeutics, Inc. - Common Stock",NASDAQ,United States
CBRL,"Cracker Barrel Old Country Store, Inc. - Common Stock",NASDAQ,United States
CR,Crane Company Common Stock,NYSE,United States
CRAN,Crane Harbor Acquisition Corp. II - Class A Ordinary Shares,NASDAQ,United States
CXT,"Crane NXT, Co. Common Stock",NYSE,United States
CRD.A,Crawford & Company Common Stock,NYSE,United States
CRD.B,Crawford & Company Common Stock,NYSE,United States
CRE,Cre8 Enterprise Limited - Class A Ordinary Shares,NASDAQ,United States
CGTL,Creative Global Technology Holdings Limited - Class A Ordinary Shares,NASDAQ,United States
CMCT,Creative Media  - Common Stock,NASDAQ,United States
CELZ,"Creative Medical Technology Holdings, Inc. - Common Stock",NASDAQ,United States
CREX,"Creative Realities, Inc. - Common Stock",NASDAQ,United States
BAP,Credicorp Ltd. Common Stock,NYSE,United States
CACC,Credit Acceptance Corporation - Common Stock,NASDAQ,United States
CRDO,Credo Technology Group Holding Ltd - Ordinary Shares,NASDAQ,United States
CBIO,"Crescent Biopharma, Inc. - Common Stock",NASDAQ,United States
CCAP,"Crescent Capital BDC, Inc. - Common Stock",NASDAQ,United States
CRGY,Crescent Energy Company Class A Common Stock,NYSE,United States
CRESY,"Cresud S.A.C.I.F. y A. - American Depositary Shares, each representing ten shares of Common Stock",NASDAQ,United States
CXDO,"Crexendo, Inc. - Common Stock",NASDAQ,United States
CRCT,"Cricut, Inc. - Class A common stock",NASDAQ,United States
CRTO,Criteo S.A. - Ordinary Shares,NASDAQ,United States
CRML,Critical Metals Corp. - Ordinary Shares,NASDAQ,United States
CROX,"Crocs, Inc. - Common Stock",NASDAQ,United States
CRON,Cronos Group Inc. - Common Share,NASDAQ,United States
CRWD,"CrowdStrike Holdings, Inc. - Class A Common Stock",NASDAQ,United States
CCI,Crown Castle Inc. Common Stock,NYSE,United States
CRWS,"Crown Crafts, Inc. - Common Stock",NASDAQ,United States
CCK,"Crown Holdings, Inc.",NYSE,United States
CRAC,Crown Reserve Acquisition Corp. I - Class A Ordinary Shares,NASDAQ,United States
CCEL,"Cryo-Cell International, Inc. Common Stock",NYSE MKT,United States
CYRX,"CryoPort, Inc. - Common Stock",NASDAQ,United States
CSQR,"Csquare, Inc. Common Stock",NYSE,United States
CUBE,CubeSmart Common Shares,NYSE,United States
CUE,"Cue Biopharma, Inc. - Common Stock",NASDAQ,United States
CFR,"Cullen/Frost Bankers, Inc. Common Stock",NYSE,United States
CGEM,"Cullinan Therapeutics, Inc. - Common Stock",NASDAQ,United States
CULP,"Culp, Inc. - Common Shares",NASDAQ,United States
CPIX,Cumberland Pharmaceuticals Inc. - Common Stock,NASDAQ,United States
CMI,Cummins Inc. Common Stock,NYSE,United States
CUPR,Cuprina Holdings (Cayman) Limited - Class A Ordinary shares,NASDAQ,United States
CURX,Curanex Pharmaceuticals Inc - Common Stock,NASDAQ,United States
CURB,Curbline Properties Corp. Common Stock,NYSE,United States
CURI,CuriosityStream Inc.  - Class A Common Stock,NASDAQ,United States
CRIS,"Curis, Inc. - Common Stock",NASDAQ,United States
CURR,Currenc Group Inc. - Ordinary Shares,NASDAQ,United States
CWK,Cushman & Wakefield Ltd. Common Shares,NYSE,United States
CTOS,"Custom Truck One Source, Inc. Common Stock",NYSE,United States
CUBI,"Customers Bancorp, Inc Common Stock",NYSE,United States
CYAB,"Cyabra, Inc. - Common Stock",NASDAQ,United States
HELP,Cybin Inc. - Common Stock,NASDAQ,United States
CYCU,"Cycurion, Inc. - Common Stock",NASDAQ,United States
CYN,Cyngn Inc. - Common stock,NASDAQ,United States
CYPH,Cypherpunk Technologies Inc. - Common Stock,NASDAQ,United States
CTKB,"Cytek Biosciences, Inc. - Common Stock",NASDAQ,United States
GDTC,CytoMed Therapeutics Limited - Ordinary Shares,NASDAQ,United States
CYTK,"Cytokinetics, Incorporated - Common Stock",NASDAQ,United States
CTMX,"CytomX Therapeutics, Inc. - Common Stock",NASDAQ,United States
CTSO,Cytosorbents Corporation - Common Stock,NASDAQ,United States
HEPS,D-Market Electronic Services & Trading - American Depositary Shares,NASDAQ,United States
QBTS,D-Wave Quantum Inc. - Common Stock,NASDAQ,United States
DBCA,D. Boral Acquisition I Corp. - Class A Ordinary Shares,NASDAQ,United States
DHI,"D.R. Horton, Inc. Common Stock",NYSE,United States
CSR,D/B/A Centerspace Common Stock,NYSE,United States
CODI,D/B/A Compass Diversified Holdings Shares of Beneficial Interest,NYSE,United States
SBSW,D/B/A Sibanye-Stillwater Limited ADS,NYSE,United States
DQ,"DAQO New Energy Corp. American Depositary Shares, each representing five ordinary shares",NYSE,United States
SRE,DBA Sempra Common Stock,NYSE,United States
DBVT,DBV Technologies S.A. - American Depositary Shares,NASDAQ,United States
DDC,DDC Enterprise Limited Class A Ordinary Shares,NYSE MKT,United States
DFSC,"DEFSEC Technologies Inc. - common stock, no R/S concurrent with offering",NASDAQ,United States
XRAY,DENTSPLY SIRONA Inc. - Common Stock,NASDAQ,United States
DHX,"DHI Group, Inc. Common Stock",NYSE,United States
DHT,"DHT Holdings, Inc.",NYSE,United States
DLHC,DLH Holdings Corp. - Common Stock,NASDAQ,United States
DLO,DLocal Limited - Class A Common Shares,NASDAQ,United States
BOOM,DMC Global Inc. - Common Stock,NASDAQ,United States
SONM,"DNA X, Inc. - Common Stock",NASDAQ,United States
DNOW,DNOW Inc. Common Stock,NYSE,United States
DPC,DPC Holdings PLC Ordinary Shares,NYSE,United States
DRD,DRDGOLD Limited American Depositary Shares,NYSE,United States
DSC,DSC Holdings Ltd. - American Depositary Shares,NASDAQ,United States
DSS,"DSS, Inc. Common Stock",NYSE MKT,United States
DTSQ,DT Cloud Star Acquisition Corporation - Ordinary Shares,NASDAQ,United States
DTM,"DT Midstream, Inc. Common Stock",NYSE,United States
DTE,DTE Energy Company Common Stock,NYSE,United States
DUKR,DUKE Robotics Corp. - Common Stock,NASDAQ,United States
DXC,DXC Technology Company Common Stock,NYSE,United States
DXPE,"DXP Enterprises, Inc. - Common Stock",NASDAQ,United States
DVA,DaVita Inc. Common Stock,NYSE,United States
DSAC,Daedalus Special Acquisition Corp. - Class A Ordinary Shares,NASDAQ,United States
DJCO,Daily Journal Corp. (S.C.) - Common Stock,NASDAQ,United States
DC,Dakota Gold Corp. Common Stock,NYSE MKT,United States
DAKT,"Daktronics, Inc. - Common Stock",NASDAQ,United States
DMRA,"Damora Therapeutics, Inc. - Ordinary Shares",NASDAQ,United States
DAN,Dana Incorporated Common Stock,NYSE,United States
DHR,Danaher Corporation Common Stock,NYSE,United States
DAC,Danaos Corporation Common Stock,NYSE,United States
DRI,"Darden Restaurants, Inc. Common Stock",NYSE,United States
DARE,"Dare Bioscience, Inc. - Common Stock",NASDAQ,United States
DRIO,DarioHealth Corp. - Common Stock,NASDAQ,United States
DRK,DarkHorse Technologies Inc. - Common Shares,NASDAQ,United States
DKI,DarkIris Inc. - Class A Ordinary Shares,NASDAQ,United States
DAR,Darling Ingredients Inc. Common Stock,NYSE,United States
DAIO,Data I/O Corporation - Common Stock,NASDAQ,United States
DTST,Data Storage Corporation - Common Stock,NASDAQ,United States
MEDS,"DataMeds AI, Inc. - Common Stock",NASDAQ,United States
DTCX,"Datacentrex, Inc. - Common Stock",NASDAQ,United States
DDOG,"Datadog, Inc. - Class A Common Stock",NASDAQ,United States
DTSS,Datasea Intelligent Technology Ltd. - Class A Ordinary Shares,NASDAQ,United States
DVLT,Datavault AI Inc. - Common Stock,NASDAQ,United States
DCH,Dauch Corporation Common Stock,NYSE,United States
PLAY,"Dave & Buster's Entertainment, Inc. - Common Stock",NASDAQ,United States
DAVE,Dave Inc.  - Class A Common Stock,NASDAQ,United States
DWSN,Dawson Geophysical Company - Common Stock,NASDAQ,United States
DFDV,DeFi Development Corp. - Common Stock,NASDAQ,United States
DXST,Decent Holding Inc. - Class A Ordinary Shares,NASDAQ,United States
DECK,Deckers Outdoor Corporation Common Stock,NYSE,United States
DCOY,Decoy Therapeutics Inc. - Common Stock,NASDAQ,United States
FISN,"Deep Fission, Inc. - Common Stock",NASDAQ,United States
DE,Deere & Company Common Stock,NYSE,United States
DEFT,"Defi Technologies, Inc. - Common Stock",NASDAQ,United States
DH,Definitive Healthcare Corp. - Class A Common Stock,NASDAQ,United States
DFTX,"Definium Therapeutics, Inc.  - Common Shares",NASDAQ,United States
DMC,Del Monte Corporation Ordinary Shares,NYSE,United States
DCTH,"Delcath Systems, Inc. - Common Stock",NASDAQ,United States
DK,"Delek US Holdings, Inc. Common Stock",NYSE,United States
DLXY,Delixy Holdings Limited - Class A Ordinary Shares,NASDAQ,United States
DELL,Dell Technologies Inc. Class C Common Stock,NYSE,United States
DAL,"Delta Air Lines, Inc. Common Stock",NYSE,United States
DLX,Deluxe Corporation Common Stock,NYSE,United States
DNLI,Denali Therapeutics Inc. - Common Stock,NASDAQ,United States
DNN,Denison Mines Corp Ordinary Shares (Canada),NYSE MKT,United States
DRMA,"Dermata Therapeutics, Inc. - Common Stock",NASDAQ,United States
DSGN,"Design Therapeutics, Inc. - Common Stock",NASDAQ,United States
DBI,Designer Brands Inc. Class A Common Stock,NYSE,United States
DXLG,"Destination XL Group, Inc. - Common Stock",NASDAQ,United States
DXYZ,Destiny Tech100 Inc. Common Stock,NYSE,United States
DSWL,"Deswell Industries, Inc. - Common Shares",NASDAQ,United States
DB,Deutsche Bank AG Common Stock,NYSE,United States
DVN,Devon Energy Corporation Common Stock,NYSE,United States
DXCM,"DexCom, Inc. - Common Stock",NASDAQ,United States
DMAC,DiaMedica Therapeutics Inc. - Common Stock,NASDAQ,United States
DEO,Diageo plc Common Stock,NYSE,United States
FANG,"Diamondback Energy, Inc. - Common Stock",NASDAQ,United States
DRH,Diamondrock Hospitality Company - Common Stock,NASDAQ,United States
DSX,Diana Shipping inc. common stock,NYSE,United States
DNTH,"Dianthus Therapeutics, Inc. - Common Stock",NASDAQ,United States
DKS,Dick's Sporting Goods Inc Common Stock,NYSE,United States
DBD,Diebold Nixdorf Incorporated Common stock,NYSE,United States
DGII,Digi International Inc. - Common Stock,NASDAQ,United States
DGXX,Digi Power X Inc. - Common Subordinate Voting Shares,NASDAQ,United States
DMRC,Digimarc Corporation - Common Stock,NASDAQ,United States
DGNX,Diginex Limited - Ordinary Shares,NASDAQ,United States
DAAQ,Digital Asset Acquisition Corp. - Class A Ordinary shares,NASDAQ,United States
DBGI,"Digital Brands Group, Inc. - Common Stock",NASDAQ,United States
DCX,Digital Currency X Technology Inc. - Class A Ordinary Shares,NASDAQ,United States
APPS,"Digital Turbine, Inc. - Common Stock",NASDAQ,United States
DBRG,"DigitalBridge Group, Inc.",NYSE,United States
DBRG$H,"DigitalBridge Group, Inc. 7.125% Series H",NYSE,United States
DBRG$J,"DigitalBridge Group, Inc. 7.125% Series J",NYSE,United States
DBRG$I,"DigitalBridge Group, Inc. 7.15% Series I",NYSE,United States
DOCN,"DigitalOcean Holdings, Inc. Common Stock",NYSE,United States
DDS,"Dillard's, Inc. Common Stock",NYSE,United States
DCOM,"Dime Commercial Bancshares, Inc. Common Stock",NYSE,United States
DIN,"Dine Brands Global, Inc. Common Stock",NYSE,United States
DDL,Dingdong (Cayman) Limited American Depositary Shares (each two representing three Ordinary Shares),NYSE,United States
DIOD,Diodes Incorporated - Common Stock,NASDAQ,United States
DRCT,"Direct Digital Holdings, Inc. - Class A Common Stock",NASDAQ,United States
ZDAI,"DirectBooking Technology Co., Ltd. - Class A Ordinary Shares",NASDAQ,United States
TYO,Direxion Daily 10-Yr Treasury Bear 3x Shrs,NYSE ARCA,United States
TYD,Direxion Daily 10-Yr Treasury Bull 3x Shrs,NYSE ARCA,United States
TMV,Direxion Daily 20-Year Treasury Bear 3X,NYSE ARCA,United States
TMF,Direxion Daily 20-Yr Treasury Bull 3x Shrs,NYSE ARCA,United States
IRON,"Disc Medicine, Inc. - Common Stock",NASDAQ,United States
DGAC,Disciplined Growth Acquisition Corporation Class A Ordinary Shares,NYSE,United States
DSGR,"Distribution Solutions Group, Inc. - Common Stock",NASDAQ,United States
DEC,Diversified Energy Company Common Stock,NYSE,United States
DCGO,DocGo Inc. - Common Stock,NASDAQ,United States
DCBO,Docebo Inc. - Common Shares,NASDAQ,United States
DOCU,"DocuSign, Inc. - Common Stock",NASDAQ,United States
DOGZ,Dogness (International) Corporation - Class A Common Stock,NASDAQ,United States
DWTX,"Dogwood Therapeutics, Inc.  - Common Stock",NASDAQ,United States
DLB,Dolby Laboratories Common Stock,NYSE,United States
DOLE,Dole plc Ordinary Shares,NYSE,United States
DG,Dollar General Corporation Common Stock,NYSE,United States
DLTR,"Dollar Tree, Inc. - Common Stock",NASDAQ,United States
DLPN,"Dolphin Entertainment, Inc. - Common Stock",NASDAQ,United States
DOMH,Dominari Holdings Inc. - Common Stock,NASDAQ,United States
D,"Dominion Energy, Inc. Common Stock",NYSE,United States
DPZ,Domino's Pizza Inc - Common Stock,NASDAQ,United States
DOMO,"Domo, Inc. - Class B Common Stock",NASDAQ,United States
DCI,"Donaldson Company, Inc. Common Stock",NYSE,United States
DGICA,"Donegal Group, Inc. - Class A Common Stock",NASDAQ,United States
DGICB,"Donegal Group, Inc. - Class B Common Stock",NASDAQ,United States
DFIN,"Donnelley Financial Solutions, Inc. Common Stock",NYSE,United States
DASH,"DoorDash, Inc. - Common Stock",NASDAQ,United States
LPG,Dorian LPG Ltd. Common Stock,NYSE,United States
DORM,"Dorman Products, Inc. - Common Stock",NASDAQ,United States
DOYU,DouYu International Holdings Limited - American Depositary Shares,NASDAQ,United States
DDI,"DoubleDown Interactive Co., Ltd. - American Depository Shares",NASDAQ,United States
DV,"DoubleVerify Holdings, Inc. Common Stock",NYSE,United States
PLOW,"Douglas Dynamics, Inc. Common Stock",NYSE,United States
DOUG,Douglas Elliman Inc. Common Stock,NYSE,United States
DEI,"Douglas Emmett, Inc. Common Stock",NYSE,United States
DOV,Dover Corporation Common Stock,NYSE,United States
DOW,Dow Inc. Common Stock,NYSE,United States
DOCS,"Doximity, Inc. Class A Common Stock",NYSE,United States
RDY,Dr. Reddy's Laboratories Ltd Common Stock,NYSE,United States
DKNG,DraftKings Inc. - Class A Common Stock,NASDAQ,United States
DPRO,Draganfly Inc. - Common Shares,NASDAQ,United States
DFLI,Dragonfly Energy Holdings Corp - Common Stock,NASDAQ,United States
DFH,"Dream Finders Homes, Inc. Class A Common Stock",NYSE,United States
TDIC,Dreamland Limited - Class A Ordinary Shares,NASDAQ,United States
DTI,Drilling Tools International Corporation  - Common Stock,NASDAQ,United States
DRVN,Driven Brands Holdings Inc. - Common Stock,NASDAQ,United States
DBX,"Dropbox, Inc. - Class A Common Stock",NASDAQ,United States
DMAA,Drugs Made In America Acquisition Corp. - Ordinary Shares,NASDAQ,United States
DMII,Drugs Made In America Acquisition II Corp. - Ordinary Shares,NASDAQ,United States
DD,"DuPont de Nemours, Inc. Common Stock",NYSE,United States
DCO,Ducommun Incorporated Common Stock,NYSE,United States
DUK,Duke Energy Corporation (Holding Company) Common Stock,NYSE,United States
DLTH,Duluth Holdings Inc. - Class B Common Stock,NASDAQ,United States
DUOL,"Duolingo, Inc. - Class A Common Stock",NASDAQ,United States
DUOT,"Duos Technologies Group, Inc. - Common Stock",NASDAQ,United States
BROS,Dutch Bros Inc. Class A Common Stock,NYSE,United States
DYAI,"Dyadic International, Inc. - Common Stock",NASDAQ,United States
DY,"Dycom Industries, Inc. Common Stock",NYSE,United States
DYNC,Dynamix Corporation - Class A Ordinary Share,NASDAQ,United States
DNMX,Dynamix Corporation III - Class A Ordinary Shares,NASDAQ,United States
DT,"Dynatrace, Inc. Common Stock",NYSE,United States
DYN,"Dyne Therapeutics, Inc. - Common Stock",NASDAQ,United States
DX,"Dynex Capital, Inc. Common Stock",NYSE,United States
EJH,E-Home Household Service Holdings Limited - Ordinary shares,NASDAQ,United States
EPOW,E-Power Inc. - Class A Ordinary Shares,NASDAQ,United States
SSP,E.W. Scripps Company (The) - Class A Common Stock,NASDAQ,United States
ECX,ECARX Holdings Inc. - Class A Ordinary shares,NASDAQ,United States
ECBK,"ECB Bancorp, Inc. - Common Stock",NASDAQ,United States
FOCL,"EDAP TMS S.A. - American Depositary Shares, each representing One Ordinary Share",NASDAQ,United States
EGHA,EGH Acquisition Corp. - Class A ordinary shares,NASDAQ,United States
EH,EHang Holdings Limited - ADS,NASDAQ,United States
EME,"EMCOR Group, Inc. Common Stock",NYSE,United States
NDRA,ENDRA Life Sciences Inc. - Common Stock,NASDAQ,United States
E,ENI S.p.A. Common Stock,NYSE,United States
EOG,"EOG Resources, Inc. Common Stock",NYSE,United States
EONR,EON Resources Inc. Class A Common Stock,NYSE MKT,United States
EPAM,"EPAM Systems, Inc. Common Stock",NYSE,United States
EPR,EPR Properties Common Stock,NYSE,United States
EPR$E,EPR Properties Series E Cumulative Conv Pfd Shs Ser E,NYSE,United States
EQT,EQT Corporation Common Stock,NYSE,United States
EVAC,EQV Ventures Acquisition Corp. II Class A Ordinary Shares,NYSE,United States
EROC,"ERock, Inc. Class A Common Stock",NYSE,United States
ESAB,ESAB Corporation Common Stock,NYSE,United States
ESE,ESCO Technologies Inc. Common Stock,NYSE,United States
GWH,"ESS Tech, Inc. Common Stock",NYSE,United States
EVI,"EVI Industries, Inc.  Common Stock",NYSE MKT,United States
EVGO,EVgo Inc. - Common Stock,NASDAQ,United States
EZPW,"EZCORP, Inc. - Class A Non-Voting Common Stock",NASDAQ,United States
EZGO,EZGO Technologies Ltd. - Ordinary Shares,NASDAQ,United States
EBMT,"Eagle Bancorp Montana, Inc. - Common Stock",NASDAQ,United States
EGBN,"Eagle Bancorp, Inc. - Common Stock",NASDAQ,United States
EFSI,Eagle Financial Services Inc - Common Stock,NASDAQ,United States
EXP,Eagle Materials Inc Common Stock,NYSE,United States
NUCL,Eagle Nuclear Energy Corp. - Common stock,NASDAQ,United States
ECC,Eagle Point Credit Company Common Share of Beneficial Interest,NYSE,United States
EIC,Eagle Point Income Company Common Shares of Beneficial Interest,NYSE,United States
EROK,"EagleRock Land, LLC Class A shares representing limited liability company interests",NYSE,United States
DXF,"Eason Technology Limited American Depositary Shares (each representing sixty-thousand (60,000) Ordinary Shares)",NYSE MKT,United States
EWAV,East West Ave Acquisition Corp. - Common Stock,NASDAQ,United States
EWBC,"East West Bancorp, Inc. - Common Stock",NASDAQ,United States
EGP,"EastGroup Properties, Inc. Common Stock",NYSE,United States
DEA,"Easterly Government Properties, Inc. Common Stock",NYSE,United States
EBC,"Eastern Bankshares, Inc. - Common Stock",NASDAQ,United States
EML,Eastern Company (The) - Common Stock,NASDAQ,United States
ELOG,Eastern International Ltd. - Ordinary Shares,NASDAQ,United States
EMN,Eastman Chemical Company Common Stock,NYSE,United States
KODK,Eastman Kodak Company Common New,NYSE,United States
ETN,"Eaton Corporation, PLC Ordinary Shares",NYSE,United States
ETO,Eaton Vance Tax-Advantage Global Dividend Opp Common Stock,NYSE,United States
EBON,Ebang International Holdings Inc. - Class A Ordinary Shares,NASDAQ,United States
ECHO,EchoStar Corporation - Common stock,NASDAQ,United States
WAVE,Eco Wave Power Global AB (publ) - American Depositary Shares,NASDAQ,United States
ECL,Ecolab Inc. Common Stock,NYSE,United States
EC,Ecopetrol S.A. American Depositary Shares,NYSE,United States
ECVT,Ecovyst Inc. Common Stock,NYSE,United States
EDSA,"Edesa Biotech, Inc. - Common Shares",NASDAQ,United States
EPC,Edgewell Personal Care Company Common Stock,NYSE,United States
EWTX,"Edgewise Therapeutics, Inc. - Common Stock",NASDAQ,United States
EDBL,Edible Garden AG Incorporated - Common Stock,NASDAQ,United States
EIX,Edison International Common Stock,NYSE,United States
EDIT,"Editas Medicine, Inc. - Common Stock",NASDAQ,United States
EDUC,Educational Development Corporation - Common Stock,NASDAQ,United States
EW,Edwards Lifesciences Corporation Common Stock,NYSE,United States
ORBS,Eightco Holdings Inc. - Common Stock,NASDAQ,United States
EIKN,"Eikon Therapeutics, Inc. - Common Stock",NASDAQ,United States
ENRD,Einride AB - American Depositary Shares,NASDAQ,United States
LOCO,"El Pollo Loco Holdings, Inc. - Common Stock",NASDAQ,United States
ELAN,Elanco Animal Health Incorporated Common Stock,NYSE,United States
ESTC,Elastic N.V. Ordinary Shares,NYSE,United States
ELWT,"Elauwit Connection, Inc. - Common Stock",NASDAQ,United States
ESLT,Elbit Systems Ltd. - Ordinary Shares,NASDAQ,United States
EGO,Eldorado Gold Corporation Ordinary Shares,NYSE,United States
ELBM,Electra Battery Materials Corporation - Common Stock,NASDAQ,United States
ETRA,"Electra Therapeutics, Inc. - Common stock",NASDAQ,United States
ELMD,"Electromed, Inc. Common Stock",NYSE MKT,United States
ELVA,Electrovaya Inc. - Common Shares,NASDAQ,United States
ELDN,"Eledon Pharmaceuticals, Inc. - Common Stock",NASDAQ,United States
ESI,Element Solutions Inc. Common Stock,NYSE,United States
ELE,Elemental Royalty Corporation - Common Stock,NASDAQ,United States
ELV,"Elevance Health, Inc. Common Stock",NYSE,United States
ELVR,Elevra Lithium Limited - American Depository Shares,NASDAQ,United States
LLY,Eli Lilly and Company Common Stock,NYSE,United States
ELTX,"Elicio Therapeutics, Inc. - Common Stock",NASDAQ,United States
ETS,Elite Express Holding Inc. - Class A Common Stock,NASDAQ,United States
EARN,Ellington Credit Company Common Shares of Beneficial Interest,NYSE,United States
EFC,Ellington Financial Inc. Common Stock,NYSE,United States
ELLO,Ellomay Capital Ltd Ordinary Shares (Israel),NYSE MKT,United States
ELPW,Elong Power Holding Limited - Class A Ordinary Shares,NASDAQ,United States
ELOX,"Eloxx Pharmaceuticals, Inc. - Common Stock",NASDAQ,United States
ELTK,Eltek Ltd. - Ordinary Shares,NASDAQ,United States
ELUT,"Elutia, Inc. - Class A Common Stock",NASDAQ,United States
EMBC,Embecta Corp. - Common Stock,NASDAQ,United States
AKO.A,Embotelladora Andina S.A. Common Stock,NYSE,United States
AKO.B,Embotelladora Andina S.A. Common Stock,NYSE,United States
EMBJ,Embraer S.A. Common Stock,NYSE,United States
EMA,Emera Incorporated Common Shares,NYSE,United States
EBS,Emergent BioSolutions Inc. Common Stock,NYSE,United States
EMR,Emerson Electric Company Common Stock,NYSE,United States
MSN,Emerson Radio Corporation Common Stock,NYSE MKT,United States
EMIS,Emmis Acquisition Corp. - Class A Ordinary Share,NASDAQ,United States
EMPD,Empery Digital Inc. - Common stock,NASDAQ,United States
EP,Empire Petroleum Corporation Common Stock,NYSE MKT,United States
EIG,Employers Holdings Inc Common Stock,NYSE,United States
EDN,Empresa Distribuidora Y Comercializadora Norte S.A. (Edenor) American Depositary Shares,NYSE,United States
ACT,"Enact Holdings, Inc. - Common Stock",NASDAQ,United States
ENTA,"Enanta Pharmaceuticals, Inc. - Common Stock",NASDAQ,United States
ENB,Enbridge Inc Common Stock,NYSE,United States
EHC,Encompass Health Corporation Common Stock,NYSE,United States
ECPG,Encore Capital Group Inc - Common Stock,NASDAQ,United States
DAVA,Endava plc American Depositary Shares (each representing one Class A Ordinary Share),NYSE,United States
EXK,Endeavour Silver Corporation Ordinary Shares (Canada),NYSE,United States
EDVA,"Endovia Health Sciences, Inc. Common Stock",NYSE MKT,United States
ENIC,Enel Chile S.A. American Depositary Shares (Each representing 50 shares of Common Stock),NYSE,United States
ENS,EnerSys Common Stock,NYSE,United States
EFXT,Enerflex Ltd Common Shares,NYSE,United States
ENR,"Energizer Holdings, Inc. Common Stock",NYSE,United States
WATT,Energous Corporation - Common Stock,NASDAQ,United States
EFOI,"Energy Focus, Inc. - Common Stock",NASDAQ,United States
UUUU,Energy Fuels Inc Ordinary Shares (Canada),NYSE MKT,United States
ERII,"Energy Recovery, Inc. - Common Stock",NASDAQ,United States
ESOA,Energy Services of America Corporation - Common Stock,NASDAQ,United States
NRGV,"Energy Vault Holdings, Inc. Common Stock",NYSE,United States
ENGS,Energys Group Limited - Ordinary Shares,NASDAQ,United States
EPAC,Enerpac Tool Group Corp. Common Stock,NYSE,United States
ENHA,Enhanced Group Inc. Class A Common Stock,NYSE,United States
EGG,Enigmatig Limited Class A Ordinary Shares,NYSE MKT,United States
ENLT,Enlight Renewable Energy Ltd. - Ordinary Shares,NASDAQ,United States
ELVN,"Enliven Therapeutics, Inc.  - Common Stock",NASDAQ,United States
ENLV,Enlivex Ltd. - Ordinary Shares,NASDAQ,United States
EBF,"Ennis, Inc. Common Stock",NYSE,United States
ENVA,"Enova International, Inc. Common Stock",NYSE,United States
ENOV,Enovis Corporation Common Stock,NYSE,United States
ENVX,Enovix Corporation - Common Stock,NASDAQ,United States
ENPH,"Enphase Energy, Inc. - Common Stock",NASDAQ,United States
NPO,Enpro Inc. Common Stock,NYSE,United States
ENSC,"Ensysce Biosciences, Inc. - Common Stock",NASDAQ,United States
ENTG,"Entegris, Inc. - Common Stock",NASDAQ,United States
ENTX,Entera Bio Ltd. - Ordinary Shares,NASDAQ,United States
ETR,Entergy Corporation Common Stock,NYSE,United States
EFSC,Enterprise Financial Services Corporation - Common Stock,NASDAQ,United States
EPD,Enterprise Products Partners L.P. Common Stock,NYSE,United States
TRDA,"Entrada Therapeutics, Inc. - Common Stock",NASDAQ,United States
EVC,Entravision Communications Corporation Common Stock,NYSE,United States
ELA,Envela Corporation Common Stock,NYSE MKT,United States
ENVB,"Enveric Biosciences, Inc.  - Common Stock",NASDAQ,United States
NVRI,Enviri Corporation Common Stock,NYSE,United States
NVST,Envista Holdings Corporation Common Stock,NYSE,United States
COCH,"Envoy Medical, Inc. - Class A Common Stock",NASDAQ,United States
EOCN,Eocene Ltd. - Ordinary Shares,NASDAQ,United States
EOSE,"Eos Energy Enterprises, Inc. - Common Stock",NASDAQ,United States
EEIQ,EpicQuest Education Group International Limited - Common Stock,NASDAQ,United States
EPSN,Epsilon Energy Ltd. - Common Shares,NASDAQ,United States
EPSM,Epsium Enterprise Limited - Class A Ordinary Shares,NASDAQ,United States
EFX,"Equifax, Inc. Common Stock",NYSE,United States
EQ,"Equillium, Inc. - Common Stock",NASDAQ,United States
EQIX,"Equinix, Inc. - Common Stock",NASDAQ,United States
EQNR,Equinor ASA,NYSE,United States
EQX,Equinox Gold Corp. Common Shares,NYSE MKT,United States
EQPT,EquipmentShare.com Inc - Class A Common Stock,NASDAQ,United States
EQH,"Equitable Holdings, Inc. Common Stock",NYSE,United States
EQH$A,"Equitable Holdings, Inc. Depositary Shares",NYSE,United States
EQBK,"Equity Bancshares, Inc. Class A Common Stock",NYSE,United States
ELS,"Equity Lifestyle Properties, Inc. Common Stock",NYSE,United States
EQS,"Equus Total Return, Inc. Common Stock",NYSE,United States
ERAS,"Erasca, Inc. - Common Stock",NASDAQ,United States
RAYA,Erayak Power Solution Group Inc. - Class A Ordinary Shares,NASDAQ,United States
ERIC,Ericsson - American Depositary Shares each representing 1 underlying Class B share,NASDAQ,United States
ERIE,Erie Indemnity Company - Class A Common Stock,NASDAQ,United States
ZGN,Ermenegildo Zegna N.V. Ordinary Shares,NYSE,United States
ERNA,Ernexa Therapeutics Inc. - Common Stock,NASDAQ,United States
ERO,Ero Copper Corp. Common Shares,NYSE,United States
ESCA,"Escalade, Incorporated - Common Stock",NASDAQ,United States
EHGO,Eshallgo Inc. - Class A Ordinary Shares,NASDAQ,United States
ESP,Espey Mfg. & Electronics Corp. Common Stock,NYSE MKT,United States
ESQ,"Esquire Financial Holdings, Inc. - Common Stock",NASDAQ,United States
ESNT,Essent Group Ltd. Common Shares,NYSE,United States
WTRG,"Essential Utilities, Inc. Common Stock",NYSE,United States
ESTA,Establishment Labs Holdings Inc. - Common Shares,NASDAQ,United States
EL,"Estee Lauder Companies, Inc. (The) Common Stock",NYSE,United States
ESLA,"Estrella Immunopharma, Inc. - Common Stock",NASDAQ,United States
ETD,Ethan Allen Interiors Inc. Common Stock,NYSE,United States
LIFE,Ethos Technologies Inc. - Class A Common Stock,NASDAQ,United States
EFTY,"Etoiles Capital Group Co., Ltd. - Class A Ordinary Shares",NASDAQ,United States
ETON,"Eton Pharmaceuticals, Inc. - Common Stock",NASDAQ,United States
ETSY,"Etsy, Inc. Common Stock",NYSE,United States
EUDA,Euda Health Holdings Limited - Ordinary Shares,NASDAQ,United States
EPRX,Eupraxia Pharmaceuticals Inc. - Common Stock,NASDAQ,United States
EURK,Eureka Acquisition Corp - Class A Ordinary Share,NASDAQ,United States
CLWT,Euro Tech Holdings Company Limited - Ordinary Shares,NASDAQ,United States
EDRY,EuroDry Ltd. - Common Shares,NASDAQ,United States
EHLD,Euroholdings Ltd. - Common Stock,NASDAQ,United States
EEFT,"Euronet Worldwide, Inc. - Common Stock",NASDAQ,United States
ESEA,Euroseas Ltd. - Common Stock,NASDAQ,United States
GOAI,Eva Live Inc. - Common Stock,NASDAQ,United States
EVAX,Evaxion A/S - American Depositary Share,NASDAQ,United States
EVEX,"Eve Holding, Inc. Common Stock",NYSE,United States
EVCM,EverCommerce Inc. - Common Stock,NASDAQ,United States
EVER,"EverQuote, Inc. - Class A Common Stock",NASDAQ,United States
EVR,Evercore Inc. Class A Common Stock,NYSE,United States
EG,"Everest Group, Ltd. Common Stock",NYSE,United States
EFOR,"Everforth, Inc. Common Stock",NYSE,United States
EVRG,"Evergy, Inc. - Common Stock",NASDAQ,United States
P,"Everpure, Inc. Class A common stock",NYSE,United States
ES,Eversource Energy (D/B/A) Common Stock,NYSE,United States
MRAM,"Everspin Technologies, Inc. - Common Stock",NASDAQ,United States
EVTC,"Evertec, Inc. Common Stock",NYSE,United States
ECG,"Everus Construction Group, Inc. Common Stock",NYSE,United States
EVGN,Evogene Ltd. - Ordinary Shares,NASDAQ,United States
EVH,"Evolent Health, Inc Class A Common Stock",NYSE,United States
EOLS,"Evolus, Inc. - Common Stock",NASDAQ,United States
EVOX,Evolution Global Acquisition Corp - Class A Ordinary Shares,NASDAQ,United States
EMAT,Evolution Metals & Technologies Corp. - Common Stock,NASDAQ,United States
EPM,"Evolution Petroleum Corporation, Inc. Common Stock",NYSE MKT,United States
EVLV,"Evolv Technologies Holdings, Inc. - Class A Common Stock",NASDAQ,United States
EVMN,"Evommune, Inc. Common Stock",NYSE,United States
EVO,Evotec SE - American Depositary Shares each representing 1/2 of one ordinary share,NASDAQ,United States
XGN,Exagen Inc. - Common Stock,NASDAQ,United States
XLAB,Exascale Labs Holdings Inc. - Class A Common Stock,NASDAQ,United States
EE,"Excelerate Energy, Inc. Class A Common Stock",NYSE,United States
EXEL,"Exelixis, Inc. - Common Stock",NASDAQ,United States
EXC,Exelon Corporation - Common Stock,NASDAQ,United States
XCUR,"Exicure, Inc. - Common Stock",NASDAQ,United States
EXLS,"ExlService Holdings, Inc. - Common Stock",NASDAQ,United States
EXOD,"Exodus Movement, Inc. Class A Common Stock",NYSE MKT,United States
EXE,Expand Energy Corporation - Common Stock,NASDAQ,United States
EXPE,"Expedia Group, Inc. - Common Stock",NASDAQ,United States
EXPD,"Expeditors International of Washington, Inc. Common Stock",NYSE,United States
EXFY,"Expensify, Inc. - Class A Common Stock",NASDAQ,United States
XPON,"Expion Energy, Inc. - Common Stock",NASDAQ,United States
EXPO,"Exponent, Inc. - Common Stock",NASDAQ,United States
XPRO,Expro Ltd Ordinary Shares,NYSE,United States
EXR,Extra Space Storage Inc Common Stock,NYSE,United States
EXTR,"Extreme Networks, Inc. - Common Stock",NASDAQ,United States
XOM,ExxonMobil Holdings Corporation Common Stock,NYSE,United States
EXYN,"Exyn Technologies, Inc. - Common Stock",NASDAQ,United States
XZO,"Exzeo Group, Inc. Common Stock",NYSE,United States
EYPT,"EyePoint, Inc. - Common Stock",NASDAQ,United States
FG,"F&G Annuities & Life, Inc. Common Stock",NYSE,United States
FNB,F.N.B. Corporation Common Stock,NYSE,United States
FFIV,"F5, Inc. - Common Stock",NASDAQ,United States
FACT,FACT II Acquisition Corp. - Class A Ordinary Shares,NASDAQ,United States
FBLA,"FB Bancorp, Inc. - Common Stock",NASDAQ,United States
FBK,FB Financial Corporation Common Stock,NYSE,United States
FBGL,FBS Global Limited - Ordinary Shares,NASDAQ,United States
FGII,FG Imperii Acquisition Corp. - Class A Ordinary Shares,NASDAQ,United States
FGNX,FG Nexus Inc. - Common Stock,NASDAQ,United States
FGI,FGI Industries Ltd. - Ordinary Shares,NASDAQ,United States
FIGS,"FIGS, Inc. Class A Common Stock",NYSE,United States
FIGX,FIGX Capital Acquisition Corp. - Class A ordinary share,NASDAQ,United States
FLNG,FLEX LNG Ltd. Ordinary Shares,NYSE,United States
FMC,FMC Corporation Common Stock,NYSE,United States
FRPH,"FRP Holdings, Inc. - Common Stock",NASDAQ,United States
FSBW,"FS Bancorp, Inc. - Common Stock",NASDAQ,United States
FSK,FS KKR Capital Corp. Common Stock,NYSE,United States
KBSX,FST Corp. - Ordinary Shares,NASDAQ,United States
FTAI,FTAI Aviation Ltd. - Common Stock,NASDAQ,United States
FIP,FTAI Infrastructure Inc. - Common Stock,NASDAQ,United States
FTCI,"FTC Solar, Inc. - Common Stock",NASDAQ,United States
FCN,"FTI Consulting, Inc. Common Stock",NYSE,United States
FVCB,"FVCBankcorp, Inc. - Common Stock",NASDAQ,United States
FABC,"Fabric.AI, Inc. - Common Stock",NASDAQ,United States
FN,Fabrinet Ordinary Shares,NYSE,United States
FDS,FactSet Research Systems Inc. Common Stock,NYSE,United States
FAC,Factorial Energy Inc. - Class A Common Stock,NASDAQ,United States
FTH,"Faeth Therapeutics, Inc.  - Common Stock",NASDAQ,United States
FICO,Fair Isaac Corporation Common Stock,NYSE,United States
FBYD,"Falcon's Beyond Global, Inc. - Class A Common Stock",NASDAQ,United States
DUO,Fangdd Network Group Ltd. - Class A Ordinary Shares,NASDAQ,United States
FFAI,Faraday Future Intelligent Electric Inc. - Class A Common Stock,NASDAQ,United States
FMAO,"Farmers & Merchants Bancorp, Inc. - Common Stock",NASDAQ,United States
FMNB,Farmers National Banc Corp. - Common Stock,NASDAQ,United States
FPI,Farmland Partners Inc. Common Stock,NYSE,United States
FAMI,"Farmmi, Inc. - Class A Ordinary Shares",NASDAQ,United States
FAST,Fastenal Company - Common Stock,NASDAQ,United States
FSLY,"Fastly, Inc. - Class A Common Stock",NASDAQ,United States
FATN,"FatPipe, Inc. - common stock",NASDAQ,United States
FATE,"Fate Therapeutics, Inc. - Common Stock",NASDAQ,United States
FTHM,Fathom Holdings Inc. - Common Stock,NASDAQ,United States
FDX,FedEx Corporation Common Stock,NYSE,United States
FDXF,"FedEx Freight Holding Company, Inc. Common Stock",NYSE,United States
AGM,Federal Agricultural Mortgage Corporation Common Stock,NYSE,United States
AGM.A,Federal Agricultural Mortgage Corporation Common Stock,NYSE,United States
FSS,Federal Signal Corporation Common Stock,NYSE,United States
FHI,"Federated Hermes, Inc. Common Stock",NYSE,United States
FEMY,Femasys Inc. - Common Stock,NASDAQ,United States
FEBO,Fenbo Holdings Limited - Class A Ordinary Shares,NASDAQ,United States
FENC,Fennec Pharmaceuticals Inc. - Common Stock,NASDAQ,United States
FERG,Ferguson Enterprises Inc. Common Stock,NYSE,United States
FRMI,Fermi Inc. - Common Stock,NASDAQ,United States
RACE,Ferrari N.V. Common Shares,NYSE,United States
GSM,Ferroglobe PLC - Ordinary Shares,NASDAQ,United States
FER,Ferrovial N.V. - Ordinary Shares,NASDAQ,United States
FRVO,Fervo Energy Company - Class A common stock,NASDAQ,United States
FIEE,"FiEE, Inc - Common Stock",NASDAQ,United States
FBLG,"FibroBiologics, Inc. - Common Stock",NASDAQ,United States
FDBC,"Fidelity D & D Bancorp, Inc. - Common Stock",NASDAQ,United States
FNF,"Fidelity National Financial, Inc. Common Stock",NYSE,United States
FIS,"Fidelity National Information Services, Inc. Common Stock",NYSE,United States
FDSB,"Fifth District Bancorp, Inc. - Common Stock",NASDAQ,United States
FERA,Fifth Era Acquisition Corp I - Class A Ordinary Shares,NASDAQ,United States
FITB,Fifth Third Bancorp Common Stock,NYSE,United States
FITB$I,Fifth Third Bancorp Depositary Share repstg 1/1000th Ownership Interest Perp Pfd Series I,NYSE,United States
FIG,"Figma, Inc. Class A Common Stock",NYSE,United States
FIGR,"Figure Technology Solutions, Inc. - Class A Common Stock",NASDAQ,United States
FLNA,"Filana Therapeutics, Inc. - Common Stock",NASDAQ,United States
FINV,FinVolution Group American Depositary Shares,NYSE,United States
FINW,FinWise Bancorp - Common Stock,NASDAQ,United States
FOA,Finance of America Companies Inc. Class A Common Stock,NYSE,United States
FISI,"Financial Institutions, Inc. - Common Stock",NASDAQ,United States
FNGR,"FingerMotion, Inc. - common stock",NASDAQ,United States
FNWD,Finward Bancorp - common stock,NASDAQ,United States
FLY,Firefly Aerospace Inc. - Common Stock,NASDAQ,United States
AIFF,"Firefly Neuroscience, Inc.  - Common Stock",NASDAQ,United States
FA,First Advantage Corporation - Common Stock,NASDAQ,United States
FAF,First American Corporation (New) Common Stock,NYSE,United States
FBP,First BanCorp. New Common Stock,NYSE,United States
FBNC,First Bancorp - Common Stock,NASDAQ,United States
FNLC,"First Bancorp, Inc (ME) - Common Stock",NASDAQ,United States
FRBA,First Bank  - Common Stock,NASDAQ,United States
FBDT,First Breach Inc. - Common Stock,NASDAQ,United States
BUSE,First Busey Corporation - Common Stock,NASDAQ,United States
FBIZ,"First Business Financial Services, Inc. - Common Stock",NASDAQ,United States
FCAP,"First Capital, Inc. - Common Stock",NASDAQ,United States
FCBM,"First Carolina Financial Services, Inc. Common Stock",NYSE,United States
FCNCA,"First Citizens BancShares, Inc. - Class A Common Stock",NASDAQ,United States
FCF,First Commonwealth Financial Corporation Common Stock,NYSE,United States
FFBC,First Financial Bancorp. - Common Stock,NASDAQ,United States
FFIN,"First Financial Bankshares, Inc. - Common Stock",NASDAQ,United States
THFF,First Financial Corporation  - Common Stock,NASDAQ,United States
FGBI,"First Guaranty Bancshares, Inc. - Common Stock",NASDAQ,United States
FHB,"First Hawaiian, Inc. - Common Stock",NASDAQ,United States
FHN,First Horizon Corporation Common Stock,NYSE,United States
INBK,First Internet Bancorp - Common Stock,NASDAQ,United States
FIBK,"First Interstate BancSystem, Inc. - Common Stock",NASDAQ,United States
AG,First Majestic Silver Corp. Ordinary Shares (Canada),NYSE,United States
FRME,First Merchants Corporation - Common Stock,NASDAQ,United States
FMBH,"First Mid Bancshares, Inc. - Common Stock",NASDAQ,United States
FXNC,First National Corporation - Common Stock,NASDAQ,United States
FNWB,First Northwest Bancorp - Common Stock,NASDAQ,United States
PHOS,First Phosphate Corp. - American Depositary Shares,NASDAQ,United States
FSEA,"First Seacoast Bancorp, Inc. - Common Stock",NASDAQ,United States
FSLR,"First Solar, Inc. - Common Stock",NASDAQ,United States
TRAX,"First Tracks Biotherapeutics, Inc. - Ordinary Shares",NASDAQ,United States
FUSB,"First US Bancshares, Inc. - Common Stock",NASDAQ,United States
FWRG,"First Watch Restaurant Group, Inc. - Common Stock",NASDAQ,United States
MYFW,"First Western Financial, Inc. - Common Stock",NASDAQ,United States
FCFS,"FirstCash Holdings, Inc. - Common Stock",NASDAQ,United States
FE,FirstEnergy Corp. Common Stock,NYSE,United States
FSV,FirstService Corporation - Common Shares,NASDAQ,United States
FSUN,FirstSun Capital Bancorp - Common Stock,NASDAQ,United States
FIRY,Firy Inc. Class A Common Stock,NYSE,United States
FISV,"Fiserv, Inc. - Common Stock",NASDAQ,United States
FTLF,"FitLife Brands, Inc. - Common Stock",NASDAQ,United States
FCHL,Fitness Champs Holdings Limited - Ordinary Shares,NASDAQ,United States
FIVE,"Five Below, Inc. - Common Stock",NASDAQ,United States
FPH,"Five Point Holdings, LLC Class A Common Shares",NYSE,United States
FSBC,Five Star Bancorp - Common Stock,NASDAQ,United States
FIVN,"Five9, Inc. - Common Stock",NASDAQ,United States
FVRR,"Fiverr International Ltd. Ordinary Shares, no par value",NYSE,United States
FSHP,Flag Ship Acquisition Corp. - Ordinary Shares,NASDAQ,United States
FLG,"Flagstar Bank, N.A. Common Stock",NYSE,United States
BDL,"Flanigan's Enterprises, Inc. Common Stock",NYSE MKT,United States
FLEX,Flex Ltd. - Ordinary Shares,NASDAQ,United States
FSI,Flexible Solutions International Inc. Common Stock (CDA),NYSE MKT,United States
FLXS,"Flexsteel Industries, Inc. - Common Stock",NASDAQ,United States
FND,"Floor & Decor Holdings, Inc. Common Stock",NYSE,United States
FTK,"Flotek Industries, Inc. Common Stock",NYSE,United States
FLOC,Flowco Holdings Inc. Class A Common Stock,NYSE,United States
FLO,"Flowers Foods, Inc. Common Stock",NYSE,United States
FLS,Flowserve Corporation Common Stock,NYSE,United States
FLNC,"Fluence Energy, Inc. - Class A Common Stock",NASDAQ,United States
FLNT,"Fluent, Inc. - Common Stock",NASDAQ,United States
FLR,Fluor Corporation Common Stock,NYSE,United States
FLUT,Flutter Entertainment plc Ordinary Shares,NYSE,United States
FLUX,"Flux Power Holdings, Inc. - Common Stock",NASDAQ,United States
FLYE,"Fly-E Group, Inc. - Common Stock",NASDAQ,United States
FLYW,Flywire Corporation - Voting Common Stock,NASDAQ,United States
FCUV,Focus Universal Inc. - Common Stock,NASDAQ,United States
FHTX,Foghorn Therapeutics Inc. - Common Stock,NASDAQ,United States
FLD,"Fold Holdings, Inc. - Class A Common Stock",NASDAQ,United States
FMX,Fomento Economico Mexicano S.A.B. de C.V. Common Stock,NYSE,United States
AFRI,Forafric Global PLC - Ordinary Shares,NASDAQ,United States
F,Ford Motor Company Common Stock,NYSE,United States
FTHA,Forefront Tech Holdings Acquisition Corp - Class A Ordinary Shares,NASDAQ,United States
FMST,Foremost Clean Energy Ltd. - Common Shares,NASDAQ,United States
FRSX,Foresight Autonomous Holdings Ltd. - American Depositary Shares,NASDAQ,United States
FOR,Forestar Group Inc Common Stock,NYSE,United States
FPS,"Forgent Power Solutions, Inc. Class A Common Stock",NYSE,United States
FORM,"FormFactor, Inc. - Common Stock",NASDAQ,United States
FORTY,Formula Systems (1985) Ltd. - American Depositary Shares,NASDAQ,United States
FORR,"Forrester Research, Inc. - Common Stock",NASDAQ,United States
FRTT,Fort Technology Inc. - Common Shares,NASDAQ,United States
FTNT,"Fortinet, Inc. - Common Stock",NASDAQ,United States
FTS,Fortis Inc. Common Shares,NYSE,United States
FTV,Fortive Corporation Common Stock,NYSE,United States
FTRE,Fortrea Holdings Inc. - Common Stock,NASDAQ,United States
FBIO,"Fortress Biotech, Inc. - Common Stock",NASDAQ,United States
FVAV,Fortress Value Acquisition Corp. V - Class A Ordinary Shares,NASDAQ,United States
FSM,Fortuna Mining Corp. Common Shares,NYSE,United States
FBIN,"Fortune Brands Innovations, Inc. Common Stock",NYSE,United States
FXAC,FortuneX Acquisition Corporation - Ordinary shares,NASDAQ,United States
FET,"Forum Energy Technologies, Inc. Common Stock",NYSE,United States
FRMM,"Forum Markets, Incorporated - Common Stock",NASDAQ,United States
FWRD,Forward Air Corporation - Common Stock,NASDAQ,United States
FWDI,"Forward Industries, Inc. - Common Stock",NASDAQ,United States
FOSL,"Fossil Group, Inc. - Common Stock",NASDAQ,United States
FGL,Founder Group Limited - Class A Ordinary Shares,NASDAQ,United States
FEDU,"Four Seasons Education (Cayman) Inc. American Depositary Shares, each ADS representing 10 ordinary shares",NYSE,United States
FOXA,Fox Corporation - Class A Common Stock,NASDAQ,United States
FOX,Fox Corporation - Class B Common Stock,NASDAQ,United States
FOXF,Fox Factory Holding Corp. - Common Stock,NASDAQ,United States
FOXX,Foxx Development Holdings Inc. - Common Stock,NASDAQ,United States
GUTS,"Fractyl Health, Inc. - Common Stock",NASDAQ,United States
FNV,Franco-Nevada Corporation,NYSE,United States
FC,Franklin Covey Company Common Stock,NYSE,United States
FELE,"Franklin Electric Co., Inc. - Common Stock",NASDAQ,United States
FRAF,Franklin Financial Services Corporation - Common Stock,NASDAQ,United States
FSP,Franklin Street Properties Corp. Common Stock,NYSE MKT,United States
BEN,"Franklin Templeton, Inc. Common Stock",NYSE,United States
FKWL,Franklin Wireless Corp. - common stock,NASDAQ,United States
CAST,"FreeCast, Inc. - Class A common stock",NASDAQ,United States
FRHC,Freedom Holding Corp. - Common Stock,NASDAQ,United States
FDMM,Freedom Metals Acquisition Corp. - Class A Ordinary Shares,NASDAQ,United States
FRNM,"Freenome, Inc. - Common stock",NASDAQ,United States
FCX,"Freeport-McMoRan, Inc. Common Stock",NYSE,United States
FRGT,"Freight Technologies, Inc. - Ordinary Shares",NASDAQ,United States
RAIL,"Freightcar America, Inc. - Common Stock",NASDAQ,United States
CRGO,Freightos Limited - Ordinary shares,NASDAQ,United States
FEIM,"Frequency Electronics, Inc. - Common Stock",NASDAQ,United States
FMS,Fresenius Medical Care AG American Depositary Shares (Each representing 1/2 of an Ordinary Share),NYSE,United States
FRPT,"Freshpet, Inc. - Common Stock",NASDAQ,United States
FRSH,Freshworks Inc. - Class A Common Stock,NASDAQ,United States
FRD,Friedman Industries Inc. - Common Stock,NASDAQ,United States
FVR,"FrontView REIT, Inc. Common Stock",NYSE,United States
FTDR,"Frontdoor, Inc. - Common Stock",NASDAQ,United States
ULCC,"Frontier Group Holdings, Inc. - Common Stock",NASDAQ,United States
FNUC,Frontier Nuclear and Minerals Inc. - Common Shares,NASDAQ,United States
FRO,Frontline Plc Ordinary Shares,NYSE,United States
FUBO,FuboTV Inc. Class A Common Stock,NYSE,United States
FTEK,"Fuel Tech, Inc. - Common Stock",NASDAQ,United States
FCEL,"FuelCell Energy, Inc. - Common Stock",NASDAQ,United States
FULC,"Fulcrum Therapeutics, Inc. - Common Stock",NASDAQ,United States
FLGT,"Fulgent Genetics, Inc. - Common Stock",NASDAQ,United States
FLL,"Full House Resorts, Inc. - Common Stock",NASDAQ,United States
YMM,Full Truck Alliance Co. Ltd. American Depositary Shares (each representing 20 Class A Ordinary Shares),NYSE,United States
FULT,Fulton Financial Corporation - Common Stock,NASDAQ,United States
FNKO,"Funko, Inc. - Class A Common Stock",NASDAQ,United States
FURY,Fury Gold Mines Limited Common Shares,NYSE MKT,United States
FUSE,Fusemachines Inc. - Common stock,NASDAQ,United States
HTOO,Fusion Fuel Green PLC - Ordinary Shares,NASDAQ,United States
FUTU,Futu Holdings Limited - American Depositary Shares,NASDAQ,United States
FTFT,Future FinTech Group Inc. - Common Stock,NASDAQ,United States
FMAC,Future Money Acquisition Corporation - Ordinary Shares,NASDAQ,United States
FVN,Future Vision II Acquisition Corporation - Ordinary Shares,NASDAQ,United States
FTRA,FutureCorp Space Acquisition 1 Class A Ordinary Shares,NYSE,United States
FCRS,FutureCrest Acquisition Corp. Class A Ordinary Shares,NYSE,United States
FF,FutureFuel Corp.  Common shares,NYSE,United States
FWAC,Futurewave Acquisition Corporation - Ordinary Shares,NASDAQ,United States
GIII,"G-III Apparel Group, LTD. - Common Stock",NASDAQ,United States
GATX,GATX Corporation Common Stock,NYSE,United States
GBFH,GBank Financial Holdings Inc. - Common Stock,NASDAQ,United States
GCL,GCL Global Holdings Ltd - Ordinary Shares,NASDAQ,United States
GCMG,GCM Grosvenor Inc. - Class A Common Stock,NASDAQ,United States
GCTS,"GCT Semiconductor Holding, Inc. Common Stock",NYSE,United States
GDC,GD Culture Group Limited - Common Stock,NASDAQ,United States
GDEV,GDEV Inc. - Ordinary Shares,NASDAQ,United States
GDS,GDS Holdings Limited - American Depositary Shares,NASDAQ,United States
GE,GE Aerospace Common Stock,NYSE,United States
GEHC,GE HealthCare Technologies Inc. - Common Stock,NASDAQ,United States
GEV,GE Vernova Inc. Common Stock,NYSE,United States
JOB,GEE Group Inc. Common Stock,NYSE MKT,United States
GENK,"GEN Restaurant Group, Inc. - Class A Common Stock",NASDAQ,United States
GFL,"GFL Environmental Inc. Subordinate voting shares, no par value",NYSE,United States
GHRS,GH Research PLC - Ordinary Shares,NASDAQ,United States
GIBO,GIBO Holdings Limited - Class A Ordinary Shares,NASDAQ,United States
GMEX,GMEX ROBOTICS CORPORATION - Class A Ordinary Shares,NASDAQ,United States
GMRS,GMR Solutions Inc. Class A Common Stock,NYSE,United States
GPAT,GP-Act III Acquisition Corp. - Class A Ordinary Share,NASDAQ,United States
GPGI,"GPGI, Inc. Class A Common Stock",NYSE,United States
GRAL,"GRAIL, Inc. - Common Stock",NASDAQ,United States
GRVY,"GRAVITY Co., Ltd. - American depositary shares, each representing one common share.",NASDAQ,United States
GRI,"GRI Bio, Inc. - Common Stock",NASDAQ,United States
GSIT,"GSI Technology, Inc. - Common Stock",NASDAQ,United States
GSKH,GSK plc ADRhedged,NYSE ARCA,United States
GSK,GSK plc American Depositary Shares (Each representing two Ordinary Shares),NYSE,United States
GSRF,GSR IV Acquisition Corp. - Class A ordinary share,NASDAQ,United States
GSRV,GSR V Acquisition Corp. - Class A ordinary shares,NASDAQ,United States
GTBP,"GT Biopharma, Inc. - Common Stock",NASDAQ,United States
GXO,"GXO Logistics, Inc. Common Stock",NYSE,United States
GLU,Gabelli Global Utility Common Shares of Beneficial Ownership,NYSE MKT,United States
GAIA,"Gaia, Inc. - Class A Common Stock",NASDAQ,United States
GANX,"Gain Therapeutics, Inc. - Common Stock",NASDAQ,United States
LATA,Galata Acquisition Corp. II - Class A Ordinary Shares,NASDAQ,United States
GLXY,Galaxy Digital Inc. - Class A common stock,NASDAQ,United States
GLXG,Galaxy Payroll Group Limited - Class A Ordinary Shares,NASDAQ,United States
GLED,GalaxyEdge Acquisition Corporation Ordinary Shares,NYSE,United States
GALT,Galectin Therapeutics Inc. - Common Stock,NASDAQ,United States
GAU,Galiano Gold Inc.,NYSE MKT,United States
GYGY,"Game Your Game, Inc. - Common Stock",NASDAQ,United States
GAME,"GameSquare Holdings, Inc. - Common stock",NASDAQ,United States
GME,GameStop Corporation Common Stock,NYSE,United States
GMHS,Gamehaus Holdings Inc. - Class A Ordinary Shares,NASDAQ,United States
GLPI,"Gaming and Leisure Properties, Inc. - Common Stock",NASDAQ,United States
GOTU,Gaotu Techedu Inc. American Depositary Shares,NYSE,United States
GAP,"Gap, Inc. (The) Common Stock",NYSE,United States
GSIW,Garden Stage Limited - Class A Ordinary Shares,NASDAQ,United States
GRMN,Garmin Ltd. Common Stock (Switzerland),NYSE,United States
GTX,Garrett Motion Inc. - Common Stock,NASDAQ,United States
IT,"Gartner, Inc. Common Stock",NYSE,United States
GTES,Gates Industrial Corporation Ltd. Common Shares,NYSE,United States
GAUZ,Gauzy Ltd. - Ordinary Shares,NASDAQ,United States
GXAI,Gaxos.ai Inc. - Common Stock,NASDAQ,United States
GELS,Gelteq Limited - Ordinary Shares,NASDAQ,United States
GEMI,"Gemini Space Station, Inc. - Class A Common Stock",NASDAQ,United States
GEN,Gen Digital Inc. - Common Stock,NASDAQ,United States
GNSS,Genasys Inc. - Common Stock,NASDAQ,United States
GNK,Genco Shipping & Trading Limited Ordinary Shares New (Marshall Islands),NYSE,United States
GENC,"Gencor Industries, Inc. Common Stock",NYSE MKT,United States
WGS,GeneDx Holdings Corp. - Class A Common Stock,NASDAQ,United States
GNLX,Genelux Corporation - Common Stock,NASDAQ,United States
GNTA,Genenta Science S.p.A. - American Depositary Shares,NASDAQ,United States
GNRC,Generac Holdlings Inc. Common Stock,NYSE,United States
GAM,"General American Investors, Inc. Common Stock",NYSE,United States
GCGR,General Catalyst Global Resilience Merger Corp. - Class A Ordinary Shares,NASDAQ,United States
GD,General Dynamics Corporation Common Stock,NYSE,United States
GFUZ,General Fusion Group Ltd. - Common Shares,NASDAQ,United States
GIS,"General Mills, Inc. Common Stock",NYSE,United States
GM,General Motors Company Common Stock,NYSE,United States
GPAC,General Purpose Acquisition Corp. - Class A Ordinary Shares,NASDAQ,United States
GENB,"Generate Biomedicines, Inc. - Common Stock",NASDAQ,United States
GIPR,Generation Income Properties Inc. - Common stock,NASDAQ,United States
GCO,Genesco Inc. Common Stock,NYSE,United States
GNE,Genie Energy Ltd. Class B Common Stock Stock,NYSE,United States
GNS,Genius Group Limited Ordinary Shares,NYSE MKT,United States
GENI,Genius Sports Limited Ordinary Shares,NYSE,United States
GMAB,Genmab A/S - American Depositary Shares,NASDAQ,United States
G,Genpact Limited Common Stock,NYSE,United States
GNPX,"Genprex, Inc. - Common Stock",NASDAQ,United States
GNTX,Gentex Corporation - Common Stock,NASDAQ,United States
THRM,Gentherm Inc - Common Stock,NASDAQ,United States
GPC,Genuine Parts Company Common Stock,NYSE,United States
GNW,Genworth Financial Inc Common Stock,NYSE,United States
GEO,Geo Group Inc (The) REIT,NYSE,United States
GOVX,"GeoVax Labs, Inc. - Common Stock",NASDAQ,United States
GPRK,Geopark Ltd Common Shares,NYSE,United States
GEOS,Geospace Technologies Corporation - Common Stock,NASDAQ,United States
GGB,Gerdau S.A. Common Stock,NYSE,United States
GABC,"German American Bancorp, Inc. - Common Stock",NASDAQ,United States
GERN,Geron Corporation - Common Stock,NASDAQ,United States
GSHR,Gesher Acquisition Corp. II - Class A Ordinary Shares,NASDAQ,United States
GETY,"Getty Images Holdings, Inc. Class A Common Stock",NYSE,United States
GTY,Getty Realty Corporation Common Stock,NYSE,United States
GEVO,"Gevo, Inc. - Common Stock",NASDAQ,United States
ROCK,"Gibraltar Industries, Inc. - Common Stock",NASDAQ,United States
GIFT,"Giftify, Inc. - Common Stock",NASDAQ,United States
GIW,GigCapital8 Corp. - Class A Ordinary Shares,NASDAQ,United States
GIX,GigCapital9 Corp. - Class A Ordinary Share,NASDAQ,United States
GCT,GigaCloud Technology Inc - Class A Ordinary Shares,NASDAQ,United States
GIGM,GigaMedia Limited - Ordinary Shares,NASDAQ,United States
GILT,Gilat Satellite Networks Ltd. - Ordinary Shares,NASDAQ,United States
GIL,"Gildan Activewear, Inc. Class A Sub. Vot. Common Stock",NYSE,United States
GILD,"Gilead Sciences, Inc. - Common Stock",NASDAQ,United States
DNA,"Ginkgo Bioworks Holdings, Inc. Class A Common Stock",NYSE,United States
GTLB,GitLab Inc. - Class A Common Stock,NASDAQ,United States
GIXI,Gix Internet Ltd. - Ordinary Shares,NASDAQ,United States
GBCI,"Glacier Bancorp, Inc. Common Stock",NYSE,United States
GAIN,Gladstone Investment Corporation - Business Development Company,NASDAQ,United States
LAND,Gladstone Land Corporation - Common Stock,NASDAQ,United States
GLAS,Glass House Brands Inc. Subordinate Voting Shares,NYSE,United States
GKOS,Glaukos Corporation Common Stock,NYSE,United States
GTERA,Globa Terra Acquisition Corporation - Class A Ordinary Shares,NASDAQ,United States
GBTG,"Global Business Travel Group, Inc. Class A Common Stock",NYSE,United States
GLE,Global Engine Group Holding Limited - Class A Ordinary Shares,NASDAQ,United States
GBLI,"Global Indemnity Group, LLC - Class A Common Shares",NASDAQ,United States
GIC,Global Industrial Company Common Stock,NYSE,United States
GITS,"Global Interactive Technologies, Inc. Common Stock - Common Stock",NASDAQ,United States
GMM,Global Mofy AI Limited  - Class A Ordinary Shares,NASDAQ,United States
GNL,"Global Net Lease, Inc. Common Stock",NYSE,United States
GPN,Global Payments Inc. Common Stock,NYSE,United States
SELF,"Global Self Storage, Inc. - Common Stock",NASDAQ,United States
GSL,Global Ship Lease Inc New Class A Common Shares,NYSE,United States
GWRS,"Global Water Resources, Inc. - common stock",NASDAQ,United States
GLBE,Global-E Online Ltd. - ordinary shares,NASDAQ,United States
GFS,GlobalFoundries Inc. - Ordinary Share,NASDAQ,United States
GSAT,"Globalstar, Inc. - Common Stock",NASDAQ,United States
GLOB,Globant S.A. Common Shares,NYSE,United States
GVH,Globavend Holdings Limited - Ord Shares,NASDAQ,United States
GL,Globe Life Inc. Common Stock,NYSE,United States
GLBS,Globus Maritime Limited - Common Stock,NASDAQ,United States
GMED,"Globus Medical, Inc. Class A Common Stock",NYSE,United States
GLOO,"Gloo Holdings, Inc. - Common Stock",NASDAQ,United States
GCTK,"GlucoTrack, Inc. - Common Stock",NASDAQ,United States
GDDY,GoDaddy Inc. Class A Common Stock,NYSE,United States
GPRO,"GoPro, Inc. - Class A Common Stock",NASDAQ,United States
GOGO,Gogo Inc. - Common Stock,NASDAQ,United States
GGR,Gogoro Inc. - Ordinary Shares,NASDAQ,United States
GLNG,Golar LNG Limited - Common Shares,NASDAQ,United States
GFI,Gold Fields Limited American Depositary Shares,NYSE,United States
GROY,Gold Royalty Corp. Common Shares,NYSE MKT,United States
AUXX,Gold X2 Mining Inc. Common Shares,NYSE MKT,United States
GOLD,"Gold.com, Inc. Common Stock",NYSE,United States
GLDG,GoldMining Inc. Common Shares,NYSE MKT,United States
GDHG,Golden Heaven Group Holdings Ltd.  - Class A Ordinary Shares,NASDAQ,United States
GSUN,Golden Sun Technology Group Limited - Class A Ordinary Shares,NASDAQ,United States
GORO,Goldgroup Mining Inc. Common Shares,NYSE MKT,United States
GSBD,"Goldman Sachs BDC, Inc. Common Stock",NYSE,United States
GS,"Goldman Sachs Group, Inc. (The) Common Stock",NYSE,United States
GS$D,"Goldman Sachs Group, Inc. (The) Dep Shs repstg 1/1000 Pfd Ser D Fltg",NYSE,United States
GTIM,Good Times Restaurants Inc. - Common Stock,NASDAQ,United States
GDRX,"GoodRx Holdings, Inc. - Class A Common Stock",NASDAQ,United States
GSHD,"Goosehead Insurance, Inc. - Class A Common Stock",NASDAQ,United States
GTEN,"Gores Holdings X, Inc. - Class A ordinary shares",NASDAQ,United States
GHXI,"Gores Holdings XI, Inc. - Class A Ordinary Shares",NASDAQ,United States
GRRR,Gorilla Technology Group Inc. - Ordinary shares,NASDAQ,United States
GRC,Gorman-Rupp Company (The) Common Stock,NYSE,United States
GOSS,"Gossamer Bio, Inc. - Common Stock",NASDAQ,United States
GRAB,Grab Holdings Limited - Class A Ordinary Shares,NASDAQ,United States
PEW,GrabAGun Digital Holdings Inc. Common Stock,NYSE,United States
GRCE,"Grace Therapeutics, Inc. - Common Stock",NASDAQ,United States
GGG,Graco Inc. Common Stock,NYSE,United States
TONT,Graf Global Corp. Class A ordinary shares,NYSE MKT,United States
EAF,GrafTech International Ltd. Common Stock,NYSE,United States
GHM,Graham Corporation Common Stock,NYSE,United States
GHC,Graham Holdings Company Common Stock,NYSE,United States
GTE,Gran Tierra Energy Inc. Common Stock,NYSE MKT,United States
LOPE,"Grand Canyon Education, Inc. - Common Stock",NASDAQ,United States
GRAN,Grande Group Limited - Class A Ordinary Shares,NASDAQ,United States
GRSD,Grandstand Limited - Ordinary Shares,NASDAQ,United States
GVA,Granite Construction Incorporated Common Stock,NYSE,United States
GRNT,"Granite Ridge Resources, Inc. Common Stock",NYSE,United States
GPK,Graphic Packaging Holding Company,NYSE,United States
GTN.A,"Gray Media, Inc. Class A Common Stock",NYSE,United States
GTN,"Gray Media, Inc. Common Stock",NYSE,United States
GEG,"Great Elm Group, Inc.  - Common Stock",NASDAQ,United States
GSBC,"Great Southern Bancorp, Inc. - Common Stock",NASDAQ,United States
GRBK,"Green Brick Partners, Inc. Common Stock",NYSE,United States
GCDT,Green Circle Decarbonize Technology Limited Class A Ordinary Shares,NYSE MKT,United States
GDOT,"Green Dot Corporation Class A Common Stock, $0.001 par value",NYSE,United States
GPRE,"Green Plains, Inc. - Common Stock",NASDAQ,United States
GP,GreenPower Motor Company Inc. - Common Shares,NASDAQ,United States
GHG,"GreenTree Hospitality Group Ltd. American depositary shares, each representing one Class A ordinary share",NYSE,United States
GBX,"Greenbrier Companies, Inc. (The) Common Stock",NYSE,United States
GCBC,"Greene County Bancorp, Inc. - Common Stock",NASDAQ,United States
GFR,Greenfire Resources Ltd. Common Shares,NYSE,United States
GLND,Greenland Energy Company - Common Stock,NASDAQ,United States
GRML,Greenland Mines Ltd - Common Stock,NASDAQ,United States
GTEC,Greenland Technologies Holding Corporation - Class A Ordinary Shares,NASDAQ,United States
GNLN,"Greenlane Holdings, Inc. - Class A Common Stock",NASDAQ,United States
GLRE,"Greenlight Reinsurance, Ltd. - Class A Ordinary Shares",NASDAQ,United States
GRNQ,Greenpro Capital Corp. - Common Stock,NASDAQ,United States
GWAV,"Greenwave Technology Solutions, Inc. - Common Stock",NASDAQ,United States
GLSI,"Greenwich LifeSciences, Inc. - Common stock",NASDAQ,United States
GEF,Greif Inc. Class A Common Stock,NYSE,United States
GEF.B,"Greif, Inc. Corporation Class B Common Stock",NYSE,United States
GDYN,"Grid Dynamics Holdings, Inc. - Class A Common Stock",NASDAQ,United States
GRDX,GridAI Technologies Corp.  - Common Stock,NASDAQ,United States
GFF,Griffon Corporation Common Stock,NYSE,United States
GRFS,"Grifols, S.A. - American Depositary Shares",NASDAQ,United States
GRND,Grindr Inc. Common Stock,NYSE,United States
GO,Grocery Outlet Holding Corp. - Common Stock,NASDAQ,United States
GPI,"Group 1 Automotive, Inc. Common Stock",NYSE,United States
GRPN,"Groupon, Inc. - Common Stock",NASDAQ,United States
GROV,"Grove Collaborative Holdings, Inc. Class A Common Stock",NYSE,United States
GRWG,GrowGeneration Corp. - Common Stock,NASDAQ,United States
AERO,"Grupo Aeromexico, S.A.B. de C.V. American Depositary Shares (each representing ten (10) Common Shares)",NYSE,United States
PAC,"Grupo Aeroportuario Del Pacifico, S.A. B. de C.V. Grupo Aeroportuario Del Pacifico, S.A. de C.V. (each representing 10 Series B shares)",NYSE,United States
OMAB,Grupo Aeroportuario del Centro Norte S.A.B. de C.V. - American Depositary Shares each representing 8 Series B shares,NASDAQ,United States
ASR,"Grupo Aeroportuario del Sureste, S.A. de C.V. Common Stock",NYSE,United States
GGAL,"Grupo Financiero Galicia S.A. - American Depositary Shares, Class B Shares underlying",NASDAQ,United States
SIM,"Grupo Simec, S.A.B. de C.V. American Depositary Shares",NYSE MKT,United States
SUPV,Grupo Supervielle S.A. American Depositary Shares each Representing five Class B shares,NYSE,United States
TV,Grupo Televisa S.A.B. Common Stock,NYSE,United States
GH,"Guardant Health, Inc. - Common Stock",NASDAQ,United States
GFAI,"Guardforce AI Co., Limited - Ordinary Shares",NASDAQ,United States
GMTL,Guardian Metal Resources PLC ADS,NYSE MKT,United States
GRDN,"Guardian Pharmacy Services, Inc. Class A Common Stock",NYSE,United States
GWRE,"Guidewire Software, Inc. Common Stock",NYSE,United States
GURE,"Gulf Resources, Inc. - Common Stock",NASDAQ,United States
GPOR,Gulfport Energy Corporation Common Shares,NYSE,United States
GYRE,"Gyre Therapeutics, Inc. - Common Stock",NASDAQ,United States
GYRO,"Gyrodyne , LLC - Common Stock",NASDAQ,United States
HTHT,H World Group Limited - American Depositary Shares,NASDAQ,United States
HRB,"H&R Block, Inc. Common Stock",NYSE,United States
FUL,H. B. Fuller Company Common Stock,NYSE,United States
HTO,H2O America  - Common Stock,NASDAQ,United States
HASI,"HA Sustainable Infrastructure Capital, Inc. Common Stock",NYSE,United States
HBT,"HBT Financial, Inc. - Common Stock",NASDAQ,United States
HCA,"HCA Healthcare, Inc. Common Stock",NYSE,United States
HCI,"HCI Group, Inc. Common Stock",NYSE,United States
HCMA,HCM III Acquisition Corp. - Class A Ordinary Share,NASDAQ,United States
HACQ,HCM IV Acquisition Corp. - Class A Ordinary Share,NASDAQ,United States
HCWB,HCW Biologics Inc. - Common Stock,NASDAQ,United States
HDB,HDFC Bank Limited Common Stock,NYSE,United States
HFFG,HF Foods Group Inc. - Common Stock,NASDAQ,United States
DINO,HF Sinclair Corporation Common Stock,NYSE,United States
HIVE,HIVE Digital Technologies Ltd - Common Shares,NASDAQ,United States
HMH,HMH Holding Inc. - Common Stock,NASDAQ,United States
HNI,HNI Corporation Common Stock,NYSE,United States
HPQ,HP Inc. Common Stock,NYSE,United States
HSBH,HSBC Holdings plc ADRhedged,NYSE ARCA,United States
HSBC,"HSBC Holdings, plc. Common Stock",NYSE,United States
HUHU,HUHUTECH International Group Inc. - Ordinary Shares,NASDAQ,United States
HCM,HUTCHMED (China) Limited - American Depositary Shares,NASDAQ,United States
HUYA,"HUYA Inc. American depositary shares, each  representing one Class A ordinary share",NYSE,United States
HWH,HWH International Inc. - Common Stock,NASDAQ,United States
HDRN,"Hadron Energy, Inc. - Common Stock",NASDAQ,United States
HAE,Haemonetics Corporation Common Stock,NYSE,United States
HAFN,Hafnia Limited Common Shares,NYSE,United States
HGTY,"Hagerty, Inc. Class A Common Stock",NYSE,United States
HLN,Haleon plc American Depositary Shares (Each representing two Ordinary Shares),NYSE,United States
HCAC,Hall Chadwick Acquisition Corp. - Class A Ordinary Shares,NASDAQ,United States
HNRG,Hallador Energy Company - Common Stock,NASDAQ,United States
HAL,Halliburton Company Common Stock,NYSE,United States
HALO,"Halozyme Therapeutics, Inc. - Common Stock",NASDAQ,United States
HBB,Hamilton Beach Brands Holding Company Class A Common Stock,NYSE,United States
HG,"Hamilton Insurance Group, Ltd. Class B Common Shares",NYSE,United States
HLNE,Hamilton Lane Incorporated - Class A Common Stock,NASDAQ,United States
HWC,Hancock Whitney Corporation - Common Stock,NASDAQ,United States
FOFO,"Hang Feng Technology Innovation Co., Ltd. - Ordinary Shares",NASDAQ,United States
HAFC,Hanmi Financial Corporation - Common Stock,NASDAQ,United States
HNVR,"Hanover Bancorp, Inc. - Common Stock",NASDAQ,United States
THG,Hanover Insurance Group Inc,NYSE,United States
HAO,Haoxi Health Technology Limited - Class A Ord Share,NASDAQ,United States
HXHX,Haoxin Holdings Limited - Class A Ordinary Shares,NASDAQ,United States
HAPN,"Happen, Inc. - Common Stock",NASDAQ,United States
HCHL,Happy City Holdings Limited - Class A Ordinary shares,NASDAQ,United States
HOG,"Harley-Davidson, Inc. Common Stock",NYSE,United States
HLIT,Harmonic Inc. - Common Stock,NASDAQ,United States
HRMY,"Harmony Biosciences Holdings, Inc. - Common Stock",NASDAQ,United States
HMY,Harmony Gold Mining Company Limited,NYSE,United States
HROW,"Harrow, Inc. - Common Stock",NASDAQ,United States
HHS,"Harte Hanks, Inc. - Common Stock",NASDAQ,United States
HAVA,Harvard Ave Acquisition Corporation - Class A Ordinary Share,NASDAQ,United States
HBIO,"Harvard Bioscience, Inc. - Common Stock",NASDAQ,United States
HAS,"Hasbro, Inc. - Common Stock",NASDAQ,United States
HVT,"Haverty Furniture Companies, Inc. Common Stock",NYSE,United States
HVT.A,"Haverty Furniture Companies, Inc. Common Stock",NYSE,United States
HE,"Hawaiian Electric Industries, Inc. Common Stock",NYSE,United States
HAWK,"HawkEye 360, Inc. Common Stock",NYSE,United States
HWKN,"Hawkins, Inc. - Common Stock",NASDAQ,United States
HWBK,"Hawthorn Bancshares, Inc. - Common Stock",NASDAQ,United States
HAYW,"Hayward Holdings, Inc. Common Stock",NYSE,United States
HCAT,"Health Catalyst, Inc - Common stock",NASDAQ,United States
HIT,"Health In Tech, Inc. - Class A Common Stock",NASDAQ,United States
HQY,"HealthEquity, Inc. - Common Stock",NASDAQ,United States
HSTM,"HealthStream, Inc. - Common Stock",NASDAQ,United States
HCSG,"Healthcare Services Group, Inc. - Common Stock",NASDAQ,United States
HCTI,"Healthcare Triangle, Inc. - Common Stock",NASDAQ,United States
DOC,"Healthpeak Properties, Inc. Common Stock",NYSE,United States
HSCS,HeartSciences Inc. - Common Stock,NASDAQ,United States
BEAT,"Heartbeam, Inc. - Common Stock",NASDAQ,United States
HTCR,"Heartcore Enterprises, Inc. - Common Stock",NASDAQ,United States
HTFL,"Heartflow, Inc. - Common Stock",NASDAQ,United States
HTLD,"Heartland Express, Inc. - Common Stock",NASDAQ,United States
HL,Hecla Mining Company Common Stock,NYSE,United States
HEI,Heico Corporation Common Stock,NYSE,United States
HEI.A,Heico Corporation Common Stock,NYSE,United States
HMR,Heidmar Maritime Holdings Corp. - Common Stock,NASDAQ,United States
HELE,Helen of Troy Limited - Common Stock,NASDAQ,United States
HLIO,"Helios Technologies, Inc. Common Stock",NYSE,United States
HLXC,Helix Acquisition Corp. III - Class A Ordinary Shares,NASDAQ,United States
MOMO,Hello Group Inc.  - American Depositary Shares,NASDAQ,United States
HP,"Helmerich & Payne, Inc. Common Stock",NYSE,United States
HPAI,Helport AI Limited - Ordinary Shares,NASDAQ,United States
COAG,"Hemab Therapeutics Holdings, Inc. - Common Stock",NASDAQ,United States
HNNA,"Hennessy Advisors, Inc. - Common Stock",NASDAQ,United States
HVII,Hennessy Capital Investment Corp. VII - Ordinary Shares,NASDAQ,United States
HCIC,Hennessy Capital Investment Corp. VIII - Class A Ordinary Shares,NASDAQ,United States
HSIC,"Henry Schein, Inc. - Common Stock",NASDAQ,United States
HLF,Herbalife Ltd. Common Shares,NYSE,United States
HRI,Herc Holdings Inc. Common Stock,NYSE,United States
HTGC,"Hercules Capital, Inc. Common Stock",NYSE,United States
HERE,Here Group Limited - American Depositary Shares,NASDAQ,United States
HFWA,Heritage Financial Corporation - Common Stock,NASDAQ,United States
HGBL,Heritage Global Inc. - Common Stock,NASDAQ,United States
HRTG,"Heritage Insurance Holdings, Inc. Common Stock",NYSE,United States
HRTX,"Heron Therapeutics, Inc.   - Common Stock",NASDAQ,United States
HTZ,"Hertz Global Holdings, Inc - Common Stock",NASDAQ,United States
HSAI,Hesai Group - American Depositary Share,NASDAQ,United States
HESM,Hess Midstream LP Class A Representing Limited Partner Interests,NYSE,United States
HPE,Hewlett Packard Enterprise Company Common Stock,NYSE,United States
HXL,Hexcel Corporation Common Stock,NYSE,United States
ROLR,"High Roller Technologies, Inc. Common Stock",NYSE MKT,United States
HTT,"High Templar Tech Limited American depositary shares, each representing one Class A ordinary share",NYSE,United States
HITI,High Tide Inc. - Common Shares,NASDAQ,United States
HTCO,High-Trend International Group - Class A Ordinary Shares,NASDAQ,United States
HPK,"HighPeak Energy, Inc. - Common Stock",NASDAQ,United States
HSLV,Highlander Silver Corp. Common Shares,NYSE MKT,United States
HVMC,Highview Merger Corp. - Class A Ordinary Share,NASDAQ,United States
HIHO,Highway Holdings Limited - Common Stock,NASDAQ,United States
HIW,"Highwoods Properties, Inc. Common Stock",NYSE,United States
HLMN,Hillman Solutions Corp. - Common Stock,NASDAQ,United States
HTH,Hilltop Holdings Inc.,NYSE,United States
HGV,Hilton Grand Vacations Inc. Common Stock,NYSE,United States
HLT,Hilton Worldwide Holdings Inc. Common Stock,NYSE,United States
HSHP,Himalaya Shipping Ltd. Common Shares,NYSE,United States
HIMX,"Himax Technologies, Inc. - American depositary shares, each of which represents two ordinary shares.",NASDAQ,United States
HIMS,"Hims & Hers Health, Inc. Class A Common Stock",NYSE,United States
HNGE,"Hinge Health, Inc. Class A Common Stock",NYSE,United States
HIFS,Hingham Institution for Savings - Common Stock,NASDAQ,United States
HIPO,Hippo Holdings Inc. Common Stock,NYSE,United States
HQI,"HireQuest, Inc. - Common Stock",NASDAQ,United States
HKIT,Hitek Global Inc. - Class A Ordinary Share,NASDAQ,United States
HLLY,Holley Inc. Common Stock,NYSE,United States
HOMB,"Home BancShares, Inc. Common Stock",NYSE,United States
HBCP,"Home Bancorp, Inc. - Common Stock",NASDAQ,United States
HD,"Home Depot, Inc. (The) Common Stock",NYSE,United States
HFBL,"Home Federal Bancorp, Inc. of Louisiana - Common Stock",NASDAQ,United States
HTLM,HomesToLife Ltd - Ordinary Shares,NASDAQ,United States
HMC,"Honda Motor Company, Ltd. Common Stock",NYSE,United States
HONA,Honeywell Aerospace Inc. - Common Stock,NASDAQ,United States
HON,Honeywell International Inc. - Common Stock,NASDAQ,United States
HLP,Hongli Group Inc. - Class A Ordinary Shares,NASDAQ,United States
HOFT,Hooker Furnishings Corporation - Common Stock,NASDAQ,United States
HOPE,"Hope Bancorp, Inc. - Common Stock",NASDAQ,United States
HMN,Horace Mann Educators Corporation Common Stock,NYSE,United States
HBNC,"Horizon Bancorp, Inc. - Common Stock",NASDAQ,United States
HQ,Horizon Quantum Holdings Ltd. - Class A Ordinary Shares,NASDAQ,United States
HRZN,Horizon Technology Finance Corporation - Common Stock,NASDAQ,United States
HRL,Hormel Foods Corporation Common Stock,NYSE,United States
HOS,"Hornbeck Offshore Services, Inc. Common Stock",NYSE,United States
HOST,Host Digital Inc. Class A Common Stock,NYSE MKT,United States
HST,"Host Hotels & Resorts, Inc. - Common Stock",NASDAQ,United States
HBNB,Hotel101 Global Holdings Corp. - Class A Ordinary Shares,NASDAQ,United States
HLI,"Houlihan Lokey, Inc. Class A Common Stock",NYSE,United States
HOUR,"Hour Loop, Inc. - common stock",NASDAQ,United States
HODO,House of Doge Inc. - Common Stock,NASDAQ,United States
HOV,"Hovnanian Enterprises, Inc. Class A Common Stock",NYSE,United States
HHH,Howard Hughes Holdings Inc. Common Stock,NYSE,United States
HWM,Howmet Aerospace Inc. Common Stock,NYSE,United States
HYNE,"Hoyne Bancorp, Inc. - Common Stock",NASDAQ,United States
HCAI,"Huachen AI Parking Management Technology Holding Co., Ltd. - Class A Ordinary Shares",NASDAQ,United States
HUDI,"Huadi International Group Co., Ltd. - Ordinary Shares",NASDAQ,United States
HUBC,Hub Cyber Security Ltd. - Ordinary Shares,NASDAQ,United States
HUBG,"Hub Group, Inc. - Class A Common Stock",NASDAQ,United States
HUBS,"HubSpot, Inc. Common Stock",NYSE,United States
HUBB,Hubbell Inc Common Stock,NYSE,United States
HBM,Hudbay Minerals Inc. Ordinary Shares (Canada),NYSE,United States
HPP,"Hudson Pacific Properties, Inc. Common Stock",NYSE,United States
HDSN,"Hudson Technologies, Inc. - Common Stock",NASDAQ,United States
HUIZ,Huize Holding Limited - American Depositary Shares,NASDAQ,United States
HUMA,"Humacyte, Inc. - Common Stock",NASDAQ,United States
HUM,Humana Inc. Common Stock,NYSE,United States
HBAN,Huntington Bancshares Incorporated - Common Stock,NASDAQ,United States
HII,"Huntington Ingalls Industries, Inc. Common Stock",NYSE,United States
HUN,Huntsman Corporation Common Stock,NYSE,United States
HURC,"Hurco Companies, Inc. - Common Stock",NASDAQ,United States
HURN,Huron Consulting Group Inc. - Common Stock,NASDAQ,United States
HUT,Hut 8 Corp. - Common Stock,NASDAQ,United States
H,Hyatt Hotels Corporation Class A Common Stock,NYSE,United States
HYMC,Hycroft Mining Holding Corporation - Class A Common Stock,NASDAQ,United States
HYFM,"Hydrofarm Holdings Group, Inc. - Common Stock",NASDAQ,United States
HYLN,Hyliion Holdings Corp. Class A Common Stock,NYSE MKT,United States
HYPR,"Hyperfine, Inc.  - Class A Common Stock",NASDAQ,United States
HYPD,"Hyperion DeFi, Inc. - Common Stock",NASDAQ,United States
PURR,Hyperliquid Strategies Inc - Common Stock,NASDAQ,United States
GPUS,"Hyperscale Data, Inc. Common Stock",NYSE MKT,United States
HY,"Hyster-Yale, Inc. Class A common stock",NYSE,United States
IBAC,IB Acquisition Corp. - Common Stock,NASDAQ,United States
IBEX,IBEX Limited - Common Share,NASDAQ,United States
ICFI,"ICF International, Inc. - Common Stock",NASDAQ,United States
IBN,ICICI Bank Limited Common Stock,NYSE,United States
ICL,ICL Group Ltd. Ordinary Shares,NYSE,United States
ICLR,ICON plc - Ordinary Shares,NASDAQ,United States
ICUI,"ICU Medical, Inc. - Common Stock",NASDAQ,United States
IZM,ICZOOM Group Inc. - Class A Ordinary Shares,NASDAQ,United States
IDA,"IDACORP, Inc. Common Stock",NYSE,United States
IDYA,"IDEAYA Biosciences, Inc. - Common Stock",NASDAQ,United States
IEX,IDEX Corporation Common Stock,NYSE,United States
IDXX,"IDEXX Laboratories, Inc. - Common Stock",NASDAQ,United States
IDT,IDT Corporation Class B Common Stock,NYSE,United States
IESC,"IES Holdings, Inc. - Common Stock",NASDAQ,United States
ZIEXT,IEX Test Company Test Symbol One for IEX,IEX,United States
ZXIET,IEX Test Company Test Symbol Three for IEX,IEX,United States
ZEXIT,IEX Test Company Test Symbol Two for IEX,IEX,United States
IGC,"IGC Pharma, Inc. Common Stock",NYSE MKT,United States
IGZ,IGZ (Listing Market NYSE Arca Network B F) Common Stock,NYSE ARCA,United States
IHS,IHS Holding Limited Ordinary Shares,NYSE,United States
IMCC,IM Cannabis Corp. - Common Shares,NASDAQ,United States
IMC,IMC Rare Earths Ltd Ordinary Shares,NYSE MKT,United States
INAB,"IN8bio, Inc. - Common Stock",NASDAQ,United States
ING,"ING Group, N.V. Common Stock",NYSE,United States
INLF,INLIF LIMITED - Class A Ordinary shares,NASDAQ,United States
INEO,INNEOVA Holdings Limited - Class A Ordinary Shares,NASDAQ,United States
INIO,INNIO N.V. - Ordinary Shares,NASDAQ,United States
VATE,INNOVATE Corp. Common Stock,NYSE,United States
IVR,INVESCO MORTGAGE CAPITAL INC Common Stock,NYSE,United States
IVF,"INVO Fertility, Inc. - Common Stock",NASDAQ,United States
INMB,INmune Bio Inc. - Common stock,NASDAQ,United States
IPST,"IP Strategy Holdings, Inc. - Common Stock",NASDAQ,United States
IPGP,IPG Photonics Corporation - Common Stock,NASDAQ,United States
IQMX,IQM Quantum Computers Oyj - American Depositary Shares,NASDAQ,United States
IQV,"IQVIA Holdings, Inc. Common Stock",NYSE,United States
IREN,IREN Limited - Ordinary Shares,NASDAQ,United States
IRIX,IRIDEX Corporation - Common Stock,NASDAQ,United States
IRS,IRSA Inversiones Y Representaciones S.A. Global Depositary Shares (Each representing ten shares of Common Stock),NYSE,United States
ITP,"IT Tech Packaging, Inc. Common Stock",NYSE MKT,United States
ITG,"ITG, Inc. - Class A Common Stock",NASDAQ,United States
ITHA,ITHAX Acquisition Corp III - Class A Ordinary Shares,NASDAQ,United States
ITT,ITT Inc. Common Stock,NYSE,United States
IZEA,"IZEA Worldwide, Inc. - Common Stock",NASDAQ,United States
IAG,Iamgold Corporation Ordinary Shares,NYSE,United States
IBTA,"Ibotta, Inc. Class A Common Stock",NYSE,United States
ICCM,IceCure Medical Ltd. - Ordinary Shares,NASDAQ,United States
ICHR,Ichor Holdings - Ordinary Shares,NASDAQ,United States
ICON,Icon Energy Corp. - Common stock,NASDAQ,United States
COPR,Idaho Copper Corporation Common Stock,NYSE MKT,United States
IDR,"Idaho Strategic Resources, Inc. Common Stock",NYSE MKT,United States
IACO,Idea Acquisition Corp. - Class A Ordinary Shares,NASDAQ,United States
IPWR,Ideal Power Inc. - Common Stock,NASDAQ,United States
INVE,"Identiv, Inc. - Common Stock",NASDAQ,United States
ITW,Illinois Tool Works Inc. Common Stock,NYSE,United States
ILMN,"Illumina, Inc. - Common Stock",NASDAQ,United States
ILLU,Illumination Acquisition Corp I - Class A Ordinary Shares,NASDAQ,United States
IMA,"ImageneBio, Inc. - Common Stock",NASDAQ,United States
IMAX,Imax Corporation Common Stock,NYSE,United States
IMTX,Immatics N.V. - Ordinary Shares,NASDAQ,United States
IMMR,Immersion Corporation - Common Stock,NASDAQ,United States
IMMX,"Immix Biopharma, Inc. - Common Stock",NASDAQ,United States
ICCC,ImmuCell Corporation - Common Stock,NASDAQ,United States
IMRX,Immuneering Corporation - Class A Common Stock,NASDAQ,United States
IMUX,"Immunic, Inc.  - Common Stock",NASDAQ,United States
IMCR,Immunocore Holdings plc - American Depositary Shares,NASDAQ,United States
IMNM,"Immunome, Inc. - Common Stock",NASDAQ,United States
IMVT,"Immunovant, Inc.  - Common Stock",NASDAQ,United States
IMRN,Immuron Limited - American Depositary Shares,NASDAQ,United States
IMMP,Immutep Limited - American Depositary Shares,NASDAQ,United States
IBO,"Impact BioMedical, Inc. Common Stock",NYSE MKT,United States
IMO,Imperial Oil Limited Common Stock,NYSE MKT,United States
IMPP,Imperial Petroleum Inc. - Common Shares,NASDAQ,United States
PI,"Impinj, Inc. - Common Stock",NASDAQ,United States
IMNN,"Imunon, Inc. - Common Stock",NASDAQ,United States
INM,InMed Pharmaceuticals Inc. - Common Shares,NASDAQ,United States
INMD,InMode Ltd.  - Ordinary Shares,NASDAQ,United States
IXHL,Incannex Healthcare Inc. - Common Stock,NASDAQ,United States
INCY,Incyte Corporation - Common Stock,NASDAQ,United States
INDP,"Indaptus Therapeutics, Inc. - Common Stock",NASDAQ,United States
INDB,Independent Bank Corp. - Common Stock,NASDAQ,United States
IBCP,Independent Bank Corporation - Common Stock,NASDAQ,United States
INAC,Indigo Acquisition Corp. - Ordinary Shares,NASDAQ,United States
INDV,"Indivior Pharmaceuticals, Inc.  - Common Stock",NASDAQ,United States
INDO,Indonesia Energy Corporation Limited Ordinary Shares,NYSE MKT,United States
IPXG,Inection Point Acquisition Corp. VII  - Class A Ordinary Shares,NASDAQ,United States
IEAG,Infinite Eagle Acquisition Corp. - Class A Ordinary Shares,NASDAQ,United States
INR,"Infinity Natural Resources, Inc. Class A Common Stock",NYSE,United States
IFRX,InflaRx N.V. - Common Stock,NASDAQ,United States
IPEX,Inflection Point Acquisition Corp. - Class A Ordinary Shares,NASDAQ,United States
IPFX,Inflection Point Acquisition Corp. VI - Class A Ordinary Shares,NASDAQ,United States
INFQ,"Infleqtion, Inc. Common Stock",NYSE,United States
IFBD,"Infobird Co., Ltd - Ordinary Shares",NASDAQ,United States
III,"Information Services Group, Inc. - Common Stock",NASDAQ,United States
INFY,Infosys Limited American Depositary Shares,NYSE,United States
INFU,"InfuSystems Holdings, Inc. Common Stock",NYSE MKT,United States
IR,Ingersoll Rand Inc. Common Stock,NYSE,United States
NGVT,Ingevity Corporation Common Stock,NYSE,United States
IMKTA,"Ingles Markets, Incorporated - Class A Common Stock",NASDAQ,United States
INGM,Ingram Micro Holding Corporation Common Stock,NYSE,United States
INGR,Ingredion Incorporated Common Stock,NYSE,United States
IKT,"Inhibikase Therapeutics, Inc. - Common Stock",NASDAQ,United States
INBX,"Inhibrx Biosciences, Inc. - Common Stock",NASDAQ,United States
IPHA,Innate Pharma S.A. - American Depositary Shares,NASDAQ,United States
INHD,Inno Holdings Inc. - Common Stock,NASDAQ,United States
INOD,Innodata Inc. - Common Stock,NASDAQ,United States
IOSP,Innospec Inc. - Common Stock,NASDAQ,United States
INNV,InnovAge Holding Corp. - Common Stock,NASDAQ,United States
IBG,Innovation Beverage Group Limited - Ordinary Shares,NASDAQ,United States
LUCY,"Innovative Eyewear, Inc. - Common Stock",NASDAQ,United States
IIPR,"Innovative Industrial Properties, Inc. Common Stock",NYSE,United States
IA,"Innovative Solutions and Support, Inc. - Common Stock",NASDAQ,United States
INVX,"Innovex International, Inc. Common Stock",NYSE,United States
INVA,"Innoviva, Inc. - Common Stock",NASDAQ,United States
INVZ,Innoviz Technologies Ltd. - Ordinary shares,NASDAQ,United States
INV,"Innventure, Inc. - Common Stock",NASDAQ,United States
INGN,"Inogen, Inc - Common Stock",NASDAQ,United States
INO,"Inovio Pharmaceuticals, Inc. - Common Stock",NASDAQ,United States
INSG,Inseego Corp. - Common Stock,NASDAQ,United States
DYOR,Insight Digital Partners II - Class A Ordinary Shares,NASDAQ,United States
NSIT,"Insight Enterprises, Inc. - Common Stock",NASDAQ,United States
IMDX,Insight Molecular Diagnostics Inc. - Common Stock,NASDAQ,United States
INSM,Insmed Incorporated - Common Stock,NASDAQ,United States
NSP,"Insperity, Inc. Common Stock",NYSE,United States
INSP,"Inspire Medical Systems, Inc. Common Stock",NYSE,United States
NSPR,InspireMD Inc. - Common Stock,NASDAQ,United States
INSE,"Inspired Entertainment, Inc. - Common Stock",NASDAQ,United States
IBP,"Installed Building Products, Inc. Common Stock",NYSE,United States
IIIN,"Insteel Industries, Inc. Common Stock",NYSE,United States
TIL,"Instil Bio, Inc. - Common Stock",NASDAQ,United States
BIOT,Instinct Bio Technical Company Holdings Inc. - Common stock,NASDAQ,United States
PODD,Insulet Corporation - Common Stock,NASDAQ,United States
INTA,"Intapp, Inc. - Common Stock",NASDAQ,United States
ICG,Intchains Group Limited - American Depositary Shares,NASDAQ,United States
ITGR,Integer Holdings Corporation Common Stock,NYSE,United States
IART,Integra LifeSciences Holdings Corporation - Common Stock,NASDAQ,United States
ITRG,Integra Resources Corp. Common Shares,NYSE MKT,United States
IMTE,Integrated Media Technology Limited - Ordinary Shares,NASDAQ,United States
INTC,Intel Corporation - Common Stock,NASDAQ,United States
NTLA,"Intellia Therapeutics, Inc. - Common Stock",NASDAQ,United States
IDN,"Intellicheck, Inc. - Common Stock",NASDAQ,United States
INBS,Intelligent Bio Solutions Inc.  - Common Stock,NASDAQ,United States
INTJ,Intelligent Group Limited - Class A Ordinary Shares,NASDAQ,United States
ILAG,Intelligent Living Application Group Inc. - Ordinary Shares,NASDAQ,United States
IPM,Intelligent Protection Management Corp.  - Common Stock,NASDAQ,United States
INLX,"Intellinetics, Inc. Common Stock",NYSE MKT,United States
INTS,"Intensity Therapeutics, Inc. - Common Stock",NASDAQ,United States
INTR,Inter & Co. Inc. - Class A Common Shares,NASDAQ,United States
IDCC,"InterDigital, Inc. - Common Stock",NASDAQ,United States
IPVV,"InterPrivate Investment Partners V, Inc. - Class A Ordinary Shares",NASDAQ,United States
IBKR,"Interactive Brokers Group, Inc. - Class A Common Stock",NASDAQ,United States
TRNR,Interactive Strength Inc. - Common Stock,NASDAQ,United States
NCT,Intercont (Cayman) Limited - Class A Ordinary shares,NASDAQ,United States
ICE,Intercontinental Exchange Inc. Common Stock,NYSE,United States
IHG,Intercontinental Hotels Group American Depositary Shares (Each representing one Ordinary Share),NYSE,United States
IFS,Intercorp Financial Services Inc. Common Shares,NYSE,United States
INCR,Intercure Ltd. - ordinary shares,NASDAQ,United States
TILE,"Interface, Inc. - Common Stock",NASDAQ,United States
LINK,"Interlink Electronics, Inc. - Common Stock",NASDAQ,United States
IBOC,International Bancshares Corporation - Common Stock,NASDAQ,United States
IBM,International Business Machines Corporation Common Stock,NYSE,United States
IFF,"International Flavors & Fragrances, Inc. Common Stock",NYSE,United States
IGIC,International General Insurance Holdings Ltd. - Ordinary Shares,NASDAQ,United States
IMXI,"International Money Express, Inc. - Common Stock",NASDAQ,United States
IP,International Paper Company Common Stock,NYSE,United States
INSW,"International Seaways, Inc. Common Stock",NYSE,United States
THM,"International Tower Hill Mines, Ltd. Ordinary Shares (Canada)",NYSE MKT,United States
IPAR,"Interparfums, Inc. - Common Stock",NASDAQ,United States
IPI,"Intrepid Potash, Inc Common Stock",NYSE,United States
INTZ,Intrusion Inc. - Common Stock,NASDAQ,United States
INTU,Intuit Inc. - Common Stock,NASDAQ,United States
LUNR,"Intuitive Machines, Inc. - Class A Common Stock",NASDAQ,United States
ISRG,"Intuitive Surgical, Inc. - Common Stock",NASDAQ,United States
INUV,"Inuvo, Inc.",NYSE MKT,United States
IVA,Inventiva S.A. - American Depository Shares,NASDAQ,United States
IVZ,Invesco Ltd Common Stock,NYSE,United States
RSPN,Invesco S&P 500 Equal Weight Industrials Portfolio,NYSE ARCA,United States
IGAC,Invest Green Acquisition Corporation - Class A Ordinary Shares,NASDAQ,United States
ISTR,Investar Holding Corporation - Common Stock,NASDAQ,United States
ICMB,"Investcorp Credit Management BDC, Inc. - Common Stock",NASDAQ,United States
ITIC,Investors Title Company - Common Stock,NASDAQ,United States
INVH,Invitation Homes Inc. Common Stock,NYSE,United States
IVVD,"Invivyd, Inc. - Common Stock",NASDAQ,United States
IONQ,"IonQ, Inc. Common Stock",NYSE,United States
IOND,Ionic Digital Inc. - Class A Common Stock,NASDAQ,United States
IONS,"Ionis Pharmaceuticals, Inc. - Common Stock",NASDAQ,United States
IOVA,"Iovance Biotherapeutics, Inc. - Common Stock",NASDAQ,United States
IPX,IperionX Limited - American Depositary Share,NASDAQ,United States
IACQ,Irenic Acquisition Corp. - Class A Ordinary Shares,NASDAQ,United States
IRDM,Iridium Communications Inc - Common Stock,NASDAQ,United States
IRAB,Iris Acquisition Corp II Class A Ordinary Shares,NYSE,United States
IDAC,Iron Dome Acquisition I Corp. - Class A Ordinary Shares,NASDAQ,United States
IRHO,Iron Horse Acquisitions II Corp. - Common Stock,NASDAQ,United States
IRM,Iron Mountain Incorporated (Delaware)Common Stock REIT,NYSE,United States
IRWD,"Ironwood Pharmaceuticals, Inc. - Class A Common Stock",NASDAQ,United States
ISBA,Isabella Bank Corporation - Common stock,NASDAQ,United States
ISOU,IsoEnergy Ltd. Common Shares,NYSE MKT,United States
ISPR,Ispire Technology Inc. - Common Stock,NASDAQ,United States
ITRI,"Itron, Inc. - Common Stock",NASDAQ,United States
ITRN,Ituran Location and Control Ltd. - Ordinary Shares,NASDAQ,United States
IE,Ivanhoe Electric Inc. Common Stock,NYSE MKT,United States
IVDA,"Iveda Solutions, Inc. - Common Stock",NASDAQ,United States
JJSF,J & J Snack Foods Corp. - Common Stock,NASDAQ,United States
JF,J and Friends Holdings Limited - American Depositary Shares,NASDAQ,United States
JL,J-Long Group Limited - Class A Ordinary Shares,NASDAQ,United States
YMAT,"J-Star Holding Co., Ltd. - Class A Ordinary Shares",NASDAQ,United States
JILL,"J. Jill, Inc. Common Stock",NYSE,United States
MAYS,"J. W. Mays, Inc. - Common Stock",NASDAQ,United States
JBHT,"J.B. Hunt Transport Services, Inc. - Common Stock",NASDAQ,United States
ATLQ,JAB Acquisition Corp I - Class A Ordinary Shares,NASDAQ,United States
JAKK,"JAKKS Pacific, Inc. - Common Stock",NASDAQ,United States
JATT,JATT II Acquisition Corp - Ordinary Shares,NASDAQ,United States
JTTT,JATT III Acquisition Corp - Ordinary Shares,NASDAQ,United States
JBDI,JBDI Holdings Limited - Ordinary Shares,NASDAQ,United States
JBGS,JBG SMITH Properties Common Shares,NYSE,United States
JBS,JBS N.V. Class A Common Shares,NYSE,United States
JBTM,JBT Marel Corporation Common Stock,NYSE,United States
JD,"JD.com, Inc. - American Depositary Shares",NASDAQ,United States
JCSE,JE Cleantech Holdings Limited - Ordinary Shares,NASDAQ,United States
JELD,"JELD-WEN Holding, Inc. Common Stock",NYSE,United States
FROG,JFrog Ltd. - Ordinary shares,NASDAQ,United States
JDZG,JIADE LIMITED - Class A Ordinary Shares,NASDAQ,United States
ZJYL,JIN MEDICAL INTERNATIONAL LTD. - Class A Ordinary Shares,NASDAQ,United States
JOYY,JOYY Inc. - American Depositary Shares,NASDAQ,United States
JPM,JP Morgan Chase & Co. Common Stock,NYSE,United States
JXG,JX Luxventure Group Inc. - Common Stock,NASDAQ,United States
JBL,Jabil Inc. Common Stock,NYSE,United States
JKHY,"Jack Henry & Associates, Inc. - Common Stock",NASDAQ,United States
JACK,Jack In The Box Inc. - Common Stock,NASDAQ,United States
JACS,Jackson Acquisition Company II Class A Ordinary Shares,NYSE,United States
JXN,Jackson Financial Inc. Class A Common Stock,NYSE,United States
J,Jacobs Solutions Inc. Common Stock,NYSE,United States
JBIO,"Jade Biosciences, Inc. - Common Stock",NASDAQ,United States
JAGX,"Jaguar Health, Inc. - Common Stock",NASDAQ,United States
JAGU,Jaguar Uranium Corp. Class A Common Shares,NYSE MKT,United States
JHX,James Hardie Industries plc. Ordinary Shares,NYSE,United States
JRVR,"James River Group Holdings, Inc. - Common Stock",NASDAQ,United States
JBI,"Janus International Group, Inc. Common Stock",NYSE,United States
JAN,"Janus Living, Inc. Class A-1 Common Stock",NYSE,United States
JANX,"Janux Therapeutics, Inc. - Common Stock",NASDAQ,United States
JSPR,"Jasper Therapeutics, Inc. - Class A Common Stock",NASDAQ,United States
JYD,Jayud Global Logistics Limited - Class A Ordinary Shares,NASDAQ,United States
JAZZ,Jazz Pharmaceuticals plc - Ordinary Shares,NASDAQ,United States
JEF,Jefferies Financial Group Inc. Common Stock,NYSE,United States
JCAP,"Jefferson Capital, Inc. - Common Stock",NASDAQ,United States
JENA,Jena Acquisition Corporation II Class A Ordinary Shares,NYSE,United States
JRSH,"Jerash Holdings (US), Inc. - Common Stock",NASDAQ,United States
JMKE,Jersey Mike's Subs Inc. Class A Common Stock,NYSE,United States
JTAI,Jet.AI Inc. - Common Stock,NASDAQ,United States
JBLU,JetBlue Airways Corporation - Common Stock,NASDAQ,United States
JCTC,Jewett-Cameron Trading Company - Common Shares,NASDAQ,United States
JZ,Jianzhi Education Technology Group Company Limited - American Depositary Shares,NASDAQ,United States
JFIN,Jiayin Group Inc. - American Depositary Shares,NASDAQ,United States
JKS,JinkoSolar Holding Company Limited American Depositary Shares (each representing 4 Common Shares),NYSE,United States
NAMI,Jinxin Technology Holding Company - American Depositary Shares,NASDAQ,United States
JZXN,"Jiuzi Holdings, Inc. - Ordinary Shares",NASDAQ,United States
JOBY,"Joby Aviation, Inc. Common Stock",NYSE,United States
JBSS,"John B. Sanfilippo & Son, Inc. - Common Stock",NASDAQ,United States
JMSB,"John Marshall Bancorp, Inc. - Common Stock",NASDAQ,United States
WLY,"John Wiley & Sons, Inc. Common Stock",NYSE,United States
WLYB,"John Wiley & Sons, Inc. Common Stock",NYSE,United States
JNJ,Johnson & Johnson Common Stock,NYSE,United States
JCI,Johnson Controls International plc Ordinary Share,NYSE,United States
JOUT,Johnson Outdoors Inc. - Class A Common Stock,NASDAQ,United States
KSPI,Joint Stock Company Kaspi.kz - American Depository Shares,NASDAQ,United States
JLL,Jones Lang LaSalle Incorporated Common Stock,NYSE,United States
JONE,Jones Ventures INTL Acquisition1 Corp - Class A Ordinary Shares,NASDAQ,United States
DERM,Journey Medical Corporation - Common Stock,NASDAQ,United States
JWEL,Jowell Global Ltd. - Ordinary Shares,NASDAQ,United States
JLHL,Julong Holding Limited - Class A Ordinary Shares,NASDAQ,United States
JMIA,"Jumia Technologies AG American Depositary Shares, each representing two Ordinary Shares",NYSE,United States
JUNS,"Jupiter Neurosciences, Inc. - Common Stock",NASDAQ,United States
MENS,Jyong Biotech Ltd. - Ordinary shares,NASDAQ,United States
KFII,K&F Growth Acquisition Corp. II - Class A Ordinary shares,NASDAQ,United States
KMRK,K-Tech Solutions Company Limited - Class A Ordinary Shares,NASDAQ,United States
KTWO,K2 Capital Acquisition Corporation - Class A Ordinary Share,NASDAQ,United States
KALA,"KALA BIO, Inc. - Common Stock",NASDAQ,United States
BZ,KANZHUN LIMITED - American Depository Shares,NASDAQ,United States
KB,KB Financial Group Inc,NYSE,United States
KBH,KB Home Common Stock,NYSE,United States
KBR,"KBR, Inc. Common Stock",NYSE,United States
BEKE,KE Holdings Inc American Depositary Shares (each representing three Class A Ordinary Shares),NYSE,United States
KIDZ,KIDZ AI Inc. - Class B Common Stock,NASDAQ,United States
KKR,KKR & Co. Inc. Common Stock,NYSE,United States
KLAC,KLA Corporation  - Common Stock,NASDAQ,United States
KLXE,"KLX Energy Services Holdings, Inc.  - Common Stock",NASDAQ,United States
KNRX,KNOREX LTD. Class A Ordinary Shares,NYSE MKT,United States
KRMD,"KORU Medical Systems, Inc. - Common Stock",NASDAQ,United States
KPET,KPET Ultra Paceline Corporation Class A Ordinary Shares,NYSE,United States
KRAQ,KRAKacquisition Corp - Class A Ordinary Shares,NASDAQ,United States
KT,KT Corporation Common Stock,NYSE,United States
KULR,"KULR Technology Group, Inc. Common Stock",NYSE MKT,United States
KVHI,"KVH Industries, Inc. - Common Stock",NASDAQ,United States
KAI,Kadant Inc Common Stock,NYSE,United States
KLRA,"Kailera Therapeutics, Inc. - Common stock",NASDAQ,United States
KAPA,"Kairos Pharma, Ltd. Common Stock",NYSE MKT,United States
KALU,Kaiser Aluminum Corporation - Common Stock,NASDAQ,United States
KXIN,Kaixin Holdings - Ordinary Shares,NASDAQ,United States
KLRS,"Kalaris Therapeutics, Inc.  - Common Stock",NASDAQ,United States
KLTR,"Kaltura, Inc. - Common Stock",NASDAQ,United States
KMDA,Kamada Ltd. - Ordinary Shares,NASDAQ,United States
FMFC,Kandal M Venture Limited - Class A ordinary Shares,NASDAQ,United States
KNDI,"Kandi Technologies Group, Inc. - Ordinary Shares",NASDAQ,United States
KRT,Karat Packaging Inc. - Common Stock,NASDAQ,United States
KBON,Karbon Capital Partners Corp. - Class A Ordinary Shares,NASDAQ,United States
KARD,"Kardigan, Inc. - Common Stock",NASDAQ,United States
KRMN,Karman Holdings Inc. Common Stock,NYSE,United States
XTER,Karman Line Acquisition Corp. - Class A Ordinary Shares,NASDAQ,United States
KARO,Karooooo Ltd. - Ordinary shares,NASDAQ,United States
TOON,"Kartoon Studios, Inc. Common Stock",NYSE MKT,United States
KPTI,Karyopharm Therapeutics Inc. - Common Stock,NASDAQ,United States
KPLT,"Katapult Holdings, Inc. - Common Stock",NASDAQ,United States
KBDC,"Kayne Anderson BDC, Inc. Common Stock",NYSE,United States
KZIA,Kazia Therapeutics Limited - American Depositary Shares,NASDAQ,United States
KRNY,Kearny Financial - Common Stock,NASDAQ,United States
KEEL,Keel Infrastructure Corp. - Common Stock,NASDAQ,United States
KELYA,"Kelly Services, Inc. - Class A Common Stock",NASDAQ,United States
KELYB,"Kelly Services, Inc. - Class B Common Stock",NASDAQ,United States
KMPR,Kemper Corporation,NYSE,United States
KMT,Kennametal Inc. Common Stock,NYSE,United States
KEN,Kenon Holdings Ltd. Ordinary Shares,NYSE,United States
KFFB,Kentucky First Federal Bancorp - Common Stock,NASDAQ,United States
KVUE,Kenvue Inc. Common Stock,NYSE,United States
KROS,"Keros Therapeutics, Inc. - common stock",NASDAQ,United States
KMTS,"Kestra Medical Technologies, Ltd. - Common Stock",NASDAQ,United States
KG,"Kestrel Group, Ltd. - Common Stock",NASDAQ,United States
KDP,Keurig Dr Pepper Inc. - Common Stock,NASDAQ,United States
KEQU,Kewaunee Scientific Corporation - Common Stock,NASDAQ,United States
KTCC,Key Tronic Corporation - Common Stock,NASDAQ,United States
KEY,KeyCorp Common Stock,NYSE,United States
KEYS,Keysight Technologies Inc. Common Stock,NYSE,United States
KEYY,Keystone Acquisition Corp. - Class A Ordinary Shares,NASDAQ,United States
KFRC,"Kforce, Inc. Common Stock",NYSE,United States
KRC,Kilroy Realty Corporation Common Stock,NYSE,United States
KE,"Kimball Electronics, Inc. - Common Stock",NASDAQ,United States
KMB,Kimberly-Clark Corporation - Common Stock,NASDAQ,United States
KIM,Kimco Realty Corporation (HC) Common Stock,NYSE,United States
KMI,"Kinder Morgan, Inc. Common Stock",NYSE,United States
KLC,"KinderCare Learning Companies, Inc. Common Stock",NYSE,United States
KNTK,Kinetik Holdings Inc. Class A Common Stock,NYSE,United States
KC,Kingsoft Cloud Holdings Limited - American Depositary Shares,NASDAQ,United States
KINS,"Kingstone Companies, Inc - Common Stock",NASDAQ,United States
KWY,Kingsway Corporation Common Stock,NYSE,United States
KNSA,"Kiniksa Pharmaceuticals International, plc - Class A Ordinary Shares",NASDAQ,United States
KGC,Kinross Gold Corporation Common Stock,NYSE,United States
KNSL,"Kinsale Capital Group, Inc. Common Stock",NYSE,United States
KPRX,"Kiora Pharmaceuticals, Inc.  - Common Stock",NASDAQ,United States
KEX,Kirby Corporation Common Stock,NYSE,United States
KLAR,Klarna Group plc Ordinary Shares,NYSE,United States
KVYO,"Klaviyo, Inc. Series A Common Stock",NYSE,United States
KNF,Knife Riv Holding Co. Common Stock,NYSE,United States
KNX,Knight-Swift Transportation Holdings Inc.,NYSE,United States
KSCP,"Knightscope, Inc. - Class A Common Stock",NASDAQ,United States
KN,Knowles Corporation Common Stock,NYSE,United States
KCHV,Kochav Defense Acquisition Corp. - Class A Ordinary Shares,NASDAQ,United States
KDK,"Kodiak AI, Inc. - Common Stock",NASDAQ,United States
KGS,"Kodiak Gas Services, Inc. Common Stock",NYSE,United States
KOD,Kodiak Sciences Inc - Common Stock,NASDAQ,United States
KSS,Kohl's Corporation Common Stock,NYSE,United States
KGEI,Kolibri Global Energy Inc. - Common stock,NASDAQ,United States
PHG,Koninklijke Philips N.V. NY Registry Shares,NYSE,United States
KTB,"Kontoor Brands, Inc. Common Stock",NYSE,United States
KOPN,Kopin Corporation - Common Stock,NASDAQ,United States
KOP,Koppers Holdings Inc. Common Stock,NYSE,United States
KEP,Korea Electric Power Corporation Common Stock,NYSE,United States
KFY,Korn Ferry Common Stock,NYSE,United States
KRNT,Kornit Digital Ltd. - Ordinary Shares,NASDAQ,United States
KRRO,"Korro Bio, Inc. - Common Stock",NASDAQ,United States
KRSA,"Korsana Biosciences, Inc. - Common Stock",NASDAQ,United States
KOS,Kosmos Energy Ltd. Common Shares (DE),NYSE,United States
KOSS,Koss Corporation - Common Stock,NASDAQ,United States
KTOS,"Kratos Defense & Security Solutions, Inc. - Common Stock",NASDAQ,United States
DNUT,"Krispy Kreme, Inc. - Common Stock",NASDAQ,United States
KR,Kroger Company (The) Common Stock,NYSE,United States
KRO,Kronos Worldwide Inc Common Stock,NYSE,United States
KRYS,"Krystal Biotech, Inc. - Common Stock",NASDAQ,United States
KLIC,"Kulicke and Soffa Industries, Inc. - Common Stock",NASDAQ,United States
KURA,"Kura Oncology, Inc. - Common Stock",NASDAQ,United States
KRUS,"Kura Sushi USA, Inc. - Class A Common Stock",NASDAQ,United States
KUST,"Kustom Entertainment, Inc. - Common Stock",NASDAQ,United States
KYIV,Kyivstar Group Ltd. - Common Shares,NASDAQ,United States
KYMR,"Kymera Therapeutics, Inc. - Common Stock",NASDAQ,United States
KD,"Kyndryl Holdings, Inc. Common Stock",NYSE,United States
KYNB,"Kyntra Bio, Inc. - Common Stock",NASDAQ,United States
KYTX,"Kyverna Therapeutics, Inc. - Common Stock",NASDAQ,United States
FSTR,L.B. Foster Company - Common Stock,NASDAQ,United States
LHX,"L3Harris Technologies, Inc. Common Stock",NYSE,United States
LTM,"LATAM Airlines Group S.A. American Depositary Shares (each representing two thousand (2,000) shares of Common Stock)",NYSE,United States
LBRX,LB Pharmaceuticals Inc - Common Stock,NASDAQ,United States
LCII,LCI Industries,NYSE,United States
LCNB,LCNB Corporation - Common Stock,NASDAQ,United States
LFS,"LEIFRAS Co., Ltd. - American Depositary Shares",NASDAQ,United States
LNSR,"LENSAR, Inc. - Common Stock",NASDAQ,United States
LENZ,"LENZ Therapeutics, Inc. - Common Stock",NASDAQ,United States
LPL,"LG Display Co, Ltd AMERICAN DEPOSITORY SHARES",NYSE,United States
LGIH,"LGI Homes, Inc. - Common Stock",NASDAQ,United States
LGL,"LGL Group, Inc. (The) Common Stock",NYSE MKT,United States
LKQ,LKQ Corporation - Common Stock,NASDAQ,United States
LOBO,LOBO TECHNOLOGIES LTD. - Class A Ordinary Shares,NASDAQ,United States
LPLA,LPL Financial Holdings Inc. - Common Stock,NASDAQ,United States
YHC,LQR House Inc. - Common Stock,NASDAQ,United States
LXU,"LSB Industries, Inc. Common Stock",NYSE,United States
LYTS,LSI Industries Inc. - Common Stock,NASDAQ,United States
LTC,"LTC Properties, Inc. Common Stock",NYSE,United States
LZMH,LZ Technology Holdings Limited - Class B Ordinary Shares,NASDAQ,United States
LRHC,La Rosa Holdings Corp. - Common Stock,NASDAQ,United States
LZB,La-Z-Boy Incorporated Common Stock,NYSE,United States
LAFA,LaFayette Acquisition Corp. - Ordinary Share,NASDAQ,United States
LH,Labcorp Holdings Inc. Common Stock,NYSE,United States
LADR,Ladder Capital Corp Class A Common Stock,NYSE,United States
ZKP,Lafayette Digital Acquisition Corp. I - Class A Ordinary Shares,NASDAQ,United States
LSF,"Laird Superfood, Inc. Common Stock",NYSE MKT,United States
LSBK,"Lake Shore Bancorp, Inc. - Common Stock",NASDAQ,United States
LKSP,Lake Superior Acquisition Corp. - Class A Ordinary Shares,NASDAQ,United States
LKFT,Lakefront Biotherapeutics - American Depositary Shares,NASDAQ,United States
LKFN,Lakeland Financial Corporation - Common Stock,NASDAQ,United States
LAKE,"Lakeland Industries, Inc. - Common Stock",NASDAQ,United States
LCCC,Lakeshore Acquisition III Corp. - Ordinary Shares,NASDAQ,United States
LABT,Lakewood-Amedex Biotherapeutics Inc. - Common Stock,NASDAQ,United States
LRCX,Lam Research Corporation - Common Stock,NASDAQ,United States
LAMR,Lamar Advertising Company - Class A Common Stock,NASDAQ,United States
LW,"Lamb Weston Holdings, Inc. Common Stock",NYSE,United States
LB,LandBridge Company LLC Class A Shares Representing Limited Liability Company Interests,NYSE,United States
LARK,Landmark Bancorp Inc. - Common Stock,NASDAQ,United States
LE,"Lands' End, Inc. - Common Stock",NASDAQ,United States
LSTR,"Landstar System, Inc. - Common Stock",NASDAQ,United States
LTRN,Lantern Pharma Inc. - Common Stock,NASDAQ,United States
LNTH,"Lantheus Holdings, Inc. - Common Stock",NASDAQ,United States
LTRX,"Lantronix, Inc. - Common Stock",NASDAQ,United States
LANV,Lanvin Group Holdings Limited Ordinary Shares,NYSE,United States
LNZA,"LanzaTech Global, Inc. - Common Stock",NASDAQ,United States
LGO,Largo Inc. - Common Shares,NASDAQ,United States
LRMR,"Larimar Therapeutics, Inc. - Common Stock",NASDAQ,United States
LVS,Las Vegas Sands Corp. Common Stock,NYSE,United States
LASE,Laser Photonics Corporation - Common Stock,NASDAQ,United States
SWIM,"Latham Group, Inc. - Common Stock",NASDAQ,United States
LTGO,"Latigo Biotherapeutics, Inc. - Common Stock",NASDAQ,United States
LSCC,Lattice Semiconductor Corporation - Common Stock,NASDAQ,United States
LPAA,Launch One Acquisition Corp. - Class A Ordinary Shares,NASDAQ,United States
LPBB,Launch Two Acquisition Corp. - Class A Ordinary Shares,NASDAQ,United States
LPCV,Launchpad Cadenza Acquisition Corp I - Class A Ordinary Share,NASDAQ,United States
LAUR,"Laureate Education, Inc. - Common Stock",NASDAQ,United States
LAZ,"Lazard, Inc. Common Stock",NYSE,United States
LMAT,"LeMaitre Vascular, Inc. - Common Stock",NASDAQ,United States
LRE,"Lead Real Estate Co., Ltd - American Depositary Shares",NASDAQ,United States
LFAC,Leapfrog Acquisition Corporation - Class A Ordinary Shares,NASDAQ,United States
LEA,Lear Corporation Common Stock,NYSE,United States
LEE,"Lee Enterprises, Incorporated - Common Stock",NASDAQ,United States
LGCY,Legacy Education Inc. Common Stock,NYSE MKT,United States
LEGH,Legacy Housing Corporation - Common Stock,NASDAQ,United States
LZ,"LegalZoom.com, Inc. - Common Stock",NASDAQ,United States
LEGO,Legato Merger Corp. IV Ordinary Shares,NYSE MKT,United States
LGN,Legence Corp. - Class A Common stock,NASDAQ,United States
LEGN,Legend Biotech Corporation - American Depositary Shares,NASDAQ,United States
JBK,Lehman ABS 3.50 3.50% Adjustable Corp Backed Tr Certs GS Cap I,NYSE,United States
LDOS,"Leidos Holdings, Inc. Common Stock",NYSE,United States
LSE,"Leishen Energy Holding Co., Ltd. - Class A Ordinary Shares",NASDAQ,United States
LMND,"Lemonade, Inc. Common Stock",NYSE,United States
TREE,"LendingTree, Inc. - Common Stock",NASDAQ,United States
LEN,Lennar Corporation Class A Common Stock,NYSE,United States
LEN.B,Lennar Corporation Class B,NYSE,United States
LII,"Lennox International, Inc. Common Stock",NYSE,United States
LONA,"LeonaBio, Inc. - Common Stock",NASDAQ,United States
DRS,"Leonardo DRS, Inc. - Common Stock",NASDAQ,United States
LSAK,"Lesaka Technologies, Inc. - Common Stock",NASDAQ,United States
LESL,"Leslie's, Inc. - Common Stock",NASDAQ,United States
LEVI,Levi Strauss & Co Class A Common Stock,NYSE,United States
LEXX,Lexaria Bioscience Corp. - Common Stock,NASDAQ,United States
LXEO,"Lexeo Therapeutics, Inc. - Common Stock",NASDAQ,United States
LXRX,"Lexicon Pharmaceuticals, Inc. - Common Stock",NASDAQ,United States
LX,LexinFintech Holdings Ltd. - American Depositary Shares,NASDAQ,United States
LI,Li Auto Inc. - American Depositary Shares,NASDAQ,United States
LBGJ,Li Bang International Corporation Inc. - Class A Ordinary Shares,NASDAQ,United States
LHSW,Lianhe Sowell International Group Ltd - Class A Ordinary Shares,NASDAQ,United States
GLIBA,Liberty Capital Corporation - Series A GCI Group Common Stock,NASDAQ,United States
GLIBK,Liberty Capital Corporation - Series C GCI Group Common Stock,NASDAQ,United States
DETX,"Liberty Defense Holdings, Ltd. - Common Shares",NASDAQ,United States
LBRT,Liberty Energy Inc. Class A common stock,NYSE,United States
LBTYA,Liberty Global Ltd. - Class A Common Shares,NASDAQ,United States
LBTYB,Liberty Global Ltd. - Class B Common Shares,NASDAQ,United States
LBTYK,Liberty Global Ltd. - Class C Common Shares,NASDAQ,United States
LILA,Liberty Latin America Ltd. - Class A Common Stock,NASDAQ,United States
LILAK,Liberty Latin America Ltd. - Class C Common Stock,NASDAQ,United States
LLYVA,"Liberty Live Holdings, Inc. - Series A Liberty Live Group Common Stock",NASDAQ,United States
LLYVK,"Liberty Live Holdings, Inc. - Series C Liberty Live Group Common Stock",NASDAQ,United States
FWONA,Liberty Media Corporation - Series A Common Stock,NASDAQ,United States
FWONK,Liberty Media Corporation - Series C Common Stock,NASDAQ,United States
LICN,Lichen International Limited - Class A Ordinary Shares,NASDAQ,United States
LTH,"Life Time Group Holdings, Inc. Common Stock",NYSE,United States
LIF,"Life360, Inc. - Common Stock",NASDAQ,United States
LFMD,"LifeMD, Inc. - Common Stock",NASDAQ,United States
LFST,"LifeStance Health Group, Inc. - Common Stock",NASDAQ,United States
LFCR,"Lifecore Biomedical, Inc. - Common Stock",NASDAQ,United States
LCUT,"Lifetime Brands, Inc. - Common Stock",NASDAQ,United States
LFVN,Lifevantage Corporation - Common Stock,NASDAQ,United States
LFWD,Lifeward Ltd. - Ordinary Shares,NASDAQ,United States
LWAY,"Lifeway Foods, Inc. - Common Stock",NASDAQ,United States
LZM,Lifezone Metals Limited Ordinary Shares,NYSE,United States
LFTO,"Liftoff Mobile, Inc. - Common Stock",NASDAQ,United States
LGND,Ligand Pharmaceuticals Incorporated - Common Stock,NASDAQ,United States
LITB,"LightInTheBox Holding Co., Ltd. American Depositary Shares, each representing twelve ordinary shares",NYSE,United States
LPTH,"LightPath Technologies, Inc. - Class A Common Stock",NASDAQ,United States
LWAC,LightWave Acquisition Corp. - Class A Ordinary Shares,NASDAQ,United States
LTBR,Lightbridge Corporation - Common Stock,NASDAQ,United States
LSPD,Lightspeed Commerce Inc. Subordinate Voting Shares,NYSE,United States
LWLG,"Lightwave Logic, Inc. - Common Stock",NASDAQ,United States
LMB,"Limbach Holdings, Inc. - Common Stock",NASDAQ,United States
LIMN,"Liminatus Pharma, Inc. - Class A Common Stock",NASDAQ,United States
LMNR,Limoneira Co - Common Stock,NASDAQ,United States
LINC,Lincoln Educational Services Corporation - Common Stock,NASDAQ,United States
LECO,"Lincoln Electric Holdings, Inc. - Common Shares",NASDAQ,United States
LCLN,"Lincoln International, Inc. Class A Common Stock",NYSE,United States
LNC,Lincoln National Corporation Common Stock,NYSE,United States
LIND,Lindblad Expeditions Holdings Inc.  - Common Stock,NASDAQ,United States
LIN,Linde plc - Ordinary Shares,NASDAQ,United States
LNN,Lindsay Corporation Common Stock,NYSE,United States
LCTX,"Lineage Cell Therapeutics, Inc. Common Stock",NYSE MKT,United States
LINE,"Lineage, Inc. - Common Stock",NASDAQ,United States
UZX,Linkage Global Inc - Class A Ordinary Shares,NASDAQ,United States
LNKS,Linkers Industries Limited - Class A Ordinary Shares,NASDAQ,United States
LHAI,Linkhome Holdings Inc. - Common stock,NASDAQ,United States
LGHL,Lion Group Holding Ltd. - American Depositary Share,NASDAQ,United States
CUB,Lionheart Holdings - Class A Ordinary Shares,NASDAQ,United States
LION,Lionsgate Studios Corp Common Shares,NYSE,United States
LPCN,Lipocine Inc. - Common Stock,NASDAQ,United States
LIQT,"LiqTech International, Inc. - Common Stock",NASDAQ,United States
LQDA,Liquidia Corporation - Common Stock,NASDAQ,United States
LQDT,"Liquidity Services, Inc. - Common Stock",NASDAQ,United States
LSTA,"Lisata Therapeutics, Inc. - Common Stock",NASDAQ,United States
LITS,"Lite Strategy, Inc. - Common Stock",NASDAQ,United States
LAD,"Lithia Motors, Inc. Common Stock",NYSE,United States
LAC,Lithium Americas Corp. Common Shares,NYSE,United States
LAR,Lithium Argentina AG Common Shares,NYSE,United States
LFUS,"Littelfuse, Inc. - Common Stock",NASDAQ,United States
LIVN,LivaNova PLC - Ordinary Shares,NASDAQ,United States
LYV,"Live Nation Entertainment, Inc. Common Stock",NYSE,United States
LOB,"Live Oak Bancshares, Inc. Common Stock",NYSE,United States
LIVE,Live Ventures Incorporated - Common Stock,NASDAQ,United States
LVO,"LiveOne, Inc. - Common Stock",NASDAQ,United States
RAMP,"LiveRamp Holdings, Inc. Common Stock",NYSE,United States
LVWR,"LiveWire Group, Inc. Common Stock",NYSE,United States
LXEH,"Lixiang Education Holding Co., Ltd. - American Depositary Shares",NASDAQ,United States
LYG,Lloyds Banking Group Plc American Depositary Shares,NYSE,United States
LOAR,Loar Holdings Inc. Common Stock,NYSE,United States
LCFY,Locafy Limited - Ordinary Share,NASDAQ,United States
LOCL,Local Bounti Corporation Common Stock,NYSE,United States
LMT,Lockheed Martin Corporation Common Stock,NYSE,United States
L,Loews Corporation Common Stock,NYSE,United States
LGPS,LogProstyle Inc. Common Shares,NYSE MKT,United States
LPA,Logistic Properties of the Americas Ordinary Shares,NYSE MKT,United States
LOGI,Logitech International S.A. - Registered Shares,NASDAQ,United States
LOMA,Loma Negra Compania Industrial Argentina Sociedad Anonima ADS,NYSE,United States
FOIL,"Londian Wason New Energy Tech Inc. American Depositary Shares, each representing five Ordinary Shares",NYSE,United States
LTGR,Long Table Growth Corp. - Class A Ordinary Shares,NASDAQ,United States
LGVN,Longeveron Inc. - Class A Common stock,NASDAQ,United States
LOOP,"Loop Industries, Inc. - Common Stock",NASDAQ,United States
LOT,Lotus Technology Inc. - American Depositary Shares,NASDAQ,United States
LPX,Louisiana-Pacific Corporation Common Stock,NYSE,United States
LOW,"Lowe's Companies, Inc. Common Stock",NYSE,United States
LGCL,Lucas GC Limited - Class A Ordinary Shares,NASDAQ,United States
LUCD,Lucid Diagnostics Inc. - Common Stock,NASDAQ,United States
LCID,"Lucid Group, Inc. - Common Stock",NASDAQ,United States
LUCK,Lucky Strike Entertainment Corporation Class A Common Stock,NYSE,United States
LUD,Luda Technology Group Limited Ordinary Shares,NYSE MKT,United States
LU,"Lufax Holding Ltd American Depositary Shares, each representing two (2) Ordinary Shares",NYSE,United States
LVLU,"Lulu's Fashion Lounge Holdings, Inc. - Common Stock",NASDAQ,United States
LUMN,"Lumen Technologies, Inc. Common Stock",NYSE,United States
LITE,Lumentum Holdings Inc. - Common Stock,NASDAQ,United States
LMRI,"Lumexa Imaging Holdings, Inc. - Common Stock",NASDAQ,United States
LNAI,Lunai Bioworks Inc. - Common Stock,NASDAQ,United States
LUXE,"LuxExperience B.V. American Depositary Shares, each representing one Ordinary Share",NYSE,United States
LXFR,Luxfer Holdings PLC Ordinary Shares,NYSE,United States
LYEL,"Lyell Immunopharma, Inc. - Common Stock",NASDAQ,United States
LYFT,"Lyft, Inc. - Class A Common Stock",NASDAQ,United States
LYNX,Lyntris Inc. Common Stock,NYSE,United States
LYB,LyondellBasell Industries NV Ordinary Shares Class A (Netherlands),NYSE,United States
MEVO,M Evo Global Acquisition Corp II - Class A Ordinary Shares,NASDAQ,United States
MTB,M&T Bank Corporation Common Stock,NYSE,United States
MPTI,"M-tron Industries, Inc. Common Stock",NYSE MKT,United States
MHO,"M/I Homes, Inc. Common Stock",NYSE,United States
MBVI,M3-Brigade Acquisition VI Corp. - Class A Ordinary Shares,NASDAQ,United States
MTSI,"MACOM Technology Solutions Holdings, Inc. - Common Stock",NASDAQ,United States
MAIA,"MAIA Biotechnology, Inc. Common Stock",NYSE MKT,United States
MARA,"MARA Holdings, Inc. - Common Stock",NASDAQ,United States
MBI,MBIA Inc. Common Stock,NYSE,United States
MBX,"MBX Biosciences, Inc. - Common Stock",NASDAQ,United States
MBAI,MBody AI Ltd. - Ordinary Share,NASDAQ,United States
MDA,MDA Space Ltd. Common Shares,NYSE,United States
MDBH,"MDB Capital Holdings, LLC - Class A common",NASDAQ,United States
MDU,"MDU Resources Group, Inc. Common Stock (Holding Company)",NYSE,United States
MDXH,MDxHealth SA - Ordinary Shares,NASDAQ,United States
MED,MEDIFAST INC Common Stock,NYSE,United States
MRM,MEDIROM Healthcare Technologies Inc. - American Depositary Share,NASDAQ,United States
MFA,"MFA Financial, Inc.",NYSE,United States
MGEE,MGE Energy Inc. - Common Stock,NASDAQ,United States
MTG,MGIC Investment Corporation Common Stock,NYSE,United States
MGM,MGM Resorts International Common Stock,NYSE,United States
MGPI,"MGP Ingredients, Inc. - Common Stock",NASDAQ,United States
MNDO,MIND C.T.I. Ltd. - Ordinary Shares,NASDAQ,United States
MIND,"MIND Technology, Inc. - Common Stock",NASDAQ,United States
MNSO,"MINISO Group Holding Limited American Depositary Shares, each representing four Ordinary Shares",NYSE,United States
MIRA,"MIRA Pharmaceuticals, Inc. - Common Stock",NASDAQ,United States
MKDW,MKDWELL Tech Inc. - Ordinary Shares,NASDAQ,United States
MKSI,MKS Inc. - Common Stock,NASDAQ,United States
MTC,"MMTec, Inc. - Common Shares",NASDAQ,United States
MNTN,"MNTN, Inc. Class A Common Stock",NYSE,United States
MOGU,MOGU Inc. American Depositary Shares (each  representing 25 Class A Ordinary Shares),NYSE,United States
MZYX,MOZAYYX Acquisition Corp. Class A Ordinary Shares,NYSE,United States
MP,MP Materials Corp. Common Stock,NYSE,United States
MSA,MSA Safety Incorporated Common Stock,NYSE,United States
MSM,"MSC Industrial Direct Company, Inc. Common Stock",NYSE,United States
MSCI,MSCI Inc. Common Stock,NYSE,United States
MWA,MUELLER WATER PRODUCTS Common Stock,NYSE,United States
MVBF,MVB Financial Corp. - Common Stock,NASDAQ,United States
MYRG,"MYR Group, Inc. - Common Stock",NASDAQ,United States
MAAS,Maase Inc. - Class A Ordinary Shares,NASDAQ,United States
MKZR,"MacKenzie Realty Capital, Inc. - Common Stock",NASDAQ,United States
MAC,Macerich Company (The) Common Stock,NYSE,United States
MGNX,"MacroGenics, Inc. - Common Stock",NASDAQ,United States
M,Macy's Inc Common Stock,NYSE,United States
MAIR,Madison Air Solutions Corporation Class A Common Stock,NYSE,United States
MSGE,Madison Square Garden Entertainment Corp. Class A Common Stock,NYSE,United States
MSGS,Madison Square Garden Sports Corp. Class A Common Stock (New),NYSE,United States
MDGL,"Madrigal Pharmaceuticals, Inc. - Common Stock",NASDAQ,United States
MEGL,Magic Empire Global Limited - Class A Ordinary Shares,NASDAQ,United States
MGA,"Magna International, Inc. Common Stock",NYSE,United States
MX,Magnachip Semiconductor Corporation Common Stock,NYSE,United States
MAGN,Magnera Corporation Common Stock,NYSE,United States
MGNI,"Magnite, Inc. - Common Stock",NASDAQ,United States
MAGH,Magnitude International Ltd - Ordinary Shares,NASDAQ,United States
MGY,Magnolia Oil & Gas Corporation Class A Common Stock,NYSE,United States
MGYR,"Magyar Bancorp, Inc. - Common Stock",NASDAQ,United States
MAIN,Main Street Capital Corporation Common Stock,NYSE,United States
MNSB,"MainStreet Bancshares, Inc. - Common Stock",NASDAQ,United States
MNSBP,"MainStreet Bancshares, Inc. - Depositary Shares",NASDAQ,United States
MSS,Maison Solutions Inc. - Class A Common Stock,NASDAQ,United States
MMYT,MakeMyTrip Limited - Ordinary Shares,NASDAQ,United States
MAKO,Mako Mining Corp - Common Stock,NASDAQ,United States
MBUU,"Malibu Boats, Inc. - Common Stock",NASDAQ,United States
MAMA,"Mama's Creations, Inc. - Common Stock",NASDAQ,United States
TUSK,"Mammoth Energy Services, Inc. - Common Stock",NASDAQ,United States
MGRX,"Mangoceuticals, Inc. - Common Stock",NASDAQ,United States
MANH,"Manhattan Associates, Inc. - Common Stock",NASDAQ,United States
LOAN,"Manhattan Bridge Capital, Inc - Common Stock",NASDAQ,United States
MTW,"Manitowoc Company, Inc. (The) Common Stock",NYSE,United States
MNKD,MannKind Corporation - Common Stock,NASDAQ,United States
MTEX,"Mannatech, Incorporated - Common Stock",NASDAQ,United States
MAN,ManpowerGroup Common Stock,NYSE,United States
MFC,Manulife Financial Corporation Common Stock,NYSE,United States
MPLT,"MapLight Therapeutics, Inc. - Common Stock",NASDAQ,United States
CART,Maplebear Inc. - Common Stock,NASDAQ,United States
MBBC,"Marathon Bancorp, Inc. - Common Stock",NASDAQ,United States
MPC,Marathon Petroleum Corporation Common Stock,NYSE,United States
MRVI,"Maravai LifeSciences Holdings, Inc. - Class A common stock",NASDAQ,United States
MCHX,"Marchex, Inc. - Class B Common Stock",NASDAQ,United States
MMI,"Marcus & Millichap, Inc. Common Stock",NYSE,United States
MCS,Marcus Corporation (The) Common Stock,NYSE,United States
MRX,Marex Group Limited - Ordinary Shares,NASDAQ,United States
HZO,"MarineMax, Inc.  (FL) Common Stock",NYSE,United States
MTEK,Maris-Tech Ltd. - ordinary shares,NASDAQ,United States
MKL,Markel Group Inc. Common Stock,NYSE,United States
MRKR,"Marker Therapeutics, Inc. - Common Stock",NASDAQ,United States
MTAK,Market Technology Acquisition Corp - Class A Ordinary Shares,NASDAQ,United States
MKTX,"MarketAxess Holdings, Inc. - Common Stock",NASDAQ,United States
MKTW,"MarketWise, Inc. - Class A Common Stock",NASDAQ,United States
MQ,"Marqeta, Inc. - Class A Common Stock",NASDAQ,United States
MAR,Marriott International - Class A Common Stock,NASDAQ,United States
VAC,Marriott Vacations Worldwide Corporation Common Stock,NYSE,United States
MRSH,Marsh Common Stock,NYSE,United States
MRTN,"Marten Transport, Ltd. - Common Stock",NASDAQ,United States
MRT,"Marti Technologies, Inc. Class A Ordinary Shares",NYSE MKT,United States
MLM,"Martin Marietta Materials, Inc. Common Stock",NYSE,United States
MRVL,"Marvell Technology, Inc. - Common Stock",NASDAQ,United States
MWYN,"Marwynn Holdings, Inc. - Common stock",NASDAQ,United States
MTZ,"MasTec, Inc. Common Stock",NYSE,United States
MAS,Masco Corporation Common Stock,NYSE,United States
MSGY,Masonglory Limited - Class A Ordinary Shares,NASDAQ,United States
MAMO,Massimo Group - Common Stock,NASDAQ,United States
MHH,"Mastech Digital, Inc Common Stock",NYSE MKT,United States
MB,MasterBeef Group - Ordinary Shares,NASDAQ,United States
MBC,"MasterBrand, Inc. Common Stock",NYSE,United States
MCFT,"MasterCraft Boat Holdings, Inc. - Common Stock",NASDAQ,United States
MA,Mastercard Incorporated Common Stock,NYSE,United States
MTDR,Matador Resources Company Common Stock,NYSE,United States
MTCH,"Match Group, Inc. - Common Stock",NASDAQ,United States
MTLS,Materialise NV - American Depositary Shares,NASDAQ,United States
MTRN,Materion Corporation,NYSE,United States
MTNB,"Matinas Biopharma Holdings, Inc. Common Stock",NYSE MKT,United States
MATV,"Mativ Holdings, Inc. Common Stock",NYSE,United States
MTRX,Matrix Service Company - Common Stock,NASDAQ,United States
MATX,"Matson, Inc. Common Stock",NYSE,United States
MAT,"Mattel, Inc. - Common Stock",NASDAQ,United States
MATW,Matthews International Corporation - Class A Common Stock,NASDAQ,United States
MLP,"Maui Land & Pineapple Company, Inc. Common Stock",NYSE,United States
MXCT,"MaxCyte, Inc. - Common Stock",NASDAQ,United States
MXL,"MaxLinear, Inc - Common Stock",NASDAQ,United States
MMS,"Maximus, Inc. Common Stock",NYSE,United States
MAMK,MaxsMaking Inc. - Class A Ordinary Shares,NASDAQ,United States
MINE,Mayfair Gold Corp. Common Shares,NYSE MKT,United States
MEC,"Mayville Engineering Company, Inc. Common Stock",NYSE,United States
MYX,Maywood Acquisition Corp. 2 - Class A Ordinary Share,NASDAQ,United States
MAZE,"Maze Therapeutics, Inc. - Common Stock",NASDAQ,United States
MKC,"McCormick & Company, Incorporated Common Stock",NYSE,United States
MKC.V,"McCormick & Company, Incorporated Common Stock",NYSE,United States
MCD,McDonald's Corporation Common Stock,NYSE,United States
MUX,McEwen Inc. Common Stock,NYSE,United States
MGRC,McGrath RentCorp - Common Stock,NASDAQ,United States
MH,"McGraw Hill, Inc. Common Stock",NYSE,United States
MCK,McKesson Corporation Common Stock,NYSE,United States
MKLY,McKinley Acquisition Corporation - Class A Ordinary Shares,NASDAQ,United States
MCHB,Mechanics Bancorp - Class A Common Stock,NASDAQ,United States
MDRR,"Medalist Diversified, Inc. - Common Stock",NASDAQ,United States
MFIN,Medallion Financial Corp. - Common Stock,NASDAQ,United States
MDWD,MediWound Ltd. - Ordinary Shares,NASDAQ,United States
MAX,"MediaAlpha, Inc. Class A Common Stock",NYSE,United States
MDIA,Mediaco Holding Inc. - Class A Common Stock,NASDAQ,United States
MNOV,"MediciNova, Inc. - Common Stock",NASDAQ,United States
MDCX,Medicus Pharma Ltd. - Common Stock,NASDAQ,United States
MDLN,Medline Inc. - Class A common stock,NASDAQ,United States
MEDP,"Medpace Holdings, Inc. - Common Stock",NASDAQ,United States
MDT,Medtronic plc. Ordinary Shares,NYSE,United States
MGRT,Mega Fortune Company Limited - Ordinary Shares,NASDAQ,United States
MPU,Mega Matrix Inc. Class A Ordinary Shares,NYSE MKT,United States
MGN,Megan Holdings Limited - Class A Ordinary Shares,NASDAQ,United States
MGTX,MeiraGTx Holdings plc - Ordinary Shares,NASDAQ,United States
WNW,Meiwu Technology Company Limited - Ordinary Shares,NASDAQ,United States
MACI,Melar Acquisition Corp. I - Class A Ordinary Shares,NASDAQ,United States
MLCO,Melco Resorts & Entertainment Limited - American Depositary Shares,NASDAQ,United States
MELI,"MercadoLibre, Inc. - Common Stock",NASDAQ,United States
MBWM,Mercantile Bank Corporation - Common Stock,NASDAQ,United States
MRCO,Mercator Acquisition Corp. - Class A Ordinary Shares,NASDAQ,United States
MERC,Mercer International Inc. - Common Stock,NASDAQ,United States
MBIN,Merchants Bancorp - Common Stock,NASDAQ,United States
MRK,"Merck & Company, Inc. Common Stock (new)",NYSE,United States
MCY,Mercury General Corporation Common Stock,NYSE,United States
MRCY,Mercury Systems Inc - Common Stock,NASDAQ,United States
MREO,Mereo BioPharma Group plc - American Depositary Shares,NASDAQ,United States
MRBK,Meridian Corporation - Common Stock,NASDAQ,United States
MRDN,Meridian Holdings Inc. - Common Stock,NASDAQ,United States
MIAC,Meridian3 Industrials Acquisition Corp - Class A Ordinary Shares,NASDAQ,United States
MMSI,"Merit Medical Systems, Inc. - Common Stock",NASDAQ,United States
MTH,Meritage Homes Corporation Common Stock,NYSE,United States
MRLN,"Merlin, Inc. - Common Stock",NASDAQ,United States
MLAB,"Mesa Laboratories, Inc. - Common Stock",NASDAQ,United States
MESH,Meshflow Acquisition Corp. - Class A Ordinary Shares,NASDAQ,United States
MESO,Mesoblast Limited - American Depositary Shares,NASDAQ,United States
MET,"MetLife, Inc. Common Stock",NYSE,United States
MET$E,"MetLife, Inc. Depositary Shares",NYSE,United States
META,"Meta Platforms, Inc. - Class A Common Stock",NASDAQ,United States
MTVA,MetaVia Inc.  - Common Stock,NASDAQ,United States
MGX,"Metagenomi Therapeutics, Inc. - Common Stock",NASDAQ,United States
MTA,Metalla Royalty & Streaming Ltd. Common Shares,NYSE MKT,United States
MTUS,Metallus Inc. Common Shares,NYSE,United States
MATH,Metalpha Technology Holding Limited - Ordinary Shares,NASDAQ,United States
MTAL,Metals Acquisition Corp. II Class A Ordinary Shares,NYSE,United States
MEOH,Methanex Corporation - Common Stock,NASDAQ,United States
MEI,"Methode Electronics, Inc. Common Stock",NYSE,United States
MCBS,"MetroCity Bankshares, Inc. - Common Stock",NASDAQ,United States
MCB,Metropolitan Bank Holding Corp. Common Stock,NYSE,United States
MTD,"Mettler-Toledo International, Inc. Common Stock",NYSE,United States
MXC,Mexco Energy Corporation Common Stock,NYSE MKT,United States
MDXG,"MiMedx Group, Inc - Common Stock",NASDAQ,United States
INKT,"MiNK Therapeutics, Inc. - Common Stock",NASDAQ,United States
MIAX,"Miami International Holdings, Inc. Common Stock",NYSE,United States
MLGO,"MicroAlgo, Inc. - Ordinary Shares",NASDAQ,United States
HOLO,MicroCloud Hologram Inc. - Ordinary Shares,NASDAQ,United States
MVIS,"MicroVision, Inc. - Common Stock",NASDAQ,United States
MBOT,Microbot Medical Inc.  - Common Stock,NASDAQ,United States
MCHP,Microchip Technology Incorporated - Common Stock,NASDAQ,United States
MU,"Micron Technology, Inc. - Common Stock",NASDAQ,United States
MCRP,Micropolis AI Robotics Ordinary Shares,NYSE MKT,United States
MSFT,Microsoft Corporation - Common Stock,NASDAQ,United States
MVST,"Microvast Holdings, Inc. - Common Stock",NASDAQ,United States
MWC,"Micware Co., Ltd. - American Depositary Shares",NASDAQ,United States
MPB,Mid Penn Bancorp - Common Stock,NASDAQ,United States
MSEX,Middlesex Water Company - Common Stock,NASDAQ,United States
MFP,"Midera Food Processing, Inc. - Common Stock",NASDAQ,United States
MSBI,"Midland States Bancorp, Inc. - Common Stock",NASDAQ,United States
MIST,Milestone Pharmaceuticals Inc. - Common Shares,NASDAQ,United States
MLSS,"Milestone Scientific, Inc. Common Stock",NYSE MKT,United States
MGIH,Millennium Group International Holdings Limited - Ordinary Shares,NASDAQ,United States
MLR,"Miller Industries, Inc. Common Stock",NYSE,United States
MLKN,"MillerKnoll, Inc. - Common Stock",NASDAQ,United States
TIGO,Millicom International Cellular S.A. - Common Stock,NASDAQ,United States
MRP,"Millrose Properties, Inc. Class A Common Stock",NYSE,United States
MMTX,Miluna Acquisition Corp - Class A Ordinary Shares,NASDAQ,United States
MF,MindForge Inc. - Class A Ordinary Shares,NASDAQ,United States
HYFT,MindWalk Holdings Corp. - Common Stock,NASDAQ,United States
MTX,Minerals Technologies Inc. Common Stock,NYSE,United States
MLYS,"Mineralys Therapeutics, Inc. - Common Stock",NASDAQ,United States
NERV,"Minerva Neurosciences, Inc - Common Stock",NASDAQ,United States
MTEN,Mingteng International Corporation Inc. - Class A Ordinary Shares,NASDAQ,United States
MMED,"MiniMed Group, Inc. - Common Stock",NASDAQ,United States
MIMI,Mint Incorporation Limited - Class A Ordinary Shares,NASDAQ,United States
MIR,"Mirion Technologies, Inc. Class A Common Stock",NYSE,United States
MIRM,"Mirum Pharmaceuticals, Inc. - common stock",NASDAQ,United States
AVO,"Mission Produce, Inc. - Common Stock",NASDAQ,United States
MG,Mistras Group Inc Common Stock,NYSE,United States
MITK,"Mitek Systems, Inc. - Common Stock",NASDAQ,United States
MUFG,"Mitsubishi UFJ Financial Group, Inc. Common Stock",NYSE,United States
MMA,Mixed Martial Arts Group Limited Ordinary Shares,NYSE MKT,United States
MFG,"Mizuho Financial Group, Inc. Sponosred ADR (Japan)",NYSE,United States
MOBI,"Mobia Medical, Inc. - Common Stock",NASDAQ,United States
BEEP,Mobile Infrastructure Corporation - Common Stock,NASDAQ,United States
MNDR,Mobile-health Network Solutions - Class A Ordinary Shares,NASDAQ,United States
MBLY,Mobileye Global Inc. - Class A Common Stock,NASDAQ,United States
MOB,Mobilicom Limited - Ordinary Shares,NASDAQ,United States
MBGL,Mobility Global Inc. Common Stock,NYSE,United States
MOBX,"Mobix Labs, Inc. - Class A Common Stock",NASDAQ,United States
MRNA,"Moderna, Inc. - Common Stock",NASDAQ,United States
MOD,Modine Manufacturing Company Common Stock,NYSE,United States
MODD,"Modular Medical, Inc. - common stock",NASDAQ,United States
MC,Moelis & Company Class A Common Stock,NYSE,United States
MHK,"Mohawk Industries, Inc. Common Stock",NYSE,United States
MOLN,Molecular Partners AG - American Depositary Shares,NASDAQ,United States
MBRX,"Moleculin Biotech, Inc. - Common Stock",NASDAQ,United States
MOH,Molina Healthcare Inc Common Stock,NYSE,United States
TAP.A,Molson Coors Beverage Company Class A Common Stock,NYSE,United States
TAP,Molson Coors Beverage Company Class B Common Stock,NYSE,United States
MNTS,Momentus Inc. - Class A Common Stock,NASDAQ,United States
MCRI,"Monarch Casino & Resort, Inc. - Common Stock",NASDAQ,United States
MDLZ,"Mondelez International, Inc. - Class A Common Stock",NASDAQ,United States
MNY,MoneyHero Limited - Class A Ordinary Shares,NASDAQ,United States
MDB,"MongoDB, Inc. - Class A Common Stock",NASDAQ,United States
MPWR,"Monolithic Power Systems, Inc. - Common Stock",NASDAQ,United States
MNPR,Monopar Therapeutics Inc. - Common Stock,NASDAQ,United States
MNRO,"Monro, Inc.  - Common Stock",NASDAQ,United States
MNST,Monster Beverage Corporation - Common Stock,NASDAQ,United States
MNTK,"Montauk Renewables, Inc. - Common Stock",NASDAQ,United States
GLUE,"Monte Rosa Therapeutics, Inc. - Common Stock",NASDAQ,United States
MCO,Moody's Corporation Common Stock,NYSE,United States
MOG.A,Moog Inc. Class A Common Stock,NYSE,United States
MOG.B,Moog Inc. Class B Common Stock,NYSE,United States
MLEC,Moolec Science SA - Ordinary Shares,NASDAQ,United States
MLTX,MoonLake Immunotherapeutics - Class A Ordinary Shares,NASDAQ,United States
MS,Morgan Stanley Common Stock,NYSE,United States
MS$F,Morgan Stanley Dep Shs Rpstg 1/1000th Int Prd Ser F Fxd to Flag,NYSE,United States
MS$A,Morgan Stanley Dep Shs repstg 1/1000 Pfd Ser A,NYSE,United States
MORN,"Morningstar, Inc. - Common Stock",NASDAQ,United States
MOS,Mosaic Company (The) Common Stock,NYSE,United States
MPAA,"Motorcar Parts of America, Inc. - Common Stock",NASDAQ,United States
MSI,"Motorola Solutions, Inc. Common Stock",NYSE,United States
MSGM,Motorsport Games Inc. - Class A Common Stock,NASDAQ,United States
MLCI,Mount Logan Capital Inc. - Common Stock,NASDAQ,United States
MCAH,Mountain Crest Acquisition 6 Corp. - Ordinary Shares,NASDAQ,United States
MLAA,Mountain Lake Acquisition Corp. II - Class A Ordinary Shares,NASDAQ,United States
MOV,Movado Group Inc. Common Stock,NYSE,United States
MITQ,"Moving iMage Technologies, Inc. Common Stock",NYSE MKT,United States
MLI,"Mueller Industries, Inc. Common Stock",NYSE,United States
MWG,Multi Ways Holdings Limited Class A Ordinary Shares,NYSE MKT,United States
MSAI,"MultiSensor AI Holdings, Inc. - Common Stock",NASDAQ,United States
MRNO,Murano Global Investments PLC - Ordinary Shares,NASDAQ,United States
MUR,Murphy Oil Corporation Common Stock,NYSE,United States
MUSA,Murphy USA Inc. Common Stock,NYSE,United States
MBIO,"Mustang Bio, Inc. - Common Stock",NASDAQ,United States
MUZE,Muzero Acquisition Corp - Class A Ordinary Shares,NASDAQ,United States
MYSZ,"My Size, Inc. - Common Stock",NASDAQ,United States
MYE,"Myers Industries, Inc. Common Stock",NYSE,United States
MYND,"Mynd.ai, Inc. American Depositary Shares",NYSE MKT,United States
MYO,Myomo Inc. Common Stock,NYSE MKT,United States
MYGN,"Myriad Genetics, Inc. - Common Stock",NASDAQ,United States
MYSE,"Myseum.AI, Inc. - Common Stock",NASDAQ,United States
NABL,"N-able, Inc. Common Stock",NYSE,United States
NC,"NACCO Industries, Inc. Common Stock",NYSE,United States
NNOX,NANO-X IMAGING LTD - Ordinary Shares,NASDAQ,United States
NSSC,"NAPCO Security Technologies, Inc. - Common Stock",NASDAQ,United States
ZJZZT,NASDAQ TEST STOCK,NASDAQ,United States
ZVZZT,NASDAQ TEST STOCK,NASDAQ,United States
ZWZZT,NASDAQ TEST STOCK,NASDAQ,United States
ZXZZT,NASDAQ TEST STOCK,NASDAQ,United States
NBBK,"NB Bancorp, Inc. - Common Stock",NASDAQ,United States
NBTB,NBT Bancorp Inc. - Common Stock,NASDAQ,United States
NATL,NCR Atleos Corporation Common Stock,NYSE,United States
VYX,NCR Voyix Corporation Common Stock,NYSE,United States
NPWR,NET Power Inc. Class A Common Stock,NYSE,United States
NTCL,NETCLASS TECHNOLOGY INC - Class A Ordinary Shares,NASDAQ,United States
NTGR,"NETGEAR, Inc. - Common Stock",NASDAQ,United States
NTWK,NETSOL Technologies Inc. - Common Stock,NASDAQ,United States
MI,NFT Limited Class A Ordinary Share,NYSE MKT,United States
NODK,"NI Holdings, Inc. - Common Stock",NASDAQ,United States
NICE,NICE Ltd - American Depositary Shares each representing one Ordinary Share,NASDAQ,United States
NIO,"NIO Inc. American depositary shares, each  representing one Class A ordinary share",NYSE,United States
NIPG,NIP Group Inc. - American Depositary Shares,NASDAQ,United States
NIQ,NIQ Global Intelligence plc Ordinary Shares,NYSE,United States
NL,"NLI Holdings, Inc. Common Stock",NYSE,United States
NMIH,NMI Holdings Inc - Common Stock,NASDAQ,United States
NMP,NMP Acquisition Corp. - Class A Ordinary Shares,NASDAQ,United States
NNBR,"NN, Inc. - Common Stock",NASDAQ,United States
NNN,"NNN REIT, Inc. Common Stock",NYSE,United States
NOMA,NOMADAR Corp. - Class A Common Stock,NASDAQ,United States
NOV,NOV Inc. Common Stock,NYSE,United States
NVX,NOVONIX Limited - American Depository Shares,NASDAQ,United States
NPKI,NPK International Inc. Common Stock,NYSE,United States
NRC,NRC Health - Common Stock,NASDAQ,United States
NRG,"NRG Energy, Inc. Common Stock",NYSE,United States
NRXP,"NRX Pharmaceuticals, Inc. - Common Stock",NASDAQ,United States
NSTS,"NSTS Bancorp, Inc. - Common Stock",NASDAQ,United States
NVEC,NVE Corporation - Common Stock,NASDAQ,United States
NVDA,NVIDIA Corporation - Common Stock,NASDAQ,United States
NVR,"NVR, Inc. Common Stock",NYSE,United States
NWPX,"NWPX Infrastructure, Inc. - Common Stock",NASDAQ,United States
NXPI,NXP Semiconductors N.V. - Common Stock,NASDAQ,United States
ZVV,NYSE ARCA test stock,NYSE ARCA,United States
CTEST,NYSE Test One Common Stock,NYSE MKT,United States
CTEST.E,NYSE Test One Common Stock,NYSE,United States
CTEST.G,NYSE Test One Common Stock,NYSE,United States
CTEST.L,NYSE Test One Common Stock,NYSE,United States
CTEST.O,NYSE Test One Common Stock,NYSE,United States
CTEST.V,NYSE Test One Common Stock,NYSE,United States
CTEST.S,NYSE Test Six Common Stock,NYSE,United States
MTEST,"NYSE Texas, Inc. TEST Common Stock",US,United States
NTEST,NYSE Tick Pilot Test Sym-Control,NYSE,United States
NTEST.A,NYSE Tick Pilot Test Sym-G1,NYSE,United States
NTEST.B,NYSE Tick Pilot Test Sym-G2,NYSE,United States
NAAS,NaaS Technology Inc. - American Depositary Shares,NASDAQ,United States
NBR,Nabors Industries Ltd.,NYSE,United States
NAKA,Nakamoto Inc. - Common Stock,NASDAQ,United States
NAMM,Namib Minerals - Ordinary Shares,NASDAQ,United States
NNDM,Nano Dimension Ltd. - American Depositary Shares,NASDAQ,United States
NA,Nano Labs Ltd - Class A Ordinary Shares,NASDAQ,United States
NNE,Nano Nuclear Energy Inc. - common stock,NASDAQ,United States
NNVC,"NanoViricides, Inc. Common Stock",NYSE MKT,United States
NBTX,Nanobiotix S.A. - ADSs,NASDAQ,United States
ZXYZ.A,Nasdaq Symbology Test Common Stock,NASDAQ,United States
NDAQ,"Nasdaq, Inc. - Common Stock",NASDAQ,United States
NSRX,Nasus Pharma Ltd. Ordinary Shares,NYSE MKT,United States
NWG,"NatWest Group plc American Depositary Shares, (each representing two (2) Ordinary Shares)",NYSE,United States
NTRA,"Natera, Inc. - Common Stock",NASDAQ,United States
NATH,"Nathan's Famous, Inc. - Common Stock",NASDAQ,United States
NBHC,National Bank Holdings Corporation Common Stock,NYSE,United States
NKSH,"National Bankshares, Inc. - Common Stock",NASDAQ,United States
FIZZ,National Beverage Corp. - Common Stock,NASDAQ,United States
NCMI,"National CineMedia, Inc. - Common Stock",NASDAQ,United States
NFG,National Fuel Gas Company Common Stock,NYSE,United States
NGG,"National Grid Transco, PLC National Grid PLC (NEW) American Depositary Shares",NYSE,United States
NHI,"National Health Investors, Inc. Common Stock",NYSE,United States
NHC,National HealthCare Corporation Common Stock,NYSE MKT,United States
NHP,"National Healthcare Properties, Inc. - Class A Common Stock",NASDAQ,United States
NPK,"National Presto Industries, Inc. Common Stock",NYSE,United States
EYE,"National Vision Holdings, Inc. - Common Stock",NASDAQ,United States
NAII,"Natural Alternatives International, Inc. - Common Stock",NASDAQ,United States
NGS,"Natural Gas Services Group, Inc. Common Stock",NYSE,United States
NGVC,"Natural Grocers by Vitamin Cottage, Inc. Common Stock",NYSE,United States
NHTC,Natural Health Trends Corp. - Common Stock,NASDAQ,United States
NRP,Natural Resource Partners LP Limited Partnership,NYSE,United States
NATR,"Nature's Sunshine Products, Inc. - Common Stock",NASDAQ,United States
KITT,"Nauticus Robotics, Inc. - Common stock",NASDAQ,United States
NAUT,"Nautilus Biotechnology, Inc. - Common Stock",NASDAQ,United States
NAVN,"Navan, Inc. - Class A Common Stock",NASDAQ,United States
NAVI,Navient Corporation - Common Stock,NASDAQ,United States
NVGS,Navigator Holdings Ltd. Ordinary Shares (Marshall Islands),NYSE,United States
NVTS,Navitas Semiconductor Corporation - Common Stock,NASDAQ,United States
NYAX,Nayax Ltd. - Ordinary Shares,NASDAQ,United States
NTHI,"NeOnc Technologies Holdings, Inc. - Common Stock",NASDAQ,United States
NBIS,Nebius Group N.V. - Class A Ordinary Shares,NASDAQ,United States
NXH,"Neighborhood Intelligence, Inc.  - Common Stock",NASDAQ,United States
NKTR,Nektar Therapeutics - Common Stock,NASDAQ,United States
NNI,"Nelnet, Inc. Common Stock",NYSE,United States
NCI,Neo-Concept International Group Holdings Limited - Class A Ordinary Shares,NASDAQ,United States
NEO,"NeoGenomics, Inc. - Common Stock",NASDAQ,United States
NEOV,NeoVolta Inc. - Common Stock,NASDAQ,United States
NEOG,Neogen Corporation - Common Stock,NASDAQ,United States
NEON,Neonode Inc. - Common Stock,NASDAQ,United States
NEPH,"Nephros, Inc. - Common Stock",NASDAQ,United States
NP,Neptune Insurance Holdings Inc. Class A Common Stock,NYSE,United States
NRDS,"NerdWallet, Inc. - Class A Common Stock",NASDAQ,United States
NRDY,Nerdy Inc. Class A Common Stock,NYSE,United States
NGEN,NervGen Pharma Corp. - Common stock,NASDAQ,United States
NLOP,Net Lease Office Properties Common Shares of Beneficial Interest,NYSE,United States
NTAP,"NetApp, Inc. - Common Stock",NASDAQ,United States
NTES,"NetEase, Inc. - American Depositary Shares, each representing 5 ordinary shares",NASDAQ,United States
NTST,NetSTREIT Corp. Common Stock,NYSE,United States
NTCT,"NetScout Systems, Inc. - Common Stock",NASDAQ,United States
NCPL,Netcapital Inc. - Common Stock,NASDAQ,United States
NTSK,"Netskope, Inc. - Class A Common Stock",NASDAQ,United States
NTIP,"Network-1 Technologies, Inc. Common Stock",NYSE MKT,United States
NMRA,"Neumora Therapeutics, Inc. - Common Stock",NASDAQ,United States
NEUP,Neuphoria Therapeutics Inc. - Common Stock,NASDAQ,United States
NRXS,"Neuraxis, Inc. Common Stock",NYSE MKT,United States
NMTC,NeuroOne Medical Technologies Corporation - Common Stock,NASDAQ,United States
NRSN,NeuroSense Therapeutics Ltd. - Ordinary Shares,NASDAQ,United States
NBIX,"Neurocrine Biosciences, Inc. - Common Stock",NASDAQ,United States
NGNE,Neurogene Inc. - Common Stock,NASDAQ,United States
STIM,"Neuronetics, Inc. - Common Stock",NASDAQ,United States
NPCE,"Neuropace, Inc. - Common Stock",NASDAQ,United States
LIME,"Neutron Holdings, Inc. - Common Stock",NASDAQ,United States
NWAX,New America Acquisition I Corp. Class A Common Stock,NYSE,United States
NCEW,New Century Logistics (BVI) Limited - Ordinary Shares,NASDAQ,United States
GBR,"New Concept Energy, Inc Common Stock",NYSE MKT,United States
NUAI,"New Era Energy & Digital, Inc. - Common Stock",NASDAQ,United States
NFE,New Fortress Energy Inc. - Class A Common Stock,NASDAQ,United States
NFGC,New Found Gold Corp Common Shares,NYSE MKT,United States
HOVR,New Horizon Aircraft Ltd. - Class A Ordinary Shares,NASDAQ,United States
NMFC,New Mountain Finance Corporation - Common Stock,NASDAQ,United States
EDU,"New Oriental Education & Technology Group, Inc. Sponsored ADR representing 10 Ordinary Share (Cayman Islands)",NYSE,United States
NEWP,New Pacific Metals Corp. Common Shares,NYSE MKT,United States
NPAC,New Providence Acquisition Corp. III - Ordinary Shares,NASDAQ,United States
NYT,New York Times Company (The) Common Stock,NYSE,United States
NAMS,NewAmsterdam Pharma Company N.V. - Ordinary Shares,NASDAQ,United States
NIVF,NewGenIvf Group Limited - Class A Ordinary Shares,NASDAQ,United States
NHIC,NewHold Investment Corp III - Class A Ordinary shares,NASDAQ,United States
NHIV,NewHold Investment Corp IV - Class A Ordinary Shares,NASDAQ,United States
NJR,NewJersey Resources Corporation Common Stock,NYSE,United States
NEU,NewMarket Corp Common Stock,NYSE,United States
NBRG,Newbridge Acquisition Limited - Class A Ordinary Share,NASDAQ,United States
NTWO,Newbury Street II Acquisition Corp - Class A Ordinary Shares,NASDAQ,United States
NCEL,NewcelX Ltd. - Ordinary Shares,NASDAQ,United States
NEGG,"Newegg Commerce, Inc. - Common Shares",NASDAQ,United States
NWL,Newell Brands Inc. - Common Stock,NASDAQ,United States
NMRK,"Newmark Group, Inc. - Class A Common Stock",NASDAQ,United States
NEM,Newmont Corporation,NYSE,United States
NWSA,News Corporation - Class A Common Stock,NASDAQ,United States
NWS,News Corporation - Class B Common Stock,NASDAQ,United States
NMAX,"Newsmax, Inc. Class B Common Stock",NYSE,United States
NEWT,"NewtekOne, Inc. - Common Stock",NASDAQ,United States
NWTG,"Newton Golf Company, Inc. - Common Stock",NASDAQ,United States
NXGL,"NexGel, Inc - Common Stock",NASDAQ,United States
NEXM,NexMetals Mining Corp. - Common Stock,NASDAQ,United States
NREF,"NexPoint Real Estate Finance, Inc. Common Stock",NYSE,United States
NEXA,Nexa Resources S.A. Common Shares,NYSE,United States
NXL,"Nexalin Technology, Inc. - Common Stock",NASDAQ,United States
NXTS,Nexentis Technologies Inc. - Common Stock,NASDAQ,United States
NEXR,Nexera Technologies Ltd - Ordinary Shares,NASDAQ,United States
NXE,Nexgen Energy Ltd. Common Shares,NYSE,United States
NXST,"Nexstar Media Group, Inc. - Common Stock",NASDAQ,United States
NXTT,Next Technology Holding Inc. - Ordinary Shares,NASDAQ,United States
NXB,NextBoat Inc. Common Stcok,NYSE MKT,United States
NXTC,"NextCure, Inc. - Common Stock",NASDAQ,United States
NEXT,NextDecade Corporation - Common Stock,NASDAQ,United States
NEE,"NextEra Energy, Inc. Common Stock",NYSE,United States
NXXT,"NextNRG, Inc. - Common Stock",NASDAQ,United States
NN,NextNav Inc. - Common stock,NASDAQ,United States
NXPL,NextPlat Corp - Common Stock,NASDAQ,United States
NTRP,"NextTrip, Inc. - Common Stock",NASDAQ,United States
NXDR,"Nextdoor Holdings, Inc. Class A Common Stock",NYSE,United States
NXT,Nextpower Inc. - Common Stock,NASDAQ,United States
NXAT,Nexus Advanced Technologies Inc. - Ordinary Shares,NASDAQ,United States
NEXN,Nexxen International Ltd. - Ordinary Shares,NASDAQ,United States
NI,NiSource Inc Common Stock,NYSE,United States
NAGE,"Niagen Bioscience, Inc. - Common Stock",NASDAQ,United States
NICM,Nicola Mining Inc. - American Depositary Shares,NASDAQ,United States
NIC,Nicolet Bankshares Inc. Common Stock,NYSE,United States
NKE,"Nike, Inc. Common Stock",NYSE,United States
NIKI,"Niki BioSolutions, Inc. - Common Stock",NASDAQ,United States
NINE,"Nine Energy Service, Inc. Common Stock",NYSE MKT,United States
NB,NioCorp Developments Ltd. - Common Stock,NASDAQ,United States
NIU,Niu Technologies - American Depositary Shares,NASDAQ,United States
NIXX,"Nixxy, Inc. - Common Stock",NASDAQ,United States
NKTX,"Nkarta, Inc. - Common Stock",NASDAQ,United States
NOAH,Noah Holdings Limited American Depositary Shares,NYSE,United States
NE,Noble Corporation plc A Ordinary Shares,NYSE,United States
NCRA,"Nocera, Inc. - common stock",NASDAQ,United States
NOK,Nokia Corporation Sponsored American Depositary Shares,NYSE,United States
NOMD,Nomad Foods Limited Ordinary Shares,NYSE,United States
NMAD,"Nomad Power Solutions, Inc. - Common Stock",NASDAQ,United States
NMR,Nomura Holdings Inc ADR American Depositary Shares,NYSE,United States
NDLS,Noodles & Company - Class A Common Stock,NASDAQ,United States
NAT,Nordic American Tankers Limited Common Stock,NYSE,United States
NDSN,Nordson Corporation - Common Stock,NASDAQ,United States
NSC,Norfolk Southern Corporation Common Stock,NYSE,United States
NSYS,Nortech Systems Incorporated - Common Stock,NASDAQ,United States
NOA,North American Construction Group Ltd. Common Shares (no par),NYSE,United States
NSAI,NorthStrive Acquisition Corp I. - Class A Ordinary Shares,NASDAQ,United States
NWE,"NorthWestern Energy Group, Inc.  - Common Stock",NASDAQ,United States
NBN,Northeast Bank - Common Stock,NASDAQ,United States
NAK,"Northern Dynasty Minerals, Ltd. Common Stock",NYSE MKT,United States
NOG,"Northern Oil and Gas, Inc. Common Stock",NYSE,United States
NTIC,Northern Technologies International Corporation - Common Stock,NASDAQ,United States
NPB,"Northpointe Bancshares, Inc. Common Stock",NYSE,United States
NRIM,Northrim BanCorp Inc - Common Stock,NASDAQ,United States
NOC,Northrop Grumman Corporation Common Stock,NYSE,United States
NWBI,"Northwest Bancshares, Inc. - Common Stock",NASDAQ,United States
NWN,Northwest Natural Holding Company Common Stock,NYSE,United States
NCLH,Norwegian Cruise Line Holdings Ltd. Ordinary Shares,NYSE,United States
NWFL,Norwood Financial Corp. - Common Stock,NASDAQ,United States
NMG,Nouveau Monde Graphite Inc. Common Shares,NYSE,United States
NVMI,Nova Ltd. - Ordinary Shares,NASDAQ,United States
NVA,Nova Minerals Corp Common Stock,NYSE MKT,United States
NBP,NovaBridge Biosciences - American Depositary Shares,NASDAQ,United States
NG,Novagold Resources Inc.,NYSE MKT,United States
NOVT,Novanta Inc. - Common Shares,NASDAQ,United States
NVS,Novartis AG Common Stock,NYSE,United States
NVAX,"Novavax, Inc. - Common Stock",NASDAQ,United States
NVOH,Novo Nordisk A/S B Shares ADRhedged,NYSE ARCA,United States
NVO,Novo Nordisk A/S Common Stock,NYSE,United States
NVCR,NovoCure Limited - Ordinary Shares,NASDAQ,United States
NU,Nu Holdings Ltd. Class A Ordinary Shares,NYSE,United States
NUS,"Nu Skin Enterprises, Inc. Common Stock",NYSE,United States
NCNA,NuCana plc - American Depositary Shares,NASDAQ,United States
SMR,NuScale Power Corporation Class A Common Stock,NYSE,United States
BURU,"Nuburu, Inc. Common Stock",NYSE MKT,United States
NUE,Nucor Corporation Common Stock,NYSE,United States
NUR,Nuran Wireless Inc. - Common Shares,NASDAQ,United States
NRIX,"Nurix Therapeutics, Inc. - Common stock",NASDAQ,United States
NTNX,"Nutanix, Inc. - Class A Common Stock",NASDAQ,United States
NUTX,Nutex Health Inc. - Common Stock,NASDAQ,United States
NTRB,Nutriband Inc. - Common Stock,NASDAQ,United States
NTR,Nutrien Ltd. Common Shares,NYSE,United States
NUVB,Nuvation Bio Inc. Class A Common Stock,NYSE,United States
NVCT,"Nuvectis Pharma, Inc. - Common Stock",NASDAQ,United States
NCDL,Nuveen Churchill Direct Lending Corp. Common Stock,NYSE,United States
NXP,Nuveen Select Tax Free Income Portfolio Common Stock,NYSE,United States
NUWE,"Nuwellis, Inc. - Common Stock",NASDAQ,United States
NVNI,Nvni Group Limited - Ordinary Shares,NASDAQ,United States
NYXH,Nyxoah SA - Ordinary Shares,NASDAQ,United States
ORLY,"O'Reilly Automotive, Inc. - Common Stock",NASDAQ,United States
OI,"O-I Glass, Inc. Common Stock",NYSE,United States
OWLS,OBOOK Holdings Inc. - Class A Common Shares,NASDAQ,United States
ODD,ODDITY Tech Ltd. - Class A Ordinary Shares,NASDAQ,United States
OFAL,OFA Group - Class A Ordinary Shares,NASDAQ,United States
OFG,OFG Bancorp Common Stock,NYSE,United States
OGE,OGE Energy Corp Common Stock,NYSE,United States
OIO,OIO Group - Ordinary Shares,NASDAQ,United States
OKYO,OKYO Pharma Limited - Ordinary Shares,NASDAQ,United States
OMSE,OMS Energy Technologies Inc. - Ordinary Shares,NASDAQ,United States
ON,ON Semiconductor Corporation - Common Stock,NASDAQ,United States
OGS,"ONE Gas, Inc. Common Stock",NYSE,United States
OKE,"ONEOK, Inc. Common Stock",NYSE,United States
OPBK,OP Bancorp - Common Stock,NASDAQ,United States
OPAL,OPAL Fuels Inc. - Class A Common Stock,NASDAQ,United States
OPLN,"OPENLANE, Inc. Common Stock",NYSE,United States
OR,OR Royalties Inc. Common Shares,NYSE,United States
IX,ORIX Corporation American Depositary Shares,NYSE,United States
OSTX,OS Therapies Incorporated Common Stock,NYSE MKT,United States
OSIS,"OSI Systems, Inc. - Common Stock",NASDAQ,United States
OTGA,OTG Acquisition Corp. I - Class A Ordinary Share,NASDAQ,United States
OUT,OUTFRONT Media Inc. Common Stock,NYSE,United States
OVLY,Oak Valley Bancorp (CA) - Common Stock,NASDAQ,United States
OACC,Oaktree Acquisition Corp. III Life Sciences - Class A Ordinary Share,NASDAQ,United States
OTLY,Oatly Group AB - American Depositary Shares,NASDAQ,United States
OBE,Obsidian Energy Ltd. Common Shares,NYSE MKT,United States
OBX,"Obsidian Therapeutics, Inc. - Common Stock",NASDAQ,United States
OXY,Occidental Petroleum Corporation Common Stock,NYSE,United States
OCAC,Ocean Capital Acquisition Corporation Ordinary Shares,NYSE,United States
OPTT,"Ocean Power Technologies, Inc. Common Stock",NYSE MKT,United States
OCFC,OceanFirst Financial Corp. - Common Stock,NASDAQ,United States
OCLT,OceanLight Acquisition Corporation - Ordinary Shares,NASDAQ,United States
OGC,OceanaGold Corporation Common Shares,NYSE,United States
OII,"Oceaneering International, Inc. Common Stock",NYSE,United States
OHAC,Oceanhawk Acquisition Corp. - Class A Ordinary Shares,NASDAQ,United States
OCTV,Octave Intelligence plc - Class B Ordinary Shares,NASDAQ,United States
OSG,"Octave Specialty Group, Inc. Common Stock",NYSE,United States
OCGN,"Ocugen, Inc. - Common Stock",NASDAQ,United States
OCUL,"Ocular Therapeutix, Inc. - Common Stock",NASDAQ,United States
OCS,Oculis Holding AG - Ordinary shares,NASDAQ,United States
ODYS,Odysight.ai Inc. - Common Stock,NASDAQ,United States
OMEX,"Odyssey Marine Exploration, Inc. - Common Stock",NASDAQ,United States
ODTX,"Odyssey Therapeutics, Inc. - Common Stock",NASDAQ,United States
OPAD,Offerpad Solutions Inc.  - Class A Common Stock,NASDAQ,United States
OVBC,Ohio Valley Banc Corp. - Common Stock,NASDAQ,United States
OMH,Ohmyhome Limited - Class A Ordinary Shares,NASDAQ,United States
OIS,"Oil States International, Inc. Common Stock",NYSE,United States
ODC,Oil-Dri Corporation Of America Common Stock,NYSE,United States
ECO,Okeanis Eco Tankers Corp. Common Stock,NYSE,United States
OKLO,Oklo Inc. Class A common stock,NYSE,United States
OKTA,"Okta, Inc. - Class A Common Stock",NASDAQ,United States
ODFL,"Old Dominion Freight Line, Inc. - Common Stock",NASDAQ,United States
ONB,Old National Bancorp - Common Stock,NASDAQ,United States
ORI,Old Republic International Corporation Common Stock,NYSE,United States
OSBC,"Old Second Bancorp, Inc. - Common Stock",NASDAQ,United States
OLMA,"Olema Pharmaceuticals, Inc. - Common Stock",NASDAQ,United States
OLOX,Olenox Industries Inc. - Common Stock,NASDAQ,United States
OLN,Olin Corporation Common Stock,NYSE,United States
OLLI,"Ollie's Bargain Outlet Holdings, Inc. - Common Stock",NASDAQ,United States
OMDA,"Omada Health, Inc. - Common Stock",NASDAQ,United States
OFLX,"Omega Flex, Inc. - Common Stock",NASDAQ,United States
OHI,"Omega Healthcare Investors, Inc. Common Stock",NYSE,United States
OMER,Omeros Corporation - Common Stock,NASDAQ,United States
OABI,"OmniAb, Inc. - Common Stock",NASDAQ,United States
OMCL,"Omnicell, Inc. - Common Stock",NASDAQ,United States
OMC,Omnicom Group Inc. Common Stock,NYSE,United States
ONON,On Holding AG Class A Ordinary Shares,NYSE,United States
OKUR,"OnKure Therapeutics, Inc. - Class A Common Stock",NASDAQ,United States
OFRM,"Once Upon a Farm, PBC Common Stock",NYSE,United States
ONCY,Oncolytics Biotech Inc. - Common Stock,NASDAQ,United States
ONCO,"Onconetix, Inc.  - Common Stock",NASDAQ,United States
ONDS,Ondas Inc - Common Stock,NASDAQ,United States
OLP,"One Liberty Properties, Inc. Common Stock",NYSE,United States
OSS,"One Stop Systems, Inc. - Common Stock",NASDAQ,United States
YDDL,One and One Green Technologies. INC - Class A Ordinary Shares,NASDAQ,United States
ONEG,OneConstruction Group Limited - Ordinary Shares,NASDAQ,United States
OIM,OneIM Acquisition Corp. - Class A Ordinary Shares,NASDAQ,United States
OMF,"OneMain Holdings, Inc. Common Stock",NYSE,United States
ONMD,OneMedNet Corp - Class A Common Stock,NASDAQ,United States
OSW,OneSpaWorld Holdings Limited - Common Shares,NASDAQ,United States
OSPN,OneSpan Inc. - Common Stock,NASDAQ,United States
ONEW,OneWater Marine Inc. - Class A Common Stock,NASDAQ,United States
ONFO,Onfolio Holdings Inc. - Common Stock,NASDAQ,United States
ONIT,Onity Group Inc. Common Stock,NYSE,United States
ONT,"Onterris, Inc. Common Stock",NYSE,United States
ONTO,Onto Innovation Inc. Common Stock,NYSE,United States
OOMA,"Ooma, Inc. Common Stock",NYSE,United States
OTEX,Open Text Corporation - Common Shares,NASDAQ,United States
OPEN,Opendoor Technologies Inc  - Common Stock,NASDAQ,United States
OPRA,Opera Limited - American Depositary Shares,NASDAQ,United States
OPK,"Opko Health, Inc. - Common Stock",NASDAQ,United States
OPRT,Oportun Financial Corporation - common stock,NASDAQ,United States
OPFI,OppFi Inc. Class A Common Stock,NYSE,United States
OPY,"Oppenheimer Holdings, Inc. Class A Common Stock (DE)",NYSE,United States
OPXS,"Optex Systems Holdings, Inc. - Common Stock",NASDAQ,United States
OCC,Optical Cable Corporation - Common Stock,NASDAQ,United States
OPTH,Optimi Health Corp. - Common Shares,NASDAQ,United States
OPRX,OptimizeRx Corporation - Common Stock,NASDAQ,United States
OPTU,"Optimum Communications, Inc. Class A common stock",NYSE,United States
OPHC,"OptimumBank Holdings, Inc. Common Stock",NYSE MKT,United States
OPCH,"Option Care Health, Inc. - Common Stock",NASDAQ,United States
IRD,"Opus Genetics, Inc. - Common Stock",NASDAQ,United States
OSUR,"OraSure Technologies, Inc. - Common Stock",NASDAQ,United States
ORCL,Oracle Corporation Common Stock,NYSE,United States
OGEN,Oragenics Inc. Common Stock,NYSE MKT,United States
ORMP,Oramed Pharmaceuticals Inc. - Common Stock,NASDAQ,United States
OBT,"Orange County Bancorp, Inc. - Common Stock",NASDAQ,United States
ORKT,Orangekloud Technology Inc. - Class A Ordinary Shares,NASDAQ,United States
OBIO,"Orchestra BioMed Holdings, Inc. - Ordinary Shares",NASDAQ,United States
ORC,"Orchid Island Capital, Inc. Common Stock",NYSE,United States
OGI,Organigram Global Inc. - Common Shares,NASDAQ,United States
ORGO,Organogenesis Holdings Inc.  - Class A,NASDAQ,United States
OGN,Organon & Co. Common Stock,NYSE,United States
ORIC,"Oric Pharmaceuticals, Inc. - Common Stock",NASDAQ,United States
OCG,Oriental Culture Holding LTD - Ordinary Shares,NASDAQ,United States
SEED,Origin Agritech Limited - Ordinary Shares,NASDAQ,United States
OBK,"Origin Bancorp, Inc. Common Stock",NYSE,United States
ORIQ,Origin Investment Corp I - Ordinary Shares,NASDAQ,United States
ORIO,Orion Digital Corp. - Common Shares,NASDAQ,United States
OESX,"Orion Energy Systems, Inc. - Common Stock",NASDAQ,United States
ORN,"Orion Group Holdings, Inc. Common",NYSE,United States
ONL,Orion Properties Inc. Common Stock,NYSE,United States
OEC,Orion S.A. Common Shares,NYSE,United States
OIG,Orion180 Insurance Group Inc. - Class A Common Stock,NASDAQ,United States
ORA,"Ormat Technologies, Inc. Common Stock",NYSE,United States
ORRF,"Orrstown Financial Services, Inc. - Common Stock",NASDAQ,United States
KIDS,OrthoPediatrics Corp. - Common Stock,NASDAQ,United States
OFIX,Orthofix Medical Inc.  - Common Stock,NASDAQ,United States
ORKA,"Oruka Therapeutics, Inc. - Common Stock",NASDAQ,United States
OSCR,"Oscar Health, Inc. Class A Common Stock",NYSE,United States
OSK,Oshkosh Corporation (Holding Company)Common Stock,NYSE,United States
OGG,Osisko Gold Group Inc. Common Shares,NYSE,United States
OSPR,Osprey Acquisition Corp. III - Class A Ordinary Shares,NASDAQ,United States
OST,"Ostin Technology Group Co., Ltd. - Class A Ordinary Shares",NASDAQ,United States
OTIS,Otis Worldwide Corporation Common Stock,NYSE,United States
OTTR,Otter Tail Corporation - Common Stock,NASDAQ,United States
OUST,"Ouster, Inc. - Common Stock",NASDAQ,United States
POWW,Outdoor Holding Company - Common Stock,NASDAQ,United States
OTLK,"Outlook Therapeutics, Inc. - Common Stock",NASDAQ,United States
OM,"Outset Medical, Inc. - Common Stock",NASDAQ,United States
OVID,Ovid Therapeutics Inc. - Common Stock,NASDAQ,United States
OVV,Ovintiv Inc. (DE),NYSE,United States
OC,Owens Corning Inc Common Stock New,NYSE,United States
OWLT,"Owlet, Inc. Class A Common Stock",NYSE,United States
OXBR,Oxbridge Re Holdings Limited - Ordinary Shares,NASDAQ,United States
OXM,"Oxford Industries, Inc. Common Stock",NYSE,United States
OBA,Oxley Bridge Acquisition Limited - Class A Ordinary Shares,NASDAQ,United States
OYSE,Oyster Enterprises II Acquisition Corp - Class A Ordinary Shares,NASDAQ,United States
PIII,P3 Health Partners Inc. - Class A Common Stock,NASDAQ,United States
PCAR,PACCAR Inc. - Common Stock,NASDAQ,United States
PACS,"PACS Group, Inc. Common Stock",NYSE,United States
PAMT,PAMT CORP - Common Stock,NASDAQ,United States
PAR,PAR Technology Corporation Common Stock,NYSE,United States
PAVM,PAVmed Inc. - Common Stock,NASDAQ,United States
PBF,PBF Energy Inc. Class A Common Stock,NYSE,United States
CNXN,"PC Connection, Inc. - Common Stock",NASDAQ,United States
PCB,PCB Bancorp - Common Stock,NASDAQ,United States
PDD,PDD Holdings Inc. - American Depositary Shares,NASDAQ,United States
PDFS,"PDF Solutions, Inc. - Common Stock",NASDAQ,United States
PDSB,PDS Biotechnology Corporation - Common Stock,NASDAQ,United States
PENN,"PENN Entertainment, Inc. - Common Stock",NASDAQ,United States
PHIN,PHINIA Inc. Common Stock,NYSE,United States
PJT,PJT Partners Inc. Class A Common Stock,NYSE,United States
MYPS,"PLAYSTUDIOS, Inc.  - Class A Common Stock",NASDAQ,United States
PHI,PLDT Inc. Sponsored ADR,NYSE,United States
PMA,PMA Graphene Technology Group Inc. - Class A Ordinary Shares,NASDAQ,United States
ELAB,PMGC Holdings Inc. - Common Stock,NASDAQ,United States
PMVP,"PMV Pharmaceuticals, Inc. - Common Stock",NASDAQ,United States
PN,PN Smart Energy Limited - Class A Ordinary Shares,NASDAQ,United States
PNC,"PNC Financial Services Group, Inc. (The) Common Stock",NYSE,United States
POET,POET Technologies Inc. - Common Shares,NASDAQ,United States
POM,POMDOCTOR LIMITED - American Depositary Shares,NASDAQ,United States
PKX,POSCO HOLDINGS INC. American Depositary Shares (Each representing 1/4th of a share of Common Stock),NYSE,United States
PPG,"PPG Industries, Inc. Common Stock",NYSE,United States
PPL,PPL Corporation Common Stock,NYSE,United States
PYT,PPlus Tr GSC-2 Tr Ctf Fltg Rate,NYSE,United States
PRAA,"PRA Group, Inc. - Common Stock",NASDAQ,United States
PRFX,PRF Technologies Ltd. - Ordinary Shares,NASDAQ,United States
PRCT,PROCEPT BioRobotics Corporation - Common Stock,NASDAQ,United States
PRG,"PROG Holdings, Inc. Common Stock",NYSE,United States
PSIG,PS International Group Ltd. - Ordinary Shares,NASDAQ,United States
PSQH,"PSQ Holdings, Inc. Class A Common Stock",NYSE,United States
TLK,"PT Telekomunikasi Indonesia, Tbk",NYSE,United States
PTC,PTC Inc. - Common Stock,NASDAQ,United States
PTCT,"PTC Therapeutics, Inc. - Common Stock",NASDAQ,United States
PTLE,PTL LTD - Class A Ordinary Shares,NASDAQ,United States
PVH,PVH Corp. Common Stock,NYSE,United States
QFRD,Pacer S&P 500 Quality FCF R&D Leaders,BATS,United States
PACB,"Pacific Biosciences of California, Inc. - Common Stock",NASDAQ,United States
PCG,Pacific Gas & Electric Co. Common Stock,NYSE,United States
PCRX,"Pacira BioSciences, Inc. - Common Stock",NASDAQ,United States
PKG,Packaging Corporation of America Common Stock,NYSE,United States
PAGS,PagSeguro Digital Ltd. Class A Common Shares,NYSE,United States
PGY,Pagaya Technologies Ltd. - Class A Ordinary Shares,NASDAQ,United States
PD,"PagerDuty, Inc. Common Stock",NYSE,United States
PLTR,Palantir Technologies Inc. - Class A Common Stock,NASDAQ,United States
PTN,"Palatin Technologies, Inc. - Common Stock",NASDAQ,United States
PALI,"Palisade Bio, Inc. - Common Stock",NASDAQ,United States
PDYN,Palladyne AI Corp. - Common stock,NASDAQ,United States
PSBD,Palmer Square Capital BDC Inc. Common Stock,NYSE,United States
PANW,"Palo Alto Networks, Inc. - Common Stock",NASDAQ,United States
PALO,Paloma Acquisition Corp I - Class A Ordinary Shares,NASDAQ,United States
PLMR,"Palomar Holdings, Inc. - Common stock",NASDAQ,United States
PVLA,"Palvella Therapeutics, Inc. - Common Stock",NASDAQ,United States
PAM,Pampa Energia S.A.,NYSE,United States
PAAS,Pan American Silver Corp. Common Stock,NYSE,United States
PANL,Pangaea Logistics Solutions Ltd. - Common Stock,NASDAQ,United States
PGAC,Pantages Capital Acquisition Corporation - Class A Ordinary Shares,NASDAQ,United States
PZZA,"Papa John's International, Inc. - Common Stock",NASDAQ,United States
PARR,"Par Pacific Holdings, Inc.  Common Stock",NYSE,United States
PRZO,ParaZero Technologies Ltd. - Ordinary Shares,NASDAQ,United States
PBLS,"Parabilis Medicines, Inc. - Common Stock",NASDAQ,United States
PAAI,"Paradium.AI, Inc. Common Stock",NYSE MKT,United States
PZG,Paramount Gold Nevada Corp. Common Stock,NYSE MKT,United States
PSKY,Paramount Skydance Corporation - Class B Common Stock,NASDAQ,United States
PAVS,Paranovus Entertainment Technology Ltd. - Class A Ordinary Shares,NASDAQ,United States
PKE,Park Aerospace Corp. Common Stock,NYSE,United States
PARK,"Park Dental Partners, Inc. - Common Stock",NASDAQ,United States
BYAH,"Park Ha Biological Technology Co., Ltd. - Class A Ordinary Shares",NASDAQ,United States
PK,Park Hotels & Resorts Inc. Common Stock,NYSE,United States
PRK,Park National Corporation Common Stock,NYSE MKT,United States
PKOH,Park-Ohio Holdings Corp. - Common Stock,NASDAQ,United States
PKBK,"Parke Bancorp, Inc. - Common Stock",NASDAQ,United States
PH,Parker-Hannifin Corporation Common Stock,NYSE,United States
PSN,Parsons Corporation Common Stock,NYSE,United States
KTTA,Pasithea Therapeutics Corp. - Common Stock,NASDAQ,United States
PSQL,Pasqal Holding SA - Ordinary Shares,NASDAQ,United States
PASG,"Passage Bio, Inc. - Common Stock",NASDAQ,United States
PBHC,"Pathfinder Bancorp, Inc. - Common Stock",NASDAQ,United States
CASH,"Pathward Financial, Inc. - Common Stock",NASDAQ,United States
PAX,Patria Investments Limited - Class A Common Shares,NASDAQ,United States
PATK,"Patrick Industries, Inc. - Common Stock",NASDAQ,United States
PTAC,Patriot Acquisition Corp. - Class A Ordinary Shares,NASDAQ,United States
PNBK,Patriot National Bancorp Inc. - Common Stock,NASDAQ,United States
PTRN,Pattern Group Inc. - Series A Common Stock,NASDAQ,United States
PTEN,"Patterson-UTI Energy, Inc. - Common Stock",NASDAQ,United States
PYPL,"PayPal Holdings, Inc. - Common Stock",NASDAQ,United States
PAYP,PayPay Corporation - American Depository Shares,NASDAQ,United States
PAYX,"Paychex, Inc. - Common Stock",NASDAQ,United States
PAYC,"Paycom Software, Inc. Common Stock",NYSE,United States
PCTY,Paylocity Holding Corporation - Common Stock,NASDAQ,United States
PAY,"Paymentus Holdings, Inc. Class A Common Stock",NYSE,United States
PAYO,Payoneer Global Inc. - Common Stock,NASDAQ,United States
PSFE,Paysafe Limited Common Shares,NYSE,United States
PAYS,"Paysign, Inc. - Common Stock",NASDAQ,United States
BTU,Peabody Energy Corporation Common Stock,NYSE,United States
PECE,Peace Acquisition Corp - Ordinary Shares,NASDAQ,United States
PGC,Peapack-Gladstone Financial Corporation - Common Stock,NASDAQ,United States
PDCC,Pearl Diver Credit Company Inc. Common Stock,NYSE,United States
PSO,"Pearson, Plc Common Stock",NYSE,United States
PED,Pedevco Corp. Common Stock,NYSE MKT,United States
MD,"Pediatrix Medical Group, Inc. Common Stock",NYSE,United States
PEGA,Pegasystems Inc. - Common Stock,NASDAQ,United States
PLGO,Pelagos Insurance Capital Limited Common Shares,NYSE,United States
PLCI,Pelican Acquisition II Corporation - Ordinary Shares,NASDAQ,United States
PTON,"Peloton Interactive, Inc. - Common Stock",NASDAQ,United States
PTHS,Pelthos Therapeutics Inc. Common Stock,NYSE MKT,United States
PBA,Pembina Pipeline Corp. Ordinary Shares (Canada),NYSE,United States
PENG,"Penguin Solutions, Inc. - Common Stock",NASDAQ,United States
PFLT,PennantPark Floating Rate Capital Ltd. Common Stock,NYSE,United States
PNNT,PennantPark Investment Corporation Common Stock,NYSE,United States
PFSI,"PennyMac Financial Services, Inc. Common Stock",NYSE,United States
PAG,"Penske Automotive Group, Inc. Common Stock",NYSE,United States
PNR,Pentair plc. Ordinary Share,NYSE,United States
PEN,"Penumbra, Inc. Common Stock",NYSE,United States
PPLI,People Incorporated - Common Stock,NASDAQ,United States
PEBO,Peoples Bancorp Inc. - Common Stock,NASDAQ,United States
PEBK,"Peoples Bancorp of North Carolina, Inc. - Common Stock",NASDAQ,United States
PFIS,Peoples Financial Services Corp.  - Common Stock,NASDAQ,United States
PEPG,PepGen Inc. - Common Stock,NASDAQ,United States
PEP,"PepsiCo, Inc. - Common Stock",NASDAQ,United States
PRSO,Peraso Inc. - Common Stock,NASDAQ,United States
PRDO,Perdoceo Education Corporation - Common Stock,NASDAQ,United States
PWP,Perella Weinberg Partners - Class A Common Stock,NASDAQ,United States
PERF,Perfect Corp. Class A Ordinary Share,NYSE,United States
PFGC,Performance Food Group Company Common Stock,NYSE,United States
PSHG,Performance Shipping Inc. - Common Shares,NASDAQ,United States
PMTR,Perimeter Acquisition Corp. I - Class A Ordinary Shares,NASDAQ,United States
PRM,"Perimeter Solutions, SA Common Stock",NYSE,United States
PERI,Perion Network Ltd - Ordinary Shares,NASDAQ,United States
PESI,"Perma-Fix Environmental Services, Inc. - Common Stock",NASDAQ,United States
PPIH,"Perma-Pipe International Holdings, Inc. - Common Stock",NASDAQ,United States
PR,Permian Resources Corporation Class A Common Stock,NYSE,United States
PPTA,Perpetua Resources Corp. - Common Shares,NASDAQ,United States
PDC,Perpetuals.com Ltd - American Depositary Shares,NASDAQ,United States
PRGO,Perrigo Company plc Ordinary Shares,NYSE,United States
PS,Pershing Square Inc. Common Stock,NYSE,United States
PSUS,"Pershing Square USA, Ltd. Common Shares",NYSE,United States
PSNL,"Personalis, Inc. - Common Stock",NASDAQ,United States
CATX,"Perspective Therapeutics, Inc. Common Stock",NYSE MKT,United States
PETS,"PetMed Express, Inc. - Common Stock",NASDAQ,United States
WOOF,"Petco Health and Wellness Company, Inc. - Class A Common Stock",NASDAQ,United States
PBR,Petroleo Brasileiro S.A. Petrobras ADS,NYSE,United States
PFE,"Pfizer, Inc. Common Stock",NYSE,United States
POAS,Phaos Technology Holdings (Cayman) Limited Class A Ordinary Shares,NYSE MKT,United States
PMCB,"PharmaCyte  Biotech, Inc. - Common Stock",NASDAQ,United States
PHAR,"Pharming Group N.V. - ADS, each representing 10 ordinary shares",NASDAQ,United States
PHVS,Pharvaris N.V. - Ordinary Shares,NASDAQ,United States
PHAT,"Phathom Pharmaceuticals, Inc. - Common Stock",NASDAQ,United States
PFX,PhenixFIN Corporation  - Common Stock,NASDAQ,United States
PAHC,Phibro Animal Health Corporation - Class A Common Stock,NASDAQ,United States
PM,Philip Morris International Inc Common Stock,NYSE,United States
PSX,Phillips 66 Common Stock,NYSE,United States
PECO,"Phillips Edison & Company, Inc. - Common Stock",NASDAQ,United States
PHIO,Phio Pharmaceuticals Corp. - Common Stock,NASDAQ,United States
PHOE,Phoenix Asia Holdings Limited - Ordinary Shares,NASDAQ,United States
PXED,"Phoenix Education Partners, Inc. Common Stock",NYSE,United States
FENG,"Phoenix New Media Limited American Depositary Shares, each representing 48 Class A ordinary shares.",NYSE,United States
PLAB,"Photronics, Inc. - Common Stock",NASDAQ,United States
PHR,"Phreesia, Inc. Common Stock",NYSE,United States
PHUN,"Phunware, Inc. - Common Stock",NASDAQ,United States
PICS,PicS N.V. - Class A Common Shares,NASDAQ,United States
PMI,"Picard Medical, Inc. Common Stock",NYSE MKT,United States
PCLA,PicoCELA Inc. - American Depositary Shares,NASDAQ,United States
PPC,Pilgrim's Pride Corporation - Common Stock,NASDAQ,United States
PAPL,Pineapple Financial Inc. Common Stock,NYSE MKT,United States
PASW,"Ping An Biomedical Co., Ltd. - Class A Ordinary Shares",NASDAQ,United States
PNFP,"Pinnacle Financial Partners, Inc. Common stock",NYSE,United States
PFAI,Pinnacle Food Group Limited - Class A Common Shares,NASDAQ,United States
PNW,Pinnacle West Capital Corporation Common Stock,NYSE,United States
PINS,"Pinterest, Inc. Class A Common Stock",NYSE,United States
PACH,Pioneer Acquisition I Corp - Class A Ordinary Shares,NASDAQ,United States
PBFS,"Pioneer Bancorp, Inc. - Common Stock",NASDAQ,United States
PPSI,"Pioneer Power Solutions, Inc. - Common Stock",NASDAQ,United States
PIPR,Piper Sandler Companies Common Stock,NYSE,United States
PBI,Pitney Bowes Inc. Common Stock,NYSE,United States
PXLW,"Pixelworks, Inc. - Common Stock",NASDAQ,United States
PAGP,"Plains GP Holdings, L.P. - Class A Shares representing limited partner interests",NASDAQ,United States
PLNT,"Planet Fitness, Inc. Common Stock",NYSE,United States
PLAG,Planet Green Holdings Corp. Common Stock,NYSE MKT,United States
YIBO,Planet Image International Limited - Class A Ordinary Shares,NASDAQ,United States
PL,Planet Labs PBC Class A Common Stock,NYSE,United States
PLTS,Platinum Analytics Cayman Limited - Class A Ordinary Shares,NASDAQ,United States
PLG,Platinum Group Metals Ltd. Ordinary Shares (Canada),NYSE MKT,United States
PLBY,"Playboy, Inc. - Common Stock",NASDAQ,United States
PLTK,Playtika Holding Corp. - Common Stock,NASDAQ,United States
PLXS,Plexus Corp. - Common Stock,NASDAQ,United States
PLRX,"Pliant Therapeutics, Inc. - Common Stock",NASDAQ,United States
PLUG,"Plug Power, Inc. - Common Stock",NASDAQ,United States
PLMK,Plum Acquisition Corp. IV - Class A Ordinary Shares,NASDAQ,United States
PLBC,Plumas Bancorp - Common Stock,NASDAQ,United States
PLUR,Pluri Inc. - Common Stock,NASDAQ,United States
PLUN,Plutonian Acquisition Corp II Class A Ordinary Shares,NYSE,United States
PLUT,Plutus Financial Group Limited - Ordinary Shares,NASDAQ,United States
PODC,"PodcastOne, Inc. - Common Stock",NASDAQ,United States
POLA,"Polar Power, Inc. - Common Stock",NASDAQ,United States
PII,Polaris Inc. Common Stock,NYSE,United States
PLYX,"Polaryx Therapeutics, Inc. - Common Stock",NASDAQ,United States
PSNY,Polestar Automotive Holding UK Limited - Class A ADS,NASDAQ,United States
PSNYW,Polestar Automotive Holding UK Limited - Class C-1 ADS (ADW),NASDAQ,United States
PLBL,Polibeli Group Ltd - Class A Ordinary Shares,NASDAQ,United States
PYPD,PolyPid Ltd. - Ordinary Shares,NASDAQ,United States
PLRZ,Polyrizon Ltd. - Ordinary Shares,NASDAQ,United States
PDLB,"Ponce Financial Group, Inc. - Common Stock",NASDAQ,United States
PONO,"Pono Capital Four, Inc. - Class A Ordinary Shares",NASDAQ,United States
PONY,Pony AI Inc. - American Depositary Shares,NASDAQ,United States
POOL,Pool Corporation - Common Stock,NASDAQ,United States
CPOP,"Pop Culture Group Co., Ltd - Class A Ordinary Shares",NASDAQ,United States
BPOP,"Popular, Inc. - Common Stock",NASDAQ,United States
PRCH,"Porch Group, Inc. - Common Stock",NASDAQ,United States
PTLO,Portillo's Inc. - Class A Common Stock,NASDAQ,United States
POR,Portland General Electric Co Common Stock,NYSE,United States
POST,"Post Holdings, Inc. Common Stock",NYSE,United States
POWL,"Powell Industries, Inc. - Common Stock",NASDAQ,United States
PMAX,Powell Max Limited - Class A Ordinary Shares,NASDAQ,United States
POWI,"Power Integrations, Inc. - Common Stock",NASDAQ,United States
PW,Power REIT (MD) Common Stock,NYSE MKT,United States
PSIX,"Power Solutions International, Inc. - Common Stock",NASDAQ,United States
PBK,PowerBank Corporation - Common Stock,NASDAQ,United States
PWCM,"PowerCompute, Inc. - Common Stock",NASDAQ,United States
AIOT,"PowerFleet, Inc. - Common Stock",NASDAQ,United States
PWRL,Powerlaw Corp. - Common Stock,NASDAQ,United States
PTOR,Praetorian Acquisition Corp. - Class A Ordinary Shares,NASDAQ,United States
PROP,Prairie Operating Co. - Common Stock,NASDAQ,United States
PRAX,"Praxis Precision Medicines, Inc. - Common Stock",NASDAQ,United States
PGEN,"Precigen, Inc. - Common Stock",NASDAQ,United States
PRPO,"Precipio, Inc. - Common Stock",NASDAQ,United States
DTIL,"Precision BioSciences, Inc. - Common Stock",NASDAQ,United States
PDS,Precision Drilling Corporation Common Stock,NYSE,United States
POCI,"Precision Optics Corporation, Inc. - Common stock",NASDAQ,United States
PLPC,Preformed Line Products Company - Common Stock,NASDAQ,United States
PRLD,Prelude Therapeutics Incorporated - Common Stock,NASDAQ,United States
PC,Premium Catering (Holdings) Limited - Ordinary Shares,NASDAQ,United States
PRE,Prenetics Global Limited - Class A Ordinary Share,NASDAQ,United States
FTW,Presidio Production Company Class A Common Stock,NYSE,United States
PBH,Prestige Consumer Healthcare Inc. Common Stock,NYSE,United States
PRHI,"Presurance Holdings, Inc. - Common Stock",NASDAQ,United States
PSMT,"PriceSmart, Inc. - Common Stock",NASDAQ,United States
PRME,"Prime Medicine, Inc. - Common Stock",NASDAQ,United States
PNRG,PrimeEnergy Resources Corporation - Common Stock,NASDAQ,United States
PMEC,Primech Holdings Ltd. - Ordinary Shares,NASDAQ,United States
PRI,"Primerica, Inc. Common Stock",NYSE,United States
FRST,Primis Financial Corp. - Common Stock,NASDAQ,United States
PRMB,Primo Brands Corporation Class A Common Stock,NYSE,United States
PRIM,Primoris Services Corporation Common Stock,NYSE,United States
BPRN,"Princeton Bancorp, Inc. - Common Stock",NASDAQ,United States
PFG,Principal Financial Group Inc - Common Stock,NASDAQ,United States
PRTH,"Priority Technology Holdings, Inc. - Common Stock",NASDAQ,United States
PBAM,"Private Bancorp of America, Inc. - Common Stock",NASDAQ,United States
PRVA,"Privia Health Group, Inc. - Common Stock",NASDAQ,United States
PDEX,"Pro-Dex, Inc. - Common Stock",NASDAQ,United States
PCAP,ProCap Acquisition Corp - Class A Ordinary Shares,NASDAQ,United States
BRR,"ProCap Financial, Inc. - Common Stock",NASDAQ,United States
ACDC,ProFrac Holding Corp. - Class A Common Stock,NASDAQ,United States
PROK,ProKidney Corp. - Class A Ordinary Shares,NASDAQ,United States
PMN,ProMIS Neurosciences Inc. - Common Shares,NASDAQ,United States
PUMP,ProPetro Holding Corp. Common Stock,NYSE,United States
PRQR,ProQR Therapeutics N.V. - Ordinary Shares,NASDAQ,United States
HYHG,ProShares High Yield Interest Rate Hedged,BATS,United States
IGHG,ProShares Investment Grade-Interest Rate Hedged,BATS,United States
CSM,ProShares Large Cap Core Plus,BATS,United States
TBF,ProShares Short 20+ Year Treasury,NYSE ARCA,United States
TBX,ProShares Short 7 10 Year Treasury,NYSE ARCA,United States
DOG,ProShares Short Dow30,NYSE ARCA,United States
YXI,ProShares Short FTSE China 50,NYSE ARCA,United States
SEF,ProShares Short Financials,NYSE ARCA,United States
SJB,ProShares Short High Yield,NYSE ARCA,United States
EFZ,ProShares Short MSCI EAFE,NYSE ARCA,United States
EUM,ProShares Short MSCI Emerging Markets,NYSE ARCA,United States
MYY,ProShares Short MidCap400,NYSE ARCA,United States
PSQ,ProShares Short QQQ,NYSE ARCA,United States
REK,ProShares Short Real Estate,NYSE ARCA,United States
RWM,ProShares Short Russell2000,NYSE ARCA,United States
SH,ProShares Short S&P500,NYSE ARCA,United States
SBB,ProShares Short SmallCap600,NYSE ARCA,United States
UBT,ProShares Ultra 20+ Year Treasury,NYSE ARCA,United States
UST,ProShares Ultra 7-10 Year Treasury,NYSE ARCA,United States
UCO,ProShares Ultra Bloomberg Crude Oil,NYSE ARCA,United States
BOIL,ProShares Ultra Bloomberg Natural Gas,NYSE ARCA,United States
COIA,ProShares Ultra COIN,NYSE ARCA,United States
CRCA,ProShares Ultra CRCL,NYSE ARCA,United States
SKYU,ProShares Ultra Cloud Computing,NASDAQ,United States
LTL,ProShares Ultra Communication Services,NYSE ARCA,United States
UCC,ProShares Ultra Consumer Discretionary,NYSE ARCA,United States
UGE,ProShares Ultra Consumer Staples,NYSE ARCA,United States
DDM,ProShares Ultra Dow30,NYSE ARCA,United States
DIG,ProShares Ultra Energy,NYSE ARCA,United States
ULE,ProShares Ultra Euro,NYSE ARCA,United States
XPP,ProShares Ultra FTSE China 50,NYSE ARCA,United States
UPV,ProShares Ultra FTSE Europe,NYSE ARCA,United States
UYG,ProShares Ultra Financials,NYSE ARCA,United States
UGL,ProShares Ultra Gold,NYSE ARCA,United States
RXL,ProShares Ultra Health Care,NYSE ARCA,United States
UXI,ProShares Ultra Industrials,NYSE ARCA,United States
UBR,ProShares Ultra MSCI Brazil Capped,NYSE ARCA,United States
EFO,ProShares Ultra MSCI EAFE,NYSE ARCA,United States
EET,ProShares Ultra MSCI Emerging Markets,NYSE ARCA,United States
EZJ,ProShares Ultra MSCI Japan,NYSE ARCA,United States
UYM,ProShares Ultra Materials,NYSE ARCA,United States
MVV,ProShares Ultra MidCap400,NYSE ARCA,United States
NVDB,ProShares Ultra NVDA,NYSE ARCA,United States
BIB,ProShares Ultra Nasdaq Biotechnology,NASDAQ,United States
UCYB,ProShares Ultra Nasdaq Cybersecurity,NASDAQ,United States
PLTA,ProShares Ultra PLTR,NYSE ARCA,United States
QLD,ProShares Ultra QQQ,NYSE ARCA,United States
EQQQ,ProShares Ultra QQQ Equal Weight,NASDAQ,United States
QQUP,ProShares Ultra QQQ Mega,NASDAQ,United States
QQXL,ProShares Ultra QQQ Top 30,NASDAQ,United States
URE,ProShares Ultra Real Estate,NYSE ARCA,United States
UWM,ProShares Ultra Russell2000,NYSE ARCA,United States
URSP,ProShares Ultra S&P 500 Equal Weight,NYSE ARCA,United States
SSO,ProShares Ultra S&P500,NYSE ARCA,United States
SKHU,ProShares Ultra SK hynix,NYSE ARCA,United States
USD,ProShares Ultra Semiconductors,NYSE ARCA,United States
AGQ,ProShares Ultra Silver,NYSE ARCA,United States
SAA,ProShares Ultra SmallCap600,NYSE ARCA,United States
SPCF,ProShares Ultra SpaceX,NYSE ARCA,United States
TSLI,ProShares Ultra TSLA,NYSE ARCA,United States
ROM,ProShares Ultra Technology,NYSE ARCA,United States
UPW,ProShares Ultra Utilities,NYSE ARCA,United States
YCL,ProShares Ultra Yen,NYSE ARCA,United States
UDOW,ProShares UltraPro Dow30,NYSE ARCA,United States
TQQQ,ProShares UltraPro QQQ,NASDAQ,United States
URTY,ProShares UltraPro Russell2000,NYSE ARCA,United States
UPRO,ProShares UltraPro S&P 500,NYSE ARCA,United States
TTT,ProShares UltraPro Short 20 Year Treasury,NYSE ARCA,United States
SQQQ,ProShares UltraPro Short QQQ,NASDAQ,United States
SRTY,ProShares UltraPro Short Russell2000,NYSE ARCA,United States
SPXU,ProShares UltraPro Short S&P500,NYSE ARCA,United States
SCO,ProShares UltraShort Bloomberg Crude Oil,NYSE ARCA,United States
KOLD,ProShares UltraShort Bloomberg Natural Gas,NYSE ARCA,United States
SCC,ProShares UltraShort Consumer Discretionary,NYSE ARCA,United States
SZK,ProShares UltraShort Consumer Staples,NYSE ARCA,United States
DXD,ProShares UltraShort Dow30,NYSE ARCA,United States
DUG,ProShares UltraShort Energy,NYSE ARCA,United States
EUO,ProShares UltraShort Euro,NYSE ARCA,United States
FXP,ProShares UltraShort FTSE China 50,NYSE ARCA,United States
SKF,ProShares UltraShort Financials,NYSE ARCA,United States
GLL,ProShares UltraShort Gold,NYSE ARCA,United States
RXD,ProShares UltraShort Health Care,NYSE ARCA,United States
SIJ,ProShares UltraShort Industrials,NYSE ARCA,United States
TBT,ProShares UltraShort Lehman 20  Year Treasury,NYSE ARCA,United States
PST,ProShares UltraShort Lehman 7-10 Year Treasury,NYSE ARCA,United States
BZQ,ProShares UltraShort MSCI Brazil Capped,NYSE ARCA,United States
EFU,ProShares UltraShort MSCI EAFE,NYSE ARCA,United States
EEV,ProShares UltraShort MSCI Emerging Markets,NYSE ARCA,United States
EWV,ProShares UltraShort MSCI Japan,NYSE ARCA,United States
SMN,ProShares UltraShort Materials,NYSE ARCA,United States
MZZ,ProShares UltraShort MidCap400,NYSE ARCA,United States
BIS,ProShares UltraShort Nasdaq Biotechnology,NASDAQ,United States
QID,ProShares UltraShort QQQ,NYSE ARCA,United States
QQDN,ProShares UltraShort QQQ Mega,NASDAQ,United States
SRS,ProShares UltraShort Real Estate,NYSE ARCA,United States
TWM,ProShares UltraShort Russell2000,NYSE ARCA,United States
SDS,ProShares UltraShort S&P500,NYSE ARCA,United States
SSG,ProShares UltraShort Semiconductors,NYSE ARCA,United States
ZSL,ProShares UltraShort Silver,NYSE ARCA,United States
SDD,ProShares UltraShort SmallCap600,NYSE ARCA,United States
REW,ProShares UltraShort Technology,NYSE ARCA,United States
SDP,ProShares UltraShort Utilities,NYSE ARCA,United States
YCS,ProShares UltraShort Yen New,NYSE ARCA,United States
PCSA,"Processa Pharmaceuticals, Inc. - Common Stock",NASDAQ,United States
PCOR,"Procore Technologies, Inc. Common Stock",NYSE,United States
PG,Procter & Gamble Company (The) Common Stock,NYSE,United States
PAAC,Proem Acquisition Corp I - Ordinary Shares,NASDAQ,United States
IPDN,"Professional Diversity Network, Inc. - Common Stock",NASDAQ,United States
PAL,"Proficient Auto Logistics, Inc. - Common Stock",NASDAQ,United States
PROF,Profound Medical Corp. - common stock,NASDAQ,United States
PFSA,"Profusa, Inc. - Common Stock",NASDAQ,United States
PRGS,Progress Software Corporation - Common Stock,NASDAQ,United States
PGR,Progressive Corporation (The) Common Stock,NYSE,United States
PGNY,"Progyny, Inc. - Common Stock",NASDAQ,United States
PLD,"Prologis, Inc. Common Stock",NYSE,United States
PPCB,"Propanc Biopharma, Inc. - Common Stock",NASDAQ,United States
PB,"Prosperity Bancshares, Inc. Common Stock",NYSE,United States
PTGX,"Protagonist Therapeutics, Inc. - Common Stock",NASDAQ,United States
PLX,"Protalix BioTherapeutics, Inc. (DE) Common Stock",NYSE MKT,United States
TARA,"Protara Therapeutics, Inc.  - Common Stock",NASDAQ,United States
PRTA,Prothena Corporation plc - Ordinary Shares,NASDAQ,United States
PRLB,"Proto Labs, Inc. Common stock",NYSE,United States
PROV,"Provident Financial Holdings, Inc. - Common Stock",NASDAQ,United States
PFS,"Provident Financial Services, Inc Common Stock",NYSE,United States
PRU,"Prudential Financial, Inc. Common Stock",NYSE,United States
PUK,Prudential Public Limited Company Common Stock,NYSE,United States
PBM,Psyence Biomedical Ltd. - Common Shares,NASDAQ,United States
PUBM,"PubMatic, Inc. - Class A Common Stock",NASDAQ,United States
PPHC,"Public Policy Holding Company, Inc. - Common Stock",NASDAQ,United States
PEG,Public Service Enterprise Group Incorporated Common Stock,NYSE,United States
PSA,Public Storage Common Stock,NYSE,United States
PULM,"Pulmatrix, Inc. - Common Stock",NASDAQ,United States
LUNG,Pulmonx Corporation - Common Stock,NASDAQ,United States
PLSE,"Pulse Biosciences, Inc - Common Stock",NASDAQ,United States
PLSM,Pulsenmore Ltd. - Ordinary Shares,NASDAQ,United States
PHM,"PulteGroup, Inc. Common Stock",NYSE,United States
PBYI,Puma Biotechnology Inc - Common Stock,NASDAQ,United States
PCYO,Pure Cycle Corporation - Common Stock,NASDAQ,United States
PCT,"PureCycle Technologies, Inc. - Common stock",NASDAQ,United States
PPBT,Purple Biotech Ltd. - American Depositary Shares,NASDAQ,United States
PRPL,"Purple Innovation, Inc. - Common Stock",NASDAQ,United States
PRSU,"Pursuit Attractions and Hospitality, Inc. Common Stock",NYSE,United States
PAII,Pyrophyte Acquisition Corp. II Class A Ordinary Shares,NYSE,United States
PYXS,"Pyxis Oncology, Inc. - Common Stock",NASDAQ,United States
PXS,Pyxis Tankers Inc. - Common Stock,NASDAQ,United States
QCLS,"Q/C Technologies, Inc. - Common Stock",NASDAQ,United States
QTWO,"Q2 Holdings, Inc. Common Stock",NYSE,United States
QTTB,Q32 Bio Inc. - Common Stock,NASDAQ,United States
QCRH,"QCR Holdings, Inc. - Common Stock",NASDAQ,United States
QADR,QDRO Acquisition Corp. - Class A Ordinary Shares,NASDAQ,United States
QNBC,QNB Corp. - Common Stock,NASDAQ,United States
QTI,"QT Imaging Holdings, Inc. - Common Stock",NASDAQ,United States
QTEX,QTREX Quantum Ltd. - Ordinary Shares,NASDAQ,United States
QCOM,QUALCOMM Incorporated - Common Stock,NASDAQ,United States
QVCG,"QVC Group, Inc. - Common Stock",NASDAQ,United States
QXO,"QXO, Inc. Common Stock",NYSE,United States
QFIN,"Qfin Holdings, Inc.  - American Depositary Shares",NASDAQ,United States
QGEN,Qiagen N.V. Common Shares,NYSE,United States
Q,"Qnity Electronics, Inc. Common Stock",NYSE,United States
QRVO,"Qorvo, Inc. - Common Stock",NASDAQ,United States
QUAD,"Quad Graphics, Inc Class A Common Stock",NYSE,United States
KWR,Quaker Houghton Common Stock,NYSE,United States
QLYS,"Qualys, Inc. - Common Stock",NASDAQ,United States
NX,Quanex Building Products Corporation Common Stock,NYSE,United States
QNME,"Quanome Technologies, Inc. - Common Stock",NASDAQ,United States
PWR,"Quanta Services, Inc. Common Stock",NYSE,United States
QTRX,Quanterix Corporation - Common Stock,NASDAQ,United States
QNT,Quantinuum Inc. - Class A Common Stock,NASDAQ,United States
QNTM,Quantum Biopharma Ltd. - Class B Subordinate Voting Shares,NASDAQ,United States
QUBT,Quantum Computing Inc. - Common Stock,NASDAQ,United States
QMCO,Quantum Corporation - Common Stock,NASDAQ,United States
QUCY,Quantum Cyber N.V. - Ordinary Shares,NASDAQ,United States
QLEP,Quantum Leap Acquisition Corp Class A Ordinary Shares,NYSE,United States
QXL,Quantum X Labs Inc. - Common Stock,NASDAQ,United States
QNC,Quantum eMotion Corp. Common Shares,NYSE MKT,United States
QSI,Quantum-Si Incorporated - Class A Common Stock,NASDAQ,United States
QS,QuantumScape Corporation - Common Stock,NASDAQ,United States
QUMS,Quantumsphere Acquisition Corp. - Ordinary Shares,NASDAQ,United States
QSEA,Quartzsea Acquisition Corporation - Ordinary Shares,NASDAQ,United States
QRED,QuasarEdge Acquisition Corporation Ordinary Shares,NYSE,United States
DGX,Quest Diagnostics Incorporated Common Stock,NYSE,United States
QRHC,Quest Resource Holding Corporation - Common Stock,NASDAQ,United States
QETA,Quetta Acquisition Corporation - Common Stock,NASDAQ,United States
QH,Quhuo Limited - Class A Ordinary Shares,NASDAQ,United States
QUIK,QuickLogic Corporation - Common Stock,NASDAQ,United States
QDEL,QuidelOrtho Corporation - Common Stock,NASDAQ,United States
QNST,"QuinStreet, Inc. - Common Stock",NASDAQ,United States
QNCX,"Quince Therapeutics, Inc. - Common Stock",NASDAQ,United States
QMLS,"QumulusAI, Inc. - Common Stock",NASDAQ,United States
QNRX,"Quoin Pharmaceuticals, Ltd. - American Depositary Shares",NASDAQ,United States
RBA,"RB Global, Inc. Common Stock",NYSE,United States
RBB,RBB Bancorp - Common Stock,NASDAQ,United States
RBC,RBC Bearings Incorporated Common Stock,NYSE,United States
RICK,"RCI Hospitality Holdings, Inc. - Common Stock",NASDAQ,United States
RCMT,"RCM Technologies, Inc. - Common Stock",NASDAQ,United States
RGNX,REGENXBIO Inc. - Common Stock,NASDAQ,United States
RELX,RELX PLC PLC American Depositary Shares (Each representing One Ordinary Share),NYSE,United States
REX,REX American Resources Corporation,NYSE,United States
ALOY,REalloys Inc. - Common Stock,NASDAQ,United States
RFAI,RF Acquisition Corp II - Ordinary Shares,NASDAQ,United States
RFAM,RF Acquisition Corp III - Ordinary Shares,NASDAQ,United States
RFIL,"RF Industries, Ltd. - Common Stock",NASDAQ,United States
RGCO,RGC Resources Inc. - Common Stock,NASDAQ,United States
RH,RH Common Stock,NYSE,United States
RLI,RLI Corp. Common Stock (DE),NYSE,United States
SHOT,RMG ML Sports Holdings - Class A Ordinary Shares,NASDAQ,United States
RES,"RPC, Inc. Common Stock",NYSE,United States
RPM,RPM International Inc. Common Stock,NYSE,United States
RREV,RRE Ventures Acquisition Corp. - Class A Ordinary Shares,NASDAQ,United States
RTB,"RTB Digital, Inc. - Common Stock",NASDAQ,United States
RTX,RTX Corporation Common Stock,NYSE,United States
RUM,RUM Group Inc. - Class A Common Stock,NASDAQ,United States
RXO,"RXO, Inc. Common Stock",NYSE,United States
RYM,"RYTHM, Inc. - Common Stock",NASDAQ,United States
RXT,"Rackspace Technology, Inc. - Common Stock",NASDAQ,United States
RDNT,"RadNet, Inc. - Common Stock",NASDAQ,United States
RDCM,Radcom Ltd. - Ordinary Shares,NASDAQ,United States
RDN,Radian Group Inc. Common Stock,NYSE,United States
RLGT,"Radiant Logistics, Inc. Common Stock",NYSE MKT,United States
RADX,Radiopharm Theranostics Limited - American Depositary Shares,NASDAQ,United States
RDWR,Radware Ltd. - Ordinary Shares,NASDAQ,United States
RFL,"Rafael Holdings, Inc. Class B Common Stock",NYSE,United States
RVSN,Rail Vision Ltd. - Ordinary Shares,NASDAQ,United States
RAIN,"Rain Enhancement Technologies Holdco, Inc. - Class A Common Stock",NASDAQ,United States
RNAQ,Rainier Acquisition Corporation - Class A Ordinary Shares,NASDAQ,United States
RAL,Ralliant Corporation Common Stock,NYSE,United States
RLYB,Rallybio Corporation - Common Stock,NASDAQ,United States
RL,Ralph Lauren Corporation Common Stock,NYSE,United States
METC,"Ramaco Resources, Inc. - Class A Common Stock",NASDAQ,United States
METCB,"Ramaco Resources, Inc. - Class B Common Stock",NASDAQ,United States
RMBS,"Rambus, Inc. - Common Stock",NASDAQ,United States
RNGT,Range Capital Acquisition Corp II - Class A Ordinary Shares,NASDAQ,United States
RANG,Range Capital Acquisition Corp. - Ordinary Shares,NASDAQ,United States
RRC,Range Resources Corporation Common Stock,NYSE,United States
RNGR,"Ranger Energy Services, Inc. Class A Common Stock",NYSE,United States
RANI,"Rani Therapeutics Holdings, Inc. - Class A Common Stock",NASDAQ,United States
ROC,Rank One Computing Corporation - Common stock,NASDAQ,United States
PACK,Ranpak Holdings Corp Class A Common Stock,NYSE,United States
RPID,"Rapid Micro Biosystems, Inc. - Class A Common Stock",NASDAQ,United States
RPD,"Rapid7, Inc. - Common Stock",NASDAQ,United States
RAPP,"Rapport Therapeutics, Inc. - Common Stock",NASDAQ,United States
REA,"Rare Earths Americas, Inc. Common Stock",NYSE MKT,United States
RAVE,"Rave Restaurant Group, Inc. - Common Stock",NASDAQ,United States
RJF,"Raymond James Financial, Inc. Common Stock",NYSE,United States
RYAM,Rayonier Advanced Materials Inc. Common Stock,NYSE,United States
RYN,Rayonier Inc. REIT Common Stock,NYSE,United States
RNW,ReNew Energy Global plc - Class A Shares,NASDAQ,United States
RETO,"ReTo Eco-Solutions, Inc. - Class A Shares",NASDAQ,United States
RDI,Reading International Inc - Class A Non-voting Common Stock,NASDAQ,United States
RDIB,Reading International Inc - Class B Voting Common Stock,NASDAQ,United States
RC,Ready Capital Corporation Common Stock,NYSE,United States
RMSG,Real Messenger Corporation - Ordinary Shares,NASDAQ,United States
REAX,Real REMAX Group Inc. - Common Stock,NASDAQ,United States
O,Realty Income Corporation Common Stock,NYSE,United States
REBN,"Reborn Coffee, Inc. - Common Stock",NASDAQ,United States
RCON,"Recon Technology, Ltd. - Class A Ordinary Shares",NASDAQ,United States
RECT,Rectitude Holdings Ltd - Ordinary Shares,NASDAQ,United States
RXRX,"Recursion Pharmaceuticals, Inc. - Class A Common Stock",NASDAQ,United States
RCAT,"Red Cat Holdings, Inc. - Common Stock",NASDAQ,United States
RRBI,"Red River Bancshares, Inc. - Common Stock",NASDAQ,United States
RRGB,"Red Robin Gourmet Burgers, Inc. - Common Stock",NASDAQ,United States
RRR,"Red Rock Resorts, Inc. - Class A Common Stock",NASDAQ,United States
RDVT,"Red Violet, Inc. - Common Stock",NASDAQ,United States
RCT,RedCloud Holdings plc - Ordinary Shares,NASDAQ,United States
RDDT,"Reddit, Inc. Class A Common Stock",NYSE,United States
RDHL,Redhill Biopharma Ltd. - American Depositary Shares,NASDAQ,United States
RDW,Redwire Corporation Common Stock,NYSE,United States
REED,"Reed's, Inc. Common Stock",NYSE MKT,United States
REF,Reformation Inc. Common Stock,NYSE,United States
RRX,Regal Rexnord Corporation Common Stock,NYSE,United States
RGC,Regencell Bioscience Holdings Limited - Ordinary Shares,NASDAQ,United States
REG,Regency Centers Corporation - Common Stock,NASDAQ,United States
REGN,"Regeneron Pharmaceuticals, Inc. - Common Stock",NASDAQ,United States
RGNT,Regentis Biomaterials Ltd. Ordinary Shares,NYSE MKT,United States
RM,Regional Management Corp. Common Stock,NYSE,United States
RF,Regions Financial Corporation Common Stock,NYSE,United States
RGS,Regis Corporation - Common Stock,NASDAQ,United States
RNTX,"Rein Therapeutics, Inc. - Common Stock",NASDAQ,United States
RGA,"Reinsurance Group of America, Incorporated Common Stock",NYSE,United States
REKR,"Rekor Systems, Inc. - Common Stock",NASDAQ,United States
RLAY,"Relay Therapeutics, Inc. - Common Stock",NASDAQ,United States
EZRA,"Reliance Global Group, Inc. - Common Stock",NASDAQ,United States
RS,"Reliance, Inc. Common Stock",NYSE,United States
RLMD,"Relmada Therapeutics, Inc. - Common Stock",NASDAQ,United States
RELY,"Remitly Global, Inc. - Common stock",NASDAQ,United States
RENX,RenX Enterprises Corp. - Common Stock,NASDAQ,United States
RNR,RenaissanceRe Holdings Ltd. Common Stock,NYSE,United States
RNST,Renasant Corporation Common Stock,NYSE,United States
RTAC,Renatus Tactical Acquisition Corp I - Class A Ordinary Shares,NASDAQ,United States
RNXT,"RenovoRx, Inc. - Common Stock",NASDAQ,United States
RENT,"Rent the Runway, Inc. - Class A Common Stock",NASDAQ,United States
RTO,Rentokil Initial plc American Depositary Shares (each representing five (5) Ordinary Shares),NYSE,United States
RPAY,Repay Holdings Corporation - Class A Common Stock,NASDAQ,United States
RGEN,Repligen Corporation - Common Stock,NASDAQ,United States
REPL,"Replimune Group, Inc. - Common Stock",NASDAQ,United States
TRAK,"ReposiTrak, Inc. Common Stock",NYSE,United States
RJET,Republic Airways Holdings Inc. - Common Stock,NASDAQ,United States
RBCAA,"Republic Bancorp, Inc. - Class A Common Stock",NASDAQ,United States
RDAG,Republic Digital Acquisition Company - Class A Ordinary Shares,NASDAQ,United States
RPGL,Republic Power Group Limited - Class A Ordinary Shares,NASDAQ,United States
RSG,"Republic Services, Inc. Common Stock",NYSE,United States
RMD,ResMed Inc. Common Stock,NYSE,United States
RACC,Research Alliance Corporation III - Class A Ordinary Shares,NASDAQ,United States
RACD,Research Alliance Corporation IV - Class A Ordinary Shares,NASDAQ,United States
REFR,Research Frontiers Incorporated - Common Stock,NASDAQ,United States
RSSS,"Research Solutions, Inc - Common Stock",NASDAQ,United States
RSVR,"Reservoir Media, Inc.. - Common Stock",NASDAQ,United States
REZI,"Resideo Technologies, Inc. Common Stock",NYSE,United States
RHLD,Resolute Holdings Management Common Stock,NYSE,United States
RML,Resolution Minerals Ltd - American Depositary Shares,NASDAQ,United States
RGP,"Resources Connection, Inc. - Common Stock",NASDAQ,United States
QSR,Restaurant Brands International Inc. Common Shares,NYSE,United States
RVP,"Retractable Technologies, Inc. Common Stock",NYSE MKT,United States
REVB,"Revelation Biosciences, Inc. - Common Stock",NASDAQ,United States
RVMD,"Revolution Medicines, Inc. - Common Stock",NASDAQ,United States
RVLV,"Revolve Group, Inc. Class A Common Stock",NYSE,United States
RVTY,"Revvity, Inc. Common Stock",NYSE,United States
REXR,"Rexford Industrial Realty, Inc. Common Stock",NYSE,United States
REYN,Reynolds Consumer Products Inc. - Common Stock,NASDAQ,United States
RZLT,"Rezolute, Inc. - Common Stock (NV)",NASDAQ,United States
RZLV,Rezolve AI PLC - Ordinary Shares,NASDAQ,United States
RBKB,"Rhinebeck Bancorp, Inc. - Common Stock",NASDAQ,United States
RYTM,"Rhythm Pharmaceuticals, Inc. - Common Stock",NASDAQ,United States
RIBB,Ribbon Acquisition Corp - Class A Ordinary Shares,NASDAQ,United States
RBBN,Ribbon Communications Inc.  - Common Stock,NASDAQ,United States
KRSP,Rice Acquisition Corporation 3 Class A Ordinary Shares,NYSE,United States
ANPA,Rich Sparkle Holdings Limited - Ordinary Shares,NASDAQ,United States
RELL,"Richardson Electronics, Ltd. - Common Stock",NASDAQ,United States
RMBI,"Richmond Mutual Bancorporation, Inc. - Common Stock",NASDAQ,United States
RR,Richtech Robotics Inc. - Class B Common Stock,NASDAQ,United States
RDNW,"RideNow Group, Inc. - Class B Common Stock",NASDAQ,United States
RPC,"Ridgepost Capital, Inc. Class A Common Stock",NYSE,United States
RDGT,"Ridgetech, Inc. - Ordinary Shares",NASDAQ,United States
RIGL,"Rigel Pharmaceuticals, Inc. - Common Stock",NASDAQ,United States
RGTI,"Rigetti Computing, Inc.  - Common stock",NASDAQ,United States
REPX,"Riley Exploration Permian, Inc. Common Stock",NYSE MKT,United States
RMNI,"Rimini Street, Inc. - Common Stock",NASDAQ,United States
REI,"Ring Energy, Inc. Common Stock",NYSE MKT,United States
RNG,"RingCentral, Inc. Class A Common Stock",NYSE,United States
RIO,Rio Tinto Plc Common Stock,NYSE,United States
RIOT,"Riot Platforms, Inc. - Common Stock",NASDAQ,United States
RDAC,Rising Dragon Acquisition Corp. - Ordinary Shares,NASDAQ,United States
RSKD,Riskified Ltd. Class A Ordinary Shares,NYSE,United States
RAC,Rithm Acquisition Corp. Class A Ordinary Shares,NYSE,United States
RITM,Rithm Capital Corp. Common Stock,NYSE,United States
RCBC,River City Bank - Common stock,NASDAQ,United States
RVSB,Riverview Bancorp Inc - Common Stock,NASDAQ,United States
RIVN,"Rivian Automotive, Inc. - Class A Common Stock",NASDAQ,United States
RDZN,"Roadzen, Inc. - Ordinary Shares",NASDAQ,United States
RHI,Robert Half Inc. Common Stock,NYSE,United States
RBNE,Robin Energy Ltd. - Common Stock,NASDAQ,United States
HOOD,"Robinhood Markets, Inc. - Class A Common Stock",NASDAQ,United States
RBLX,Roblox Corporation Class A Common Stock,NYSE,United States
AIIO,Robo.ai Inc. - Class B Ordinary Shares,NASDAQ,United States
BOT,"RoboStrategy, Inc. - Common Stock",NASDAQ,United States
LAWR,"Robot Consulting Co., Ltd. - ADS",NASDAQ,United States
RKT,"Rocket Companies, Inc. Class A Common Stock",NYSE,United States
RKLB,Rocket Lab Corporation - Common Stock,NASDAQ,United States
RKTO,Rocket One Inc. - Common Stock,NASDAQ,United States
RCKT,"Rocket Pharmaceuticals, Inc. - Common Stock",NASDAQ,United States
ROK,"Rockwell Automation, Inc. Common Stock",NYSE,United States
RMTI,"Rockwell Medical, Inc. - Common Stock",NASDAQ,United States
RCKY,"Rocky Brands, Inc. - Common Stock",NASDAQ,United States
RMCF,"Rocky Mountain Chocolate Factory, Inc. - Common Stock",NASDAQ,United States
RCI,"Rogers Communication, Inc. Common Stock",NYSE,United States
ROG,Rogers Corporation Common Stock,NYSE,United States
ROIV,Roivant Sciences Ltd. - Common Shares,NASDAQ,United States
ROKU,"Roku, Inc. - Class A Common Stock",NASDAQ,United States
ROL,"Rollins, Inc. Common Stock",NYSE,United States
ROMA,Roma Green Finance Limited - Class A Ordinary Shares,NASDAQ,United States
DRDB,Roman DBDR Acquisition Corp. II - Ordinary shares,NASDAQ,United States
ROOT,"Root, Inc. - Common Stock",NASDAQ,United States
ROP,"Roper Technologies, Inc. - Common Stock",NASDAQ,United States
ROST,"Ross Stores, Inc. - Common Stock",NASDAQ,United States
RY,Royal Bank Of Canada Common Stock,NYSE,United States
RCL,Royal Caribbean Cruises Ltd. Common Stock,NYSE,United States
RGLD,"Royal Gold, Inc. - Common Stock",NASDAQ,United States
RMCO,Royalty Management Holding Corporation - Class A Common Stock,NASDAQ,United States
RPRX,Royalty Pharma plc - Class A Ordinary Shares,NASDAQ,United States
RYET,Ruanyun Edai Technology Inc. - Ordinary shares,NASDAQ,United States
RUBI,Rubico Inc. - Common Stock,NASDAQ,United States
RBRK,"Rubrik, Inc. Class A Common Stock",NYSE,United States
RWAY,Runway Growth Finance Corp. - Common Stock,NASDAQ,United States
RUSHA,"Rush Enterprises, Inc. - Class A Common Stock",NASDAQ,United States
RUSHB,"Rush Enterprises, Inc. - Class B Common Stock",NASDAQ,United States
RSI,"Rush Street Interactive, Inc. Class A Common Stock",NYSE,United States
RXST,"RxSight, Inc. - Common Stock",NASDAQ,United States
RYAN,"Ryan Specialty Holdings, Inc. Class A Common Stock",NYSE,United States
RYAAY,"Ryanair Holdings plc - American Depositary Shares, each representing five Ordinary Shares",NASDAQ,United States
RYDE,Ryde Group Ltd. Class A Ordinary Shares,NYSE MKT,United States
R,"Ryder System, Inc. Common Stock",NYSE,United States
RYZ,Ryerson Holding Corporation Common Stock,NYSE,United States
RHP,"Ryman Hospitality Properties, Inc. (REIT)",NYSE,United States
SPGI,S&P Global Inc. Common Stock,NYSE,United States
STBA,"S&T Bancorp, Inc. - Common Stock",NASDAQ,United States
SABS,"SAB Biotherapeutics, Inc. - Common Stock",NASDAQ,United States
SAGT,SAGTEC GLOBAL LIMITED - Class A Ordinary shares,NASDAQ,United States
SAIH,SAIHEAT Limited - Class A Ordinary Shares,NASDAQ,United States
SGRX,SANGRIX INC. - Class A Ordinary Shares,NASDAQ,United States
SNWV,"SANUWAVE Health, Inc. - Common Stock",NASDAQ,United States
SAP,SAP  SE ADS,NYSE,United States
SAPH,SAP SE ADRhedged,NYSE ARCA,United States
SBFG,"SB Financial Group, Inc. - Common Stock",NASDAQ,United States
SBAC,SBA Communications Corporation - Class A Common Stock,NASDAQ,United States
SBC,SBC Medical Group Holdings Incorporated - Common Stock,NASDAQ,United States
SCII,SC II Acquisition Corp. - Class A ordinary share,NASDAQ,United States
SHMD,SCHMID Group N.V. - Class A Ordinary Shares,NASDAQ,United States
SCYX,"SCYNEXIS, Inc. - Common Stock",NASDAQ,United States
SMHI,SEACOR Marine Holdings Inc. Common Stock,NYSE,United States
LAES,SEALSQ Corp - Ordinary Shares,NASDAQ,United States
SEIC,SEI Investments Company - Common Stock,NASDAQ,United States
SLS,"SELLAS Life Sciences Group, Inc.  - Common Stock",NASDAQ,United States
SES,SES AI Corporation Class A Common Stock,NYSE,United States
SFL,SFL Corporation Ltd,NYSE,United States
SHFS,"SHF Holdings, Inc. - Class A Common Stock",NASDAQ,United States
SIBN,"SI-BONE, Inc. - Common Stock",NASDAQ,United States
SIF,"SIFCO Industries, Inc. Common Stock",NYSE MKT,United States
SIGA,SIGA Technologies Inc. - Common Stock,NASDAQ,United States
SIMA,SIM Acquisition Corp. I - Class A Ordinary Shares,NASDAQ,United States
SPPL,SIMPPLE LTD. - Ordinary Shares,NASDAQ,United States
SITC,SITE Centers Corp. Common Stock,NYSE,United States
SKM,"SK Telecom Co., Ltd. Common Stock",NYSE,United States
SKHY,SK hynix Inc. - American Depositary Shares,NASDAQ,United States
SKK,SKK Holdings Limited - Class A Ordinary Shares,NASDAQ,United States
SKYX,SKYX Platforms Corp. - Common Stock,NASDAQ,United States
SLG,SL Green Realty Corp Common Stock,NYSE,United States
SLBT,SL Science Holding Limited - Ordinary Shares,NASDAQ,United States
SLB,SLB Limited Common Shares,NYSE,United States
SLM,SLM Corporation - Common Stock,NASDAQ,United States
SM,SM Energy Company Common Stock,NYSE,United States
SMJF,SMJ International Holdings Inc. Class A Ordinary Shares,NYSE MKT,United States
SMX,SMX (Security Matters) Public Limited Company - Ordinary Shares,NASDAQ,United States
SNDL,SNDL Inc. - Common Shares,NASDAQ,United States
MWH,"SOLV Energy, Inc. - Class A common stock",NASDAQ,United States
SOPH,SOPHiA GENETICS SA - Ordinary Shares,NASDAQ,United States
SOS,SOS Limited Class A Ordinary Shares,NYSE,United States
SSAC,SPACSphere Acquisition Corp. - Class A Ordinary Shares,NASDAQ,United States
GLD,SPDR Gold Shares,NYSE ARCA,United States
SPSC,"SPS Commerce, Inc. - Common Stock",NASDAQ,United States
SPXC,"SPX Technologies, Inc. Common Stock",NYSE,United States
SRBK,"SR Bancorp, Inc. - Common stock",NASDAQ,United States
SRXH,SRX Global Inc. Common Stock,NYSE MKT,United States
SSII,SS Innovations International Inc. - Common Stock,NASDAQ,United States
SSNC,"SS&C Technologies Holdings, Inc. - Common Stock",NASDAQ,United States
SSRM,SSR Mining Inc. - Common Stock,NASDAQ,United States
STAA,STAAR Surgical Company - Common Stock,NASDAQ,United States
STAK,STAK Inc. - Class A Ordinary Shares,NASDAQ,United States
STE,STERIS plc (Ireland) Ordinary Shares,NYSE,United States
STM,STMicroelectronics N.V. Common Stock,NYSE,United States
STHH,STMicroelectronics NV ADRhedged,NYSE ARCA,United States
STRT,STRATTEC SECURITY CORPORATION - Common Stock,NASDAQ,United States
SUGP,SU Group Holdings Limited - Class A Ordinary Shares,NASDAQ,United States
SUMA,SUMA Acquisition Corporation - Class A Ordinary Shares,NASDAQ,United States
SUNE,"SUNation Energy, Inc. - Common Stock",NASDAQ,United States
HDL,SUPER HI INTERNATIONAL HOLDING LTD. - American Depositary Shares,NASDAQ,United States
SVRN,"SVRN, Inc. - Common Stock",NASDAQ,United States
SOC,Sable Offshore Corp. Common Stock,NYSE,United States
SBRA,"Sabra Health Care REIT, Inc. - Common Stock",NASDAQ,United States
SABR,Sabre Corporation - Common Stock,NASDAQ,United States
SACH,Sachem Capital Corp. Common Shares,NYSE MKT,United States
SDOT,Sadot Group Inc. - Common Stock,NASDAQ,United States
SB,"Safe Bulkers, Inc Common Stock ($0.001 par value)",NYSE,United States
SPAI,Safe Pro Group Inc. - Common Stock,NASDAQ,United States
SAC,Safeguard Acquisition Corp. Class A Ordinary Shares,NYSE,United States
SAFE,Safehold Inc. New Common Stock,NYSE,United States
SAFT,"Safety Insurance Group, Inc. - Common Stock",NASDAQ,United States
SGA,"Saga Communications, Inc. - Class A Common Stock",NASDAQ,United States
SGMT,Sagimet Biosciences Inc. - Series A Common Stock,NASDAQ,United States
SAIA,"Saia, Inc. - Common Stock",NASDAQ,United States
SAIL,"SailPoint, Inc. - Common Stock",NASDAQ,United States
CRM,"Salesforce, Inc. Common Stock",NYSE,United States
SBH,"Sally Beauty Holdings, Inc. (Name to be changed from Sally Holdings, Inc.) Common Stock",NYSE,United States
SFHG,Samfine Creation Holdings Group Limited - Class A Ordinary Share,NASDAQ,United States
SAMO,Samos Energy Acquisition Corporation Class A Ordinary Shares,NYSE,United States
IOT,Samsara Inc. Class A Common Stock,NYSE,United States
SANA,"Sana Biotechnology, Inc. - Common Stock",NASDAQ,United States
SMTI,Sanara MedTech Inc. - Common Stock,NASDAQ,United States
SD,"SandRidge Energy, Inc. Common Stock",NYSE,United States
SNDK,Sandisk Corporation - Common Stock When-Issued,NASDAQ,United States
SANG,Sangoma Technologies Corporation - Common Shares,NASDAQ,United States
SANM,Sanmina Corporation - Common Stock,NASDAQ,United States
SNY,Sanofi - American Depositary Shares,NASDAQ,United States
SCZM,Santacruz Silver Mining Ltd. - Common Shares,NASDAQ,United States
SAR,Saratoga Investment Corp New,NYSE,United States
SRPT,"Sarepta Therapeutics, Inc. - Common Stock",NASDAQ,United States
SSL,Sasol Ltd. American Depositary Shares,NYSE,United States
SATL,Satellogic Inc. - Class A Common Stock,NASDAQ,United States
MSLE,Satellos Bioscience Inc. - Common Stock,NASDAQ,United States
BFS,"Saul Centers, Inc. Common Stock",NYSE,United States
SVRA,"Savara, Inc. - Common Stock",NASDAQ,United States
SVRE,SaverOne 2014 Ltd. - American Depositary Shares,NASDAQ,United States
SVV,"Savers Value Village, Inc. Common Stock",NYSE,United States
SCAG,Scage Future - American Depositary Shares,NASDAQ,United States
SCSC,"ScanSource, Inc. - Common Stock",NASDAQ,United States
SNDR,"Schneider National, Inc. Common Stock",NYSE,United States
SRRK,Scholar Rock Holding Corporation - Common Stock,NASDAQ,United States
SCHL,Scholastic Corporation - Common Stock,NASDAQ,United States
SDGR,"Schrodinger, Inc. - Common Stock",NASDAQ,United States
SPRC,SciSparc Ltd. - Ordinary Shares,NASDAQ,United States
SAIC,Science Applications International Corporation - Common Stock,NASDAQ,United States
SJ,Scienjoy Holding Corporation - Class A Ordinary Shares,NASDAQ,United States
SCNX,"Scienture Holdings, Inc. - Common Stock",NASDAQ,United States
SCLX,Scilex Holding Company - Common Stock,NASDAQ,United States
SCNI,Scinai Immunotherapeutics Ltd. - American Depositary Shares,NASDAQ,United States
SGLD,Scorpio Gold Corporation - Common Stock,NASDAQ,United States
STNG,Scorpio Tankers Inc. Common Shares,NYSE,United States
SMG,Scotts Miracle-Gro Company (The) Common Stock,NYSE,United States
SCTX,Scribe Therapeutics Inc. - Common Stock,NASDAQ,United States
SRL,Scully Royalty Ltd.,NYSE,United States
SE,"Sea Limited American Depositary Shares, each representing one Class A Ordinary Share",NYSE,United States
ICU,SeaStar Medical Holding Corporation - Common Stock,NASDAQ,United States
SEB,Seaboard Corporation Common Stock,NYSE MKT,United States
SA,"Seabridge Gold, Inc. Common Shares New",NYSE,United States
SBCF,Seacoast Banking Corporation of Florida - Common Stock,NASDAQ,United States
SDRL,Seadrill Limited Common Shares,NYSE,United States
STX,Seagate Technology Holdings PLC - Ordinary Shares (Ireland),NASDAQ,United States
SHIP,Seanergy Maritime Holdings Corp. - Common Stock,NASDAQ,United States
SEG,Seaport Entertainment Group Inc. Common Stock,NYSE,United States
SPTX,"Seaport Therapeutics, Inc. - Common Stock",NASDAQ,United States
SECZ,Securitize Corp. Common Stock,NYSE,United States
SNFCA,Security National Financial Corporation - Class A Common Stock,NASDAQ,United States
SEER,"Seer, Inc. - Class A Common Stock",NASDAQ,United States
WTTR,"Select Water Solutions, Inc. Class A common stock",NYSE,United States
SLQT,"SelectQuote, Inc. Common Stock",NYSE,United States
SIGI,"Selective Insurance Group, Inc. - Common Stock",NASDAQ,United States
LEDS,SemiLEDS Corporation - Common Stock,NASDAQ,United States
SMTC,Semtech Corporation - Common Stock,NASDAQ,United States
SENEA,Seneca Foods Corp. - Class A Common Stock,NASDAQ,United States
SENEB,Seneca Foods Corp. - Class B Common Stock,NASDAQ,United States
SNES,"SenesTech, Inc. - Common Stock",NASDAQ,United States
ST,Sensata Technologies Holding plc Ordinary Shares,NYSE,United States
SENS,"Senseonics Holdings, Inc. - Common Stock",NASDAQ,United States
SXT,Sensient Technologies Corporation Common Stock,NYSE,United States
SNT,Senstar Technologies Corporation - Common Shares,NASDAQ,United States
SRTS,"Sensus Healthcare, Inc. - Common Stock",NASDAQ,United States
SNTG,Sentage Holdings Inc. - Class A Ordinary Shares,NASDAQ,United States
SNTI,"Senti Biosciences Holdings, Inc. - Common Stock",NASDAQ,United States
S,"SentinelOne, Inc. Class A Common Stock",NYSE,United States
SEPN,"Septerna, Inc. - Common Stock",NASDAQ,United States
SQNS,Sequans Communications S.A. American Depositary Shares (each representing one hundred (100) Ordinary Shares),NYSE,United States
SERA,"Sera Prognostics, Inc. - Class A Common Stock",NASDAQ,United States
MCRB,"Seres Therapeutics, Inc. - Common Stock",NASDAQ,United States
SER,"Serina Therapeutics, Inc. Common Stock",NYSE MKT,United States
SRG,Seritage Growth Properties Class A Common Stock,NYSE,United States
SERV,Serve Robotics Inc. - Common Stock,NASDAQ,United States
SCI,Service Corporation International Common Stock,NYSE,United States
NOW,"ServiceNow, Inc. Common Stock",NYSE,United States
TTAN,"ServiceTitan, Inc. - Class A Common Stock",NASDAQ,United States
SFBS,"ServisFirst Bancshares, Inc. Common Stock",NYSE,United States
SEZL,Sezzle Inc. - Common Stock,NASDAQ,United States
SHAK,"Shake Shack, Inc. Class A Common Stock",NYSE,United States
SN,"SharkNinja, Inc. Ordinary Shares",NYSE,United States
SHAZ,"SharonAI Holdings, Inc. - Class A Common Stock",NASDAQ,United States
SBET,"Sharplink, Inc. - Common Stock",NASDAQ,United States
STTK,"Shattuck Labs, Inc. - Common Stock",NASDAQ,United States
SHEL,Shell PLC American Depositary Shares (each representing two (2) Ordinary Shares),NYSE,United States
SHEH,Shell plc ADRhedged,NYSE ARCA,United States
SHEN,Shenandoah Telecommunications Co - Common Stock,NASDAQ,United States
SFWL,Shengfeng Development Limited - Class A Ordinary Shares,NASDAQ,United States
SHW,Sherwin-Williams Company (The) Common Stock,NYSE,United States
FOUR,"Shift4 Payments, Inc. Class A Common Stock",NYSE,United States
SHIM,Shimmick Corporation - Common Stock,NASDAQ,United States
SHG,Shinhan Financial Group Co Ltd American Depositary Shares,NYSE,United States
SHLS,"Shoals Technologies Group, Inc. - Class A Common Stock",NASDAQ,United States
SHOE,"Shoe Station Group, Inc. - Common Stock",NASDAQ,United States
SHOP,Shopify Inc. - Class A Subordinate Voting Shares,NASDAQ,United States
SHBI,"Shore Bancshares, Inc. - Common Stock",NASDAQ,United States
SI,"Shoulder Innovations, Inc. Common Stock",NYSE,United States
SAGU,Shreya Acquisition Group Class A Ordinary Shares,NYSE,United States
SSTK,"Shutterstock, Inc. Common Stock",NYSE,United States
SHPH,"Shuttle Pharmaceuticals Holdings, Inc. - common stock",NASDAQ,United States
SINT,"SiNtx Technologies, Inc. - Common Stock",NASDAQ,United States
SITM,SiTime Corporation - Common Stock,NASDAQ,United States
SDHI,Siddhi Acquisition Corp - Class A Common stock,NASDAQ,United States
SIDU,"Sidus Space, Inc. - Class A Common Stock",NASDAQ,United States
SIEB,Siebert Financial Corp. - Common Stock,NASDAQ,United States
BSRR,Sierra Bancorp - Common Stock,NASDAQ,United States
SIFY,Sify Technologies Limited - American Depository Shares,NASDAQ,United States
SGHT,"Sight Sciences, Inc. - Common Stock",NASDAQ,United States
SGML,Sigma Lithium Corporation - common shares,NASDAQ,United States
SIG,Signet Jewelers Limited Common Shares,NYSE,United States
SLN,Silence Therapeutics Plc - American Depository Share,NASDAQ,United States
SLXN,Silexion Therapeutics Corp - Ordinary Shares,NASDAQ,United States
SLGN,Silgan Holdings Inc. Common Stock,NYSE,United States
SILC,Silicom Ltd - Ordinary Shares,NASDAQ,United States
SLAB,"Silicon Laboratories, Inc. - Common Stock",NASDAQ,United States
SIMO,"Silicon Motion Technology Corporation - American Depositary Shares, each representing four ordinary shares",NASDAQ,United States
SVAQ,Silicon Valley Acquisition Corp. - Class A Ordinary Shares,NASDAQ,United States
SILO,"Silo Pharma, Inc. - Common Stock",NASDAQ,United States
SVCO,"Silvaco Group, Inc. - Common Stock",NASDAQ,United States
SBMT,Silver Bow Mining Corp. Common Shares,NYSE MKT,United States
SPEG,Silver Pegasus Acquisition Corp - Class A Ordinary Shares,NASDAQ,United States
SBXD,SilverBox Corp IV Class A Ordinary Shares,NYSE,United States
SBXE,SilverBox Corp V Class A Ordinary Shares,NYSE,United States
SVM,Silvercorp Metals Inc. Common Shares,NYSE MKT,United States
SAMG,Silvercrest Asset Management Group Inc. - Common Stock,NASDAQ,United States
SYNX,Silynxcom Ltd. Ordinary Shares,NYSE MKT,United States
SMWB,Similarweb Ltd. Ordinary Shares,NYSE,United States
SFNC,Simmons First National Corporation - Common Stock,NASDAQ,United States
SPG,"Simon Property Group, Inc. Common Stock",NYSE,United States
SSD,"Simpson Manufacturing Company, Inc. Common Stock",NYSE,United States
SLP,"Simulations Plus, Inc. - Common Stock",NASDAQ,United States
SBGI,"Sinclair, Inc. - Class A Common Stock",NASDAQ,United States
SIND,Sinda Ltd. Common Stock,NYSE,United States
SGLY,Singularity Future Technology Ltd. - Common Stock,NASDAQ,United States
SVA,"Sinovac Biotech, Ltd. - Ordinary Shares (Antigua/Barbudo)",NASDAQ,United States
SION,"Sionna Therapeutics, Inc. - Common Stock",NASDAQ,United States
SPNT,SiriusPoint Ltd. Common Shares,NYSE,United States
SIRI,SiriusXM Holdings Inc. - Common Stock,NASDAQ,United States
SITE,"SiteOne Landscape Supply, Inc. Common Stock",NYSE,United States
FUN,Six Flags Entertainment Corporation Common Stock New,NYSE,United States
TSLX,"Sixth Street Specialty Lending, Inc. Common Stock",NYSE,United States
SZZL,Sizzle Acquisition Corp. II - Class A ordinary shares,NASDAQ,United States
SKE,Skeena Resources Limited Common Shares,NYSE,United States
EDTK,Skillful Craftsman Education Technology Limited - Ordinary Share,NASDAQ,United States
SKIL,Skillsoft Corp. Class A Common Stock,NYSE,United States
SKIN,SkinHealth Systems Inc. - Class A Common Stock,NASDAQ,United States
SKYH,Sky Harbour Group Corporation Class A Common Stock,NYSE,United States
SKYQ,Sky Quarry Inc. - Common Stock,NASDAQ,United States
SKYA,"SkyAI, Inc. - Common Stock",NASDAQ,United States
SKYW,"SkyWest, Inc. - Common Stock",NASDAQ,United States
SKYE,"Skye Bioscience, Inc. - Common Stock",NASDAQ,United States
KAZR,Skyline Builders Group Holding Limited - Class A Ordinary Shares,NASDAQ,United States
SKWD,"Skyward Specialty Insurance Group, Inc. - Common Stock",NASDAQ,United States
SWKS,"Skyworks Solutions, Inc. - Common Stock",NASDAQ,United States
SLDE,"Slide Insurance Holdings, Inc. - Common Stock",NASDAQ,United States
SLGB,Smart Logistics Global Limited - Class A Ordinary Shares,NASDAQ,United States
SND,"Smart Sand, Inc. - Common Stock",NASDAQ,United States
SMBK,"SmartFinancial, Inc. Common Stock",NYSE,United States
SMTK,"SmartKem, Inc. - Common Stock",NASDAQ,United States
SMRT,"SmartRent, Inc. Class A Common Stock",NYSE,United States
SMA,"SmartStop Self Storage REIT, Inc. Common Stock",NYSE,United States
BIRD,"Smartbird, Inc. - Class A Common Stock",NASDAQ,United States
SNN,"Smith & Nephew SNATS, Inc. Common Stock",NYSE,United States
SWBI,"Smith & Wesson Brands, Inc. - Common Stock",NASDAQ,United States
SDHC,Smith Douglas Homes Corp. Class A Common Stock,NYSE,United States
SMSI,"Smith Micro Software, Inc. - Common Stock",NASDAQ,United States
SMID,Smith-Midland Corporation - Common Stock,NASDAQ,United States
SFD,"Smithfield Foods, Inc. - Common Stock",NASDAQ,United States
SW,Smurfit WestRock plc Ordinary Shares,NYSE,United States
SNAL,"Snail, Inc. - Class A Common Stock",NASDAQ,United States
SNAP,Snap Inc. Class A Common Stock,NYSE,United States
SNA,Snap-On Incorporated Common Stock,NYSE,United States
ISNR,Snow Rothschild Acquisition Corp. - Class A Ordinary Shares,NASDAQ,United States
SNOW,Snowflake Inc. Common Stock,NYSE,United States
SY,So-Young International Inc. - American Depository Shares,NASDAQ,United States
SOFI,"SoFi Technologies, Inc.  - Common Stock",NASDAQ,United States
SCPQ,Social Commerce Partners Corporation - Class A Ordinary Shares,NASDAQ,United States
SQM,Sociedad Quimica y Minera S.A. Common Stock,NYSE,United States
SCKT,"Socket Mobile, Inc. - Common Stock",NASDAQ,United States
SOHU,Sohu.com Limited  - American Depositary Shares,NASDAQ,United States
STKE,Sol Strategies Inc. - Common Shares,NASDAQ,United States
SLGL,Sol-Gel Technologies Ltd. - Ordinary Shares,NASDAQ,United States
HSDT,Solana Company - Class A Common Stock,NASDAQ,United States
SEDG,"SolarEdge Technologies, Inc. - Common Stock",NASDAQ,United States
SEI,"Solaris Energy Infrastructure, Inc. Class A Common Stock",NYSE,United States
SLSR,Solaris Resources Inc. Common Shares,NYSE MKT,United States
SOCA,Solarius Capital Acquisition Corp. - Class A Ordinary Share,NASDAQ,United States
SMXT,Solarmax Technology Inc. - Common Stock,NASDAQ,United States
SLSN,"Solesence, Inc. - Common stock",NASDAQ,United States
SLDB,Solid Biosciences Inc. - Common Stock,NASDAQ,United States
SLDP,"Solid Power, Inc. - Class A Common Stock",NASDAQ,United States
STI,"Solidion Technology, Inc. - Common Stock",NASDAQ,United States
SNGX,"Soligenix, Inc. - Common Stock",NASDAQ,United States
XPL,Solitario Resources Corp. Common Stock,NYSE MKT,United States
AXG,Solowin Holdings - Class A Ordinary Share,NASDAQ,United States
SOLS,Solstice Advanced Materials Inc. - Common Stock,NASDAQ,United States
SLNH,"Soluna Holdings, Inc. - Common Stock",NASDAQ,United States
SOLV,Solventum Corporation Common Stock,NYSE,United States
SGI,Somnigroup International Inc. Common Stock,NYSE,United States
SAH,"Sonic Automotive, Inc. Common Stock",NYSE,United States
SNDA,"Sonida Senior Living, Inc. Common Stock",NYSE,United States
SSM,Sono Group N.V. - Ordinary Shares,NASDAQ,United States
SOTK,Sono-Tek Corporation - Common Stock,NASDAQ,United States
SON,Sonoco Products Company Common Stock,NYSE,United States
SNOA,"Sonoma Pharmaceuticals, Inc. - Common Stock",NASDAQ,United States
SONO,"Sonos, Inc. - Common Stock",NASDAQ,United States
SONY,Sony Group Corporation American Depositary Shares,NYSE,United States
SORN,Soren Acquisition Corp. - Class A Ordinary Shares,NASDAQ,United States
SHC,Sotera Health Company - Common Stock,NASDAQ,United States
SOUL,Soulpower Acquisition Corporation Class A Ordinary Shares,NYSE,United States
SFBC,"Sound Financial Bancorp, Inc. - Common Stock",NASDAQ,United States
SOGP,Sound Group Inc. - American Depositary Shares,NASDAQ,United States
SPMC,"Sound Point Meridian Capital, Inc. Common Stock",NYSE,United States
SOUN,"SoundHound AI, Inc. - Class A Common Stock",NASDAQ,United States
SSTI,"SoundThinking, Inc. - Common Stock",NASDAQ,United States
SOR,"Source Capital, Inc. Cmn Shs of BI",NYSE,United States
SOBO,South Bow Corporation Common Shares,NYSE,United States
SPFI,"South Plains Financial, Inc. - Common Stock",NASDAQ,United States
SSB,SouthState Bank Corporation Common Stock,NYSE,United States
SO,Southern Company (The) Common Stock,NYSE,United States
SCCO,Southern Copper Corporation Common Stock,NYSE,United States
NCO,Southern Cross Acquisition I Corp. - Ordinary Shares,NASDAQ,United States
SFST,"Southern First Bancshares, Inc. - Common Stock",NASDAQ,United States
SMBC,"Southern Missouri Bancorp, Inc. - Common Stock",NASDAQ,United States
SLND,"Southland Holdings, Inc. Common Stock",NYSE MKT,United States
SBSI,"Southside Bancshares, Inc. Common Stock",NYSE,United States
LUV,Southwest Airlines Company Common Stock,NYSE,United States
SWX,"Southwest Gas Holdings, Inc. Common Stock (DE)",NYSE,United States
SOWG,Sow Good Inc. - Common Stock,NASDAQ,United States
SAAQ,Space Asset Acquisition Corp. - Class A Ordinary Shares,NASDAQ,United States
SPCX,Space Exploration Technologies Corp. - Class A Common Stock,NASDAQ,United States
SPKL,Spark I Acquisition Corp. - Class A Ordinary Share,NASDAQ,United States
TMTS,Spartacus Acquisition Corp. II - Class A Ordinary Shares,NASDAQ,United States
MDAI,"Spectral AI, Inc. - Class A Common Stock",NASDAQ,United States
SPB,"Spectrum Brands Holdings, Inc. Common Stock",NYSE,United States
SPRO,"Spero Therapeutics, Inc. - Common Stock",NASDAQ,United States
SPHR,Sphere Entertainment Co. Class A Common Stock,NYSE,United States
SPIR,"Spire Global, Inc. Class A Common Stock",NYSE,United States
SR,Spire Inc. Common Stock,NYSE,United States
SPOK,"Spok Holdings, Inc. - Common Stock",NASDAQ,United States
SRAD,Sportradar Group AG - Class A Ordinary Shares,NASDAQ,United States
SEGG,Sports Entertainment Gaming Global Corporation  - Common Stock,NASDAQ,United States
SPWH,"Sportsman's Warehouse Holdings, Inc. - Common Stock",NASDAQ,United States
SPOT,Spotify Technology S.A. Ordinary Shares,NYSE,United States
SVIV,Spring Valley Acquisition Corp. IV - Class A Ordinary Shares,NASDAQ,United States
SPHL,Springview Holdings Ltd - Ordinary shares,NASDAQ,United States
CXM,"Sprinklr, Inc. Class A Common Stock",NYSE,United States
SII,Sprott Inc. Common Shares,NYSE,United States
SPT,"Sprout Social, Inc - Class A Common Stock",NASDAQ,United States
SFM,"Sprouts Farmers Market, Inc. - Common Stock",NASDAQ,United States
SPRB,"Spruce Biosciences, Inc. - Common Stock",NASDAQ,United States
SPRU,Spruce Power Holding Corporation Class A Common Stock,NYSE,United States
SGP,"SpyGlass Pharma, Inc. - Common Stock",NASDAQ,United States
SYRE,"Spyre Therapeutics, Inc. - Common Stock",NASDAQ,United States
JOE,St. Joe Company (The) Common Stock,NYSE,United States
SLNG,"Stabilis Solutions, Inc. - Common Stock",NASDAQ,United States
SDEV,Stablecoin Development Corporation Common Stock,NYSE MKT,United States
USDE,StablecoinX Inc. - Class A Common Stock,NASDAQ,United States
STAG,"Stag Industrial, Inc. Common Stock",NYSE,United States
STGW,Stagwell Inc. - Class A Common Stock,NASDAQ,United States
LAB,Standard BioTools Inc. - Common Stock,NASDAQ,United States
SLI,Standard Lithium Ltd. Common Shares,NYSE MKT,United States
SMP,"Standard Motor Products, Inc. Common Stock",NYSE,United States
STDN,"Standard Nuclear, Inc. Class A Common Stock",NYSE,United States
SARO,"StandardAero, Inc. Common Stock",NYSE,United States
SXI,Standex International Corporation Common Stock,NYSE,United States
SWK,"Stanley Black & Decker, Inc. Common Stock",NYSE,United States
STN,Stantec Inc Common Stock,NYSE,United States
SBLK,Star Bulk Carriers Corp. - Common Shares,NASDAQ,United States
STRR,"Star Equity Holdings, Inc. - Common Stock",NASDAQ,United States
STFS,Star Fashion Culture Holdings Limited - Class A Ordinary Shares,NASDAQ,United States
SGU,Star Group L.P. Common Stock,NYSE,United States
STHO,Star Holdings - Shares of Beneficial Interest,NASDAQ,United States
SBUX,Starbucks Corporation - Common Stock,NASDAQ,United States
SDST,Stardust Power Inc. - Common Stock,NASDAQ,United States
FJET,"Starfighters Space, Inc. Common Stock",NYSE MKT,United States
STLN,"Starling Oncology, Inc. - Common Stock",NASDAQ,United States
OTAI,Starlink AI Acquisition Corporation Ordinary Shares,NYSE,United States
SSEA,Starry Sea Acquisition Corp - Ordinary Shares,NASDAQ,United States
STRZ,Starz Entertainment Corp. - Common Shares,NASDAQ,United States
STT,State Street Corporation Common Stock,NYSE,United States
STT$G,"State Street Corporation Depositary shares, each representing a 1/4,000th ownership interest in a share of Fixed-to-Floating Rate Non-Cumulative",NYSE,United States
STKH,Steakholder Foods Ltd. - American Depositary Shares,NASDAQ,United States
GASS,"StealthGas, Inc. - common stock",NASDAQ,United States
STLD,"Steel Dynamics, Inc. - Common Stock",NASDAQ,United States
STLA,Stellantis N.V. Common Shares,NYSE,United States
SVCC,Stellar V Capital Corp. - Class A Ordinary Shares,NASDAQ,United States
SCM,Stellus Capital Investment Corporation Common Stock,NYSE,United States
STEM,"Stem, Inc. Class A Common Stock",NYSE,United States
STEP,StepStone Group Inc. - Class A Common Stock,NASDAQ,United States
SCL,Stepan Company Common Stock,NYSE,United States
STXS,"Stereotaxis, Inc. Common Stock",NYSE MKT,United States
STRL,"Sterling Infrastructure, Inc. - Common Stock",NASDAQ,United States
STVN,Stevanato Group S.p.A. Ordinary Shares,NYSE,United States
SHOO,"Steven Madden, Ltd. - Common Stock",NASDAQ,United States
SWRD,Stewards Inc - Common Stock,NASDAQ,United States
STC,Stewart Information Services Corporation Common Stock,NYSE,United States
SF,Stifel Financial Corporation Common Stock,NYSE,United States
SFIX,"Stitch Fix, Inc. - Class A Common Stock",NASDAQ,United States
SYBT,"Stock Yards Bancorp, Inc. - Common Stock",NASDAQ,United States
STOK,"Stoke Therapeutics, Inc. - Common Stock",NASDAQ,United States
APAC,StoneBridge Acquisition II Corporation - Class A Ordinary Shares,NASDAQ,United States
STNE,StoneCo Ltd. - Class A Common Share,NASDAQ,United States
SNEX,StoneX Group Inc. - Common Stock,NASDAQ,United States
SRI,"Stoneridge, Inc. Common Stock",NYSE,United States
SWAG,"Stran & Company, Inc. - Common Stock",NASDAQ,United States
SRTA,"Strata Critical Medical, Inc. - Class A Common Stock",NASDAQ,United States
SSYS,"Stratasys, Ltd. - Common Stock",NASDAQ,United States
STRA,"Strategic Education, Inc. - Common Stock",NASDAQ,United States
MSTR,Strategy Inc - Class A Common Stock,NASDAQ,United States
STRW,"Strawberry Fields REIT, Inc. Common Stock",NYSE MKT,United States
STEX,Streamex Corp. - Common Stock,NASDAQ,United States
LRN,"Stride, Inc. Common Stock",NYSE,United States
ASST,"Strive, Inc. - Class A Common Stock",NASDAQ,United States
GPCR,Structure Therapeutics Inc. - American Depositary Shares,NASDAQ,United States
SYK,Stryker Corporation Common Stock,NYSE,United States
STUB,"StubHub Holdings, Inc. Class A Common Stock",NYSE,United States
MSC,"Studio City International Holdings Limited American depositary shares, each representing four  Class A ordinary shares",NYSE,United States
RGR,"Sturm, Ruger & Company, Inc. Common Stock",NYSE,United States
SPH,"Suburban Propane Partners, L.P. Common Stock",NYSE,United States
SUIG,Sui Group Holdings Limited - Common Stock,NASDAQ,United States
SUJA,"Suja Life, Inc. - Class A Common Stock",NASDAQ,United States
SMFG,Sumitomo Mitsui Financial Group Inc Unsponsored American Depositary Shares (Japan),NYSE,United States
INN,"Summit Hotel Properties, Inc. Common Stock",NYSE,United States
SMC,Summit Midstream Corporation Common Stock,NYSE,United States
SSBI,Summit State Bank - Common Stock,NASDAQ,United States
SMMT,Summit Therapeutics Inc.  - Common Stock,NASDAQ,United States
SLF,Sun Life Financial Inc. Common Stock,NYSE,United States
SDA,SunCar Technology Group Inc. - Ordinary Shares,NASDAQ,United States
SXC,"SunCoke Energy, Inc. Common Stock",NYSE,United States
SPWR,SunPower Inc. - Common Stock,NASDAQ,United States
SNSC,SunScout Holding Limited Class A Ordinary Shares,NYSE MKT,United States
SUNB,"Sunbelt Rentals Holdings, Inc. Common Stock",NYSE,United States
SU,Suncor Energy  Inc. Common Stock,NYSE,United States
RMIX,"Suncrete, Inc. - Class A Common Stock",NASDAQ,United States
STG,"Sunlands Technology Group American Depositary Shares, representing Class A ordinary shares",NYSE,United States
RUN,Sunrun Inc. - Common Stock,NASDAQ,United States
SBFM,Sunshine Biopharma Inc. - Common stock,NASDAQ,United States
SSMR,Sunshine Silver Mining & Refining Company Common Stock,NYSE,United States
SHO,"Sunstone Hotel Investors, Inc. Sunstone Hotel Investors, Inc. Common Shares",NYSE,United States
SGHC,Super Group (SGHC) Limited Ordinary Shares,NYSE,United States
SLE,"Super League Enterprise, Inc. - Common Stock",NASDAQ,United States
SMCI,"Super Micro Computer, Inc. - Common Stock",NASDAQ,United States
SPCB,"SuperCom, Ltd. - Ordinary Shares",NASDAQ,United States
SUPX,SuperX AI Technology Limited - Ordinary Shares,NASDAQ,United States
SGC,"Superior Group of Companies, Inc. - Common Stock",NASDAQ,United States
SUPN,"Supernus Pharmaceuticals, Inc. - Common Stock",NASDAQ,United States
SRFM,Surf Air Mobility Inc. Common Stock,NYSE,United States
SURG,"SurgePays, Inc. - Common Stock",NASDAQ,United States
SGRY,"Surgery Partners, Inc. - Common Stock",NASDAQ,United States
SRZN,"Surrozen, Inc. - Common Stock",NASDAQ,United States
STRO,"Sutro Biopharma, Inc. - Common Stock",NASDAQ,United States
SUZ,Suzano S.A. American Depositary Shares (each representing One Ordinary Share),NYSE,United States
SWMR,"Swarmer, Inc - common stock",NASDAQ,United States
SG,"Sweetgreen, Inc. Class A Common Stock",NYSE,United States
SWVL,Swvl Holdings Corp - Ordinary Shares,NASDAQ,United States
SLVM,Sylvamo Corporation Common Stock,NYSE,United States
SYM,Symbotic Inc. - Class A Common Stock,NASDAQ,United States
SYNA,Synaptics Incorporated - Common Stock,NASDAQ,United States
SYF,Synchrony Financial Common Stock,NYSE,United States
SNDX,"Syndax Pharmaceuticals, Inc. - Common Stock",NASDAQ,United States
SNPS,"Synopsys, Inc. - Common Stock",NASDAQ,United States
OPTX,"Syntec Optics Holdings, Inc. - Class A Common Stock",NASDAQ,United States
GJH,Synthetic Fixed-Income Securities Inc 6.375% (STRATS) Cl A-1,NYSE,United States
SYPR,"Sypris Solutions, Inc. - Common Stock",NASDAQ,United States
SYY,Sysco Corporation Common Stock,NYSE,United States
SST,"System1, Inc. Class A Common Stock",NYSE,United States
IDAI,T Stamp Inc. - Class A Common Stock,NASDAQ,United States
TMUS,"T-Mobile US, Inc. - Common Stock",NASDAQ,United States
TROW,"T. Rowe Price Group, Inc. - Common Stock",NASDAQ,United States
TE,T1 Energy Inc. Common Stock,NYSE,United States
DFNS,T3 Defense Inc. - Common Stock,NASDAQ,United States
TAL,TAL Education Group American Depositary Shares,NYSE,United States
TATT,TAT Technologies Ltd. - Ordinary Shares,NASDAQ,United States
TRP,TC Energy Corporation Common Stock,NYSE,United States
TCGX,TCGX Acquisition Corp. - Class A Ordinary Shares,NASDAQ,United States
SNX,TD SYNNEX Corporation Common Stock,NYSE,United States
PETZ,"TDH Holdings, Inc. - Common Shares",NASDAQ,United States
TEL,TE Connectivity plc Ordinary Shares,NYSE,United States
TELA,"TELA Bio, Inc. - Common stock",NASDAQ,United States
XHLD,"TEN Holdings, Inc. - Common Stock",NASDAQ,United States
TFII,TFI International Inc. Common Shares,NYSE,United States
TFSL,TFS Financial Corporation - Common Stock,NASDAQ,United States
TGTX,"TG Therapeutics, Inc. - Common Stock",NASDAQ,United States
BEBE,TGE Value Creative Solutions Corp Class A Ordinary Shares,NYSE,United States
THCH,TH International Limited - Ordinary shares,NASDAQ,United States
TIC,"TIC Solutions, Inc. Common Stock",NYSE,United States
TIMB,TIM S.A. American Depositary Shares (Each representing 5 Common Shares),NYSE,United States
TJGC,TJGC Group Limited - Class A Ordinary Shares,NASDAQ,United States
TJX,"TJX Companies, Inc. (The) Common Stock",NYSE,United States
TKO,"TKO Group Holdings, Inc. Class A Common Stock",NYSE,United States
TMC,TMC the metals company Inc. - Common Stock,NASDAQ,United States
TMDE,TMD Energy Limited Ordinary Shares,NYSE MKT,United States
TNMG,TNL Mediagene - Ordinary Shares,NASDAQ,United States
TOMZ,"TOMI Environmental Solutions, Inc. - Common Stock",NASDAQ,United States
TONX,TON Strategy Company - Common Stock,NASDAQ,United States
TOP,TOP Financial Group Limited - Class A Ordinary Shares,NASDAQ,United States
TOPS,"TOP Ships, Inc. Common Stock",NYSE MKT,United States
TRMD,TORM plc - Class A Common Stock,NASDAQ,United States
TOYO,"TOYO Co., Ltd - Ordinary Shares",NASDAQ,United States
TPG,TPG Inc. - Class A Common Stock,NASDAQ,United States
TRGS,TRG Latin America Acquisitions Corp. - Class A Ordinary Shares,NASDAQ,United States
TROO,"TROOPS, Inc.  - Ordinary Shares",NASDAQ,United States
TRX,TRX Gold Corporation Common Stock,NYSE MKT,United States
TSSI,"TSS, Inc. - Common Stock",NASDAQ,United States
TCRX,"TScan Therapeutics, Inc. - Common Stock",NASDAQ,United States
TTEC,"TTEC Holdings, Inc. - Common Stock",NASDAQ,United States
TTMI,"TTM Technologies, Inc. - Common Stock",NASDAQ,United States
TWFG,"TWFG, Inc. - Common Stock",NASDAQ,United States
TXNM,"TXNM Energy, Inc. Common Stock",NYSE,United States
ZZZTA,TXSE Test Stk 1 Common Stock,US,United States
ZZZTX,TXSE Test Stk 5 Common Stock,US,United States
TBLA,Taboola.com Ltd. - Ordinary Shares,NASDAQ,United States
TREO,Tactical Resources Corp. - Common Shares,NASDAQ,United States
TCMD,"Tactile Systems Technology, Inc. - Common Stock",NASDAQ,United States
TDWD,Tailwind 2.0 Acquisition Corp. - Class A Ordinary Shares,NASDAQ,United States
TSM,Taiwan Semiconductor Manufacturing Company Ltd.,NYSE,United States
TTWO,"Take-Two Interactive Software, Inc. - Common Stock",NASDAQ,United States
TAK,Takeda Pharmaceutical Company Limited American Depositary Shares (each representing 1/2 of a share of Common Stock),NYSE,United States
TLN,Talen Energy Corporation - Common Stock,NASDAQ,United States
TLNC,Talon Capital Corp. - Class A Ordinary Shares,NASDAQ,United States
TALO,"Talos Energy, Inc. Common Stock",NYSE,United States
TLPH,"Talphera, Inc. - Common Stock",NASDAQ,United States
TBN,Tamboran Resources Corporation Common stock,NYSE,United States
TNDM,"Tandem Diabetes Care, Inc. - Common Stock",NASDAQ,United States
TLF,"Tandy Leather Factory, Inc. - common stock",NASDAQ,United States
SKT,Tanger Inc. Common Stock,NYSE,United States
TNGX,"Tango Therapeutics, Inc. - Common Stock",NASDAQ,United States
TANH,Tantech Holdings Ltd. - Class A Common Shares,NASDAQ,United States
TAOX,Tao Synergies Inc. - Common Stock,NASDAQ,United States
TWAV,"TaoWeave, Inc. - Common Stock",NASDAQ,United States
TAOP,Taoping Inc. - Ordinary Shares,NASDAQ,United States
TPR,"Tapestry, Inc. Common Stock",NYSE,United States
TRGP,"Targa Resources, Inc. Common Stock",NYSE,United States
TGT,Target Corporation Common Stock,NYSE,United States
TH,Target Hospitality Corp. - Common Stock,NASDAQ,United States
TARS,"Tarsus Pharmaceuticals, Inc. - Common Stock",NASDAQ,United States
TASK,"TaskUs, Inc. - Class A Common Stock",NASDAQ,United States
TAVI,Tavia Acquisition Corp. - Ordinary Shares,NASDAQ,United States
TAYD,"Taylor Devices, Inc. - Common Stock",NASDAQ,United States
TSHA,"Taysha Gene Therapies, Inc. - Common Stock",NASDAQ,United States
TEAD,Teads Holding Co. - Common Stock,NASDAQ,United States
TISI,"Team, Inc. Common Stock",NYSE,United States
TMS,Teamshares Inc. - Common Stock,NASDAQ,United States
TPCS,TechPrecision Corporation - Common stock,NASDAQ,United States
TTGT,"TechTarget, Inc. - Common Stock",NASDAQ,United States
FTI,TechnipFMC plc Ordinary Share,NYSE,United States
TECK,Teck Resources Ltd Ordinary Shares,NYSE,United States
TGLS,Tecnoglass Holdings Inc. Common Stock,NYSE,United States
TGEN,Tecogen Inc. Common Stock,NYSE MKT,United States
TECX,"Tectonic Therapeutic, Inc. - Common Stock",NASDAQ,United States
TK,Teekay Corporation Ltd. Common Stock,NYSE,United States
TNK,Teekay Tankers Ltd.,NYSE,United States
TRC,Tejon Ranch Co Common Stock,NYSE,United States
TDOC,"Teladoc Health, Inc. Common Stock",NYSE,United States
TEO,Telecom Argentina SA,NYSE,United States
TDY,Teledyne Technologies Incorporated Common Stock,NYSE,United States
TFX,Teleflex Incorporated Common Stock,NYSE,United States
VIV,Telefonica Brasil S.A. American Depositary Shares (Each representing One Common Share),NYSE,United States
TDS,"Telephone and Data Systems, Inc. Common Shares",NYSE,United States
TSAT,Telesat Corporation - Class A Common Shares and Class B Variable Voting Shares,NASDAQ,United States
TLX,Telix Pharmaceuticals Limited - American Depositary Shares,NASDAQ,United States
TELO,"Telomir Pharmaceuticals, Inc. - Common Stock",NASDAQ,United States
TLS,Telos Corporation - Common Stock,NASDAQ,United States
TU,Telus Corporation Ordinary Shares,NYSE,United States
TPST,"Tempest Therapeutics, Inc. - Common Stock",NASDAQ,United States
TEM,"Tempus AI, Inc. - Class A Common Stock",NASDAQ,United States
TLIH,Ten-League International Holdings Limited - Ordinary Shares,NASDAQ,United States
TENB,"Tenable Holdings, Inc. - Common Stock",NASDAQ,United States
TS,Tenaris S.A. American Depositary Shares,NYSE,United States
TENX,"Tenax Therapeutics, Inc. - Common Stock",NASDAQ,United States
TNYA,"Tenaya Therapeutics, Inc. - Common Stock",NASDAQ,United States
TME,"Tencent Music Entertainment Group American Depositary Shares, each representing two Class A Ordinary Shares",NYSE,United States
THC,Tenet Healthcare Corporation Common Stock,NYSE,United States
TNC,Tennant Company Common Stock,NYSE,United States
TVE,Tennessee Valley Authority,NYSE,United States
TVC,Tennessee Valley Authority Common Stock,NYSE,United States
TNON,"Tenon Medical, Inc. - Common Stock",NASDAQ,United States
WULF,TeraWulf Inc. - Common Stock,NASDAQ,United States
TDC,Teradata Corporation Common Stock,NYSE,United States
TER,"Teradyne, Inc. - Common Stock",NASDAQ,United States
TEX,Terex Corporation Common Stock,NYSE,United States
TX,"Ternium S.A. Ternium S.A. American Depositary Shares (each representing ten shares, USD1.00 par value)",NYSE,United States
NKLR,Terra Innovatum Global N.V. - Ordinary shares,NASDAQ,United States
TRNO,Terreno Realty Corporation Common Stock,NYSE,United States
IMSR,Terrestrial Energy Inc. - Common Stock,NASDAQ,United States
TSLA,"Tesla, Inc.  - Common Stock",NASDAQ,United States
HLSQ,Tessera Defense and Homeland Security Inc. Common Stock,NYSE MKT,United States
ZBZZT,Test Pilot Test Stock Class B Common Stock,NASDAQ,United States
TTEK,"Tetra Tech, Inc. - Common Stock",NASDAQ,United States
TTI,"Tetra Technologies, Inc. Common Stock",NYSE,United States
TEVA,Teva Pharmaceutical Industries Limited Ordinary Shares,NYSE,United States
TVGN,Tevogen Inc. - Common Stock,NASDAQ,United States
TCBI,"Texas Capital Bancshares, Inc. - Common Stock",NASDAQ,United States
TXN,Texas Instruments Incorporated - Common Stock,NASDAQ,United States
TPL,Texas Pacific Land Corporation Common Stock,NYSE,United States
TXRH,"Texas Roadhouse, Inc. - Common Stock",NASDAQ,United States
TVA,Texas Ventures Acquisition III Corp - Class A Ordinary Share,NASDAQ,United States
TVIV,Texas Ventures Acquisition IV Corp - Class A Ordinary Shares,NASDAQ,United States
TXT,Textron Inc. Common Stock,NYSE,United States
NPT,Texxon Holding Limited - Ordinary shares,NASDAQ,United States
TVAI,Thayer Ventures Acquisition Corporation II - Class A Ordinary Shares,NASDAQ,United States
AES,The AES Corporation Common Stock,NYSE,United States
ANDE,"The Andersons, Inc. - Common Stock",NASDAQ,United States
BWIN,"The Baldwin Insurance Group, Inc. - Class A Common Stock",NASDAQ,United States
TBBK,"The Bancorp, Inc. - Common Stock",NASDAQ,United States
BNY,The Bank of New York Mellon Corporation Common Stock,NYSE,United States
BODI,"The Beachbody Company, Inc. - Class A Common Stock",NASDAQ,United States
CPB,The Campbell's Company - Common Stock,NASDAQ,United States
CG,The Carlyle Group Inc. - Common Stock,NASDAQ,United States
CAKE,The Cheesecake Factory Incorporated - Common Stock,NASDAQ,United States
CHEF,"The Chefs' Warehouse, Inc. - Common Stock",NASDAQ,United States
CI,The Cigna Group Common Stock,NYSE,United States
COO,"The Cooper Companies, Inc.  - Common Stock",NASDAQ,United States
DSGX,The Descartes Systems Group Inc. - Common Stock,NASDAQ,United States
ELMT,The Elmet Group Co. - Common Stock,NASDAQ,United States
ENSG,"The Ensign Group, Inc. - Common Stock",NASDAQ,United States
TGE,The Generation Essentials Group Class A Ordinary Shares,NYSE,United States
GT,The Goodyear Tire & Rubber Company - Common Stock,NASDAQ,United States
TGHL,The GrowHub Limited - Class A Ordinary Shares,NASDAQ,United States
HCKT,"The Hackett Group, Inc. - Common Stock",NASDAQ,United States
HAIN,"The Hain Celestial Group, Inc. - Common Stock",NASDAQ,United States
HIG,"The Hartford Insurance Group, Inc. Common Stock",NYSE,United States
HSY,The Hershey Company Common Stock,NYSE,United States
HNST,"The Honest Company, Inc. - Common Stock",NASDAQ,United States
INTG,The Intergroup Corporation - Common Stock,NASDAQ,United States
SJM,The J.M. Smucker Company Common Stock,NYSE,United States
JYNT,The Joint Corp. - Common Stock,NASDAQ,United States
KHC,The Kraft Heinz Company Common Stock,NYSE,United States
LOVE,The Lovesac Company - Common Stock,NASDAQ,United States
MICC,The Magnum Ice Cream Company N.V. Ordinary Shares,NYSE,United States
MGLD,"The Marygold Companies, Inc. Common Stock",NYSE MKT,United States
MZTI,The Marzetti Company - Common Stock,NASDAQ,United States
TMCR,The Metals Royalty Company Inc. - Common Stock,NASDAQ,United States
MIDD,The Middleby Corporation - Common Stock,NASDAQ,United States
OLB,"The OLB Group, Inc. - Common Stock",NASDAQ,United States
STKS,"The ONE Group Hospitality, Inc. - Common Stock",NASDAQ,United States
PNTG,"The Pennant Group, Inc. - Common Stock",NASDAQ,United States
RMR,The RMR Group Inc. - Class A Common Stock,NASDAQ,United States
REAL,"The RealReal, Inc. - Common Stock",NASDAQ,United States
SMPL,The Simply Good Foods Company - Common Stock,NASDAQ,United States
TTD,"The Trade Desk, Inc. - Class A Common Stock",NASDAQ,United States
TRV,"The Travelers Companies, Inc. Common Stock",NYSE,United States
COCO,"The Vita Coco Company, Inc. - Common Stock",NASDAQ,United States
YORW,The York Water Company - Common Stock,NASDAQ,United States
NCTY,The9 Limited - American Depository Shares,NASDAQ,United States
TXMD,"TherapeuticsMD, Inc. - Common Stock",NASDAQ,United States
TBPH,"Theravance Biopharma, Inc. - Ordinary Shares",NASDAQ,United States
TOVX,"Theriva Biologics, Inc. Common Stock",NYSE MKT,United States
TMO,Thermo Fisher Scientific Inc Common Stock,NYSE,United States
TCBX,"Third Coast Bancshares, Inc. Common Stock",NYSE,United States
TRI,Thomson Reuters Corp - Common Shares,NASDAQ,United States
THO,"Thor Industries, Inc. Common Stock",NYSE,United States
TDUP,ThredUp Inc. - Class A Common Stock,NASDAQ,United States
TLAC,Three Lions Acquisition Corp. - Ordinary Shares,NASDAQ,United States
THRY,"Thryv Holdings, Inc. - Common Stock",NASDAQ,United States
CIIT,"Tianci International, Inc. - Common Stock",NASDAQ,United States
ATEST.C,Tick Pilot Test 3 Common Stock,NYSE MKT,United States
NTEST.C,Tick Pilot Test C Common Stock,NYSE,United States
ATEST,Tick Pilot Test Control Common Stock,NYSE MKT,United States
ATEST.A,Tick Pilot Test Group 1 Common Stock,NYSE MKT,United States
ZAZZT,Tick Pilot Test Stock Class A Common Stock,NASDAQ,United States
ZCZZT,Tick Pilot Test Stock Class C,NASDAQ,United States
ATEST.B,Tick pilot Test 2 Common Stock,NYSE MKT,United States
TP,Ticketplus Ltd. Ordinary Shares,NYSE MKT,United States
TDW,Tidewater Inc. Common Stock,NYSE,United States
TYGO,"Tigo Energy, Inc. - Common Stock",NASDAQ,United States
TLYS,"Tilly's, Inc. Common Stock",NYSE,United States
TLRY,"Tilray Brands, Inc. - Common Stock",NASDAQ,United States
TSBK,"Timberland Bancorp, Inc. - Common Stock",NASDAQ,United States
TKR,Timken Company (The) Common Stock,NYSE,United States
TIPT,Tiptree Inc. - Common Stock,NASDAQ,United States
TACH,Titan Acquisition Corp. - Class A Ordinary Shares,NASDAQ,United States
TTAM,Titan America SA Common Shares,NYSE,United States
TWI,"Titan International, Inc. (DE) Common Stock",NYSE,United States
TITN,Titan Machinery Inc. - Common Stock,NASDAQ,United States
TII,Titan Mining Corporation Common Shares,NYSE MKT,United States
TLSA,Tiziana Life Sciences Ltd - Common Shares,NASDAQ,United States
TOST,"Toast, Inc. Class A Common Stock",NYSE,United States
TC,Token Cat Limited - American Depositary Shares,NASDAQ,United States
TKLF,"Tokyo Lifestyle Co., Ltd. - American Depositary Shares",NASDAQ,United States
TOL,"Toll Brothers, Inc. Common Stock",NYSE,United States
TMP,Tompkins Financial Corporation Common Stock,NYSE MKT,United States
TNXP,Tonix Pharmaceuticals Holding Corp. - Common Stock,NASDAQ,United States
TR,"Tootsie Roll Industries, Inc. Common Stock",NYSE,United States
DPU,Top KingWin Ltd - Class A Ordinary Shares,NASDAQ,United States
TWG,Top Wealth Group Holding Limited - Class A Ordinary Shares,NASDAQ,United States
TOPP,Toppoint Holdings Inc. Common Stock,NYSE MKT,United States
TTC,Toro Company (The) Common Stock,NYSE,United States
TORO,Toro Corp. - Common stock,NASDAQ,United States
TD,Toronto Dominion Bank (The) Common Stock,NYSE,United States
CURV,Torrid Holdings Inc. Common Stock,NYSE,United States
TYG,Tortoise Energy Infrastructure Corporation Common Stock,NYSE,United States
TTE,TotalEnergies SE Ordinary Shares,NYSE,United States
TSEM,Tower Semiconductor Ltd. - Ordinary Shares,NASDAQ,United States
TOWN,Towne Bank - Common Stock,NASDAQ,United States
TSQ,"Townsquare Media, Inc. Class A Common Stock",NYSE,United States
TMH,Toyota Motor Corporation ADRhedged,NYSE ARCA,United States
TM,Toyota Motor Corporation Common Stock,NYSE,United States
TSCO,Tractor Supply Company - Common Stock,NASDAQ,United States
TW,Tradeweb Markets Inc. - Class A Common Stock,NASDAQ,United States
COOK,"Traeger, Inc. Common Stock",NYSE,United States
BLZR,Trailblazer Acquisition Corp. - Class A Ordinary Shares,NASDAQ,United States
TT,Trane Technologies plc,NYSE,United States
TACT,TransAct Technologies Incorporated - Common Stock,NASDAQ,United States
TAC,TransAlta Corporation Ordinary Shares,NYSE,United States
RNAZ,"TransCode Therapeutics, Inc. - Common Stock",NASDAQ,United States
TMDX,"TransMedics Group, Inc. - Common Stock",NASDAQ,United States
TRU,TransUnion Common Stock,NYSE,United States
TRNS,"Transcat, Inc. - Common Stock",NASDAQ,United States
TCI,"Transcontinental Realty Investors, Inc. Common Stock",NYSE,United States
TDG,Transdigm Group Incorporated Common Stock,NYSE,United States
TDAC,Translational Development Acquisition Corp. - Ordinary Shares,NASDAQ,United States
RIG,Transocean Ltd (Switzerland) Common Stock,NYSE,United States
TGS,Transportadora de Gas del Sur SA TGS Common Stock,NYSE,United States
TNL,Travel   Leisure Co. Common  Stock,NYSE,United States
TZOO,Travelzoo - Common Stock,NASDAQ,United States
TVTX,"Travere Therapeutics, Inc. - Common Stock",NASDAQ,United States
TRAW,"Traws Pharma, Inc. - Common Stock",NASDAQ,United States
TMCI,"Treace Medical Concepts, Inc. - Common Stock",NASDAQ,United States
TGL,Treasure Global Inc. - Common Stock,NASDAQ,United States
TG,Tredegar Corporation Common Stock,NYSE,United States
TGB,Trekor Metals Limited Common Shares,NYSE MKT,United States
TRVI,"Trevi Therapeutics, Inc. - Common Stock",NASDAQ,United States
TREX,"Trex Company, Inc. Common Stock",NYSE,United States
TY,Tri Continental Corporation Common Stock,NYSE,United States
TCBK,TriCo Bancshares - Common Stock,NASDAQ,United States
TRS,TriMas Corporation - Common Stock,NASDAQ,United States
TNET,"TriNet Group, Inc. Common Stock",NYSE,United States
TLSI,"TriSalus Life Sciences, Inc. - Common Stock",NASDAQ,United States
BID,Tribeca Strategic Acquisition Corp. - Class A Ordinary Shares,NASDAQ,United States
TDTH,Trident Digital Tech Holdings Ltd - Class B Ordinary Shares,NASDAQ,United States
ILLR,Triller Group Inc. - Common Stock,NASDAQ,United States
TMQ,Trilogy Metals Inc. Common Stock,NYSE MKT,United States
TRMB,Trimble Inc. - Common Stock,NASDAQ,United States
TRIB,Trinity Biotech plc - American Depositary Shares,NASDAQ,United States
TRIN,Trinity Capital Inc. Common Stock,NYSE,United States
TRN,"Trinity Industries, Inc. Common Stock",NYSE,United States
TPET,Trio Petroleum Corp. Common Stock,NYSE MKT,United States
TRT,Trio-Tech International - Common Stock,NASDAQ,United States
TCOM,Trip.com Group Limited - American Depositary Shares,NASDAQ,United States
TRIP,"TripAdvisor, Inc. - Common Stock",NASDAQ,United States
TFPM,Triple Flag Precious Metals Corp. Common Shares,NYSE,United States
TPVG,TriplePoint Venture Growth BDC Corp. Common Stock,NYSE,United States
TFIN,"Triumph Financial, Inc. Common Stock",NYSE,United States
TRON,Tron Inc. - Common Stock,NASDAQ,United States
TROX,Tronox Holdings plc Ordinary Shares (UK),NYSE,United States
TRUG,"TruGolf Holdings, Inc. - Class A Common Stock",NASDAQ,United States
TBI,"TrueBlue, Inc. Common Stock",NYSE,United States
TFC,Truist Financial Corporation Common Stock,NYSE,United States
TFC$I,Truist Financial Corporation Depositary Shares,NYSE,United States
TRLV,Trulieve Cannabis Corp. Subordinate Voting Shares,NYSE,United States
DJT,Trump Media & Technology Group Corp. - Common Stock,NASDAQ,United States
TRUP,"Trupanion, Inc. - Common Stock",NASDAQ,United States
THH,TryHard Holdings Limited - Ordinary Shares,NASDAQ,United States
TEN,Tsakos Energy Navigation Ltd Common Shares,NYSE,United States
HURA,"TuHURA Biosciences, Inc. - Common Stock",NASDAQ,United States
TCX,Tucows Inc. - Common Stock,NASDAQ,United States
TRSG,Tungray Technologies Inc - Class A Ordinary Shares,NASDAQ,United States
TOUR,Tuniu Corporation - American Depositary Shares,NASDAQ,United States
TURB,"Turbo Energy, S.A. - American Depositary Shares",NASDAQ,United States
TRBG,TurboGen Ltd. - Ordinary Shares,NASDAQ,United States
TKC,Turkcell Iletisim Hizmetleri AS Common Stock,NYSE,United States
TTRX,Turn Therapeutics Inc. - Common Stock,NASDAQ,United States
TPB,"Turning Point Brands, Inc. Common Stock",NYSE,United States
TBCH,Turtle Beach Corporation - Common Stock,NASDAQ,United States
TPC,Tutor Perini Corporation Common Stock,NYSE,United States
TUYA,"Tuya Inc. American Depositary Shares, each representing one Class A Ordinary Share",NYSE,United States
TVRD,"Tvardi Therapeutics, Inc. - Common Stock",NASDAQ,United States
TWLV,Twelve Seas Investment Company III - Class A Ordinary Shares,NASDAQ,United States
XXI,"Twenty One Capital, Inc. Class A Common Stock",NYSE,United States
TWLO,Twilio Inc. Class A Common Stock,NYSE,United States
TWIN,"Twin Disc, Incorporated - Common Stock",NASDAQ,United States
VEEE,Twin Vee PowerCats Co. - Common Stock,NASDAQ,United States
TWST,Twist Bioscience Corporation - Common Stock,NASDAQ,United States
TYL,"Tyler Technologies, Inc. Common Stock",NYSE,United States
TYRA,"Tyra Biosciences, Inc. - Common Stock",NASDAQ,United States
TSN,"Tyson Foods, Inc. Common Stock",NYSE,United States
UCAR,U Power Limited - Class A Ordinary Shares,NASDAQ,United States
UHAL,U-Haul Holding Company Common Stock,NYSE,United States
UHAL.B,U-Haul Holding Company Series N Non-Voting Common Stock,NYSE,United States
USB,U.S. Bancorp Common Stock,NYSE,United States
USB$H,U.S. Bancorp Depositary Shares repstg 1/1000th Pfd Ser B,NYSE,United States
USB$A,"U.S. Bancorp Depositary Shares, Each representing a 1/100th interest in a share of Series A Non-CumulativePerpetual Pfd Stock",NYSE,United States
GROW,"U.S. Global Investors, Inc. - Class A Common Stock",NASDAQ,United States
USAU,U.S. Gold Corp. - Common Stock,NASDAQ,United States
USGO,U.S. GoldMining Inc. - Common stock,NASDAQ,United States
USPH,"U.S. Physical Therapy, Inc. Common Stock",NYSE,United States
UBS,UBS Group AG Registered Ordinary Shares,NYSE,United States
UDR,"UDR, Inc. Common Stock",NYSE,United States
UFPI,"UFP Industries, Inc. - Common Stock",NASDAQ,United States
UFPT,"UFP Technologies, Inc. - Common Stock",NASDAQ,United States
UGI,UGI Corporation Common Stock,NYSE,United States
ULS,UL Solutions Inc. Class A Common Stock,NYSE,United States
UMBF,UMB Financial Corporation - Common Stock,NASDAQ,United States
UMH,"UMH Properties, Inc. Common Stock",NYSE,United States
UVE,UNIVERSAL INSURANCE HOLDINGS INC Common Stock,NYSE,United States
TIGR,UP Fintech Holding Limited - American Depositary Shares representing fifteen Class A Ordinary Shares,NASDAQ,United States
USFD,US Foods Holding Corp. Common Stock,NYSE,United States
USAR,"USA Rare Earth, Inc. - Common Stock",NASDAQ,United States
TDAY,"USA TODAY Co., Inc. Common Stock",NYSE,United States
USNA,"USANA Health Sciences, Inc. Common Stock",NYSE,United States
USBC,"USBC, Inc. Common Stock",NYSE MKT,United States
USCB,"USCB Financial Holdings, Inc.  - Class A Common Stock",NASDAQ,United States
UTSI,UTStarcom Holdings Corp - Ordinary Shares,NASDAQ,United States
FXHO,UTime Limited - Class A Ordinary Shares,NASDAQ,United States
UWMC,UWM Holdings Corporation Class A Common Stock,NYSE,United States
UYSC,UY Scuti Acquisition Corp. - Ordinary Shares,NASDAQ,United States
UBER,"Uber Technologies, Inc. Common Stock",NYSE,United States
UI,Ubiquiti Inc. Common Stock,NYSE,United States
UK,Ucommune International Ltd  - Class A Ordinary Shares,NASDAQ,United States
PATH,"UiPath, Inc. Class A Common Stock",NYSE,United States
ULTA,"Ulta Beauty, Inc. - Common Stock",NASDAQ,United States
UCTT,"Ultra Clean Holdings, Inc. - Common Stock",NASDAQ,United States
UMDD,UltraPro MidCap400,NYSE ARCA,United States
SDOW,UltraPro Short Dow30,NYSE ARCA,United States
SMDD,UltraPro Short MidCap400,NYSE ARCA,United States
RARE,Ultragenyx Pharmaceutical Inc. - Common Stock,NASDAQ,United States
ULBI,Ultralife Corporation - Common Stock,NASDAQ,United States
UGP,Ultrapar Participacoes S.A. (New) American Depositary Shares (Each representing one Common Share),NYSE,United States
UAA,"Under Armour, Inc. Class A Common Stock",NYSE,United States
UA,"Under Armour, Inc. Class C Common Stock",NYSE,United States
UFG,Uni-Fuels Holdings Limited - Class A Ordinary Shares,NASDAQ,United States
UNCY,"Unicycive Therapeutics, Inc. - Common Stock",NASDAQ,United States
UFI,"Unifi, Inc. New Common Stock",NYSE,United States
UNF,Unifirst Corporation Common Stock,NYSE,United States
UL,Unilever PLC American Depositary Shares (each representing One Ordinary Share),NYSE,United States
UNB,"Union Bankshares, Inc. - Common Stock",NASDAQ,United States
UNP,Union Pacific Corporation Common Stock,NYSE,United States
UIS,Unisys Corporation New Common Stock,NYSE,United States
UVV,Universal Corporation Common Stock,NYSE,United States
OLED,Universal Display Corporation - Common Stock,NASDAQ,United States
UEIC,Universal Electronics Inc. - Common Stock,NASDAQ,United States
UHS,"Universal Health Services, Inc. Common Stock",NYSE,United States
ULH,"Universal Logistics Holdings, Inc. - Common Stock",NASDAQ,United States
UUU,"Universal Safety Products, Inc. Common Stock",NYSE MKT,United States
UTI,Universal Technical Institute Inc Common Stock,NYSE,United States
UPC,Universe Pharmaceuticals Inc - Class A Ordinary Shares,NASDAQ,United States
UVSP,Univest Financial Corporation - Common Stock,NASDAQ,United States
UNM,Unum Group Common Stock,NYSE,United States
UMAC,"Unusual Machines, Inc. Common Stock",NYSE MKT,United States
UPBD,"Upbound Group, Inc. - Common Stock",NASDAQ,United States
UPXI,"Upexi, Inc. - Common Stock",NASDAQ,United States
UPLD,"Upland Software, Inc. - Common Stock",NASDAQ,United States
UPST,"Upstart Holdings, Inc. - Common stock",NASDAQ,United States
UPB,"Upstream Bio, Inc. - Common Stock",NASDAQ,United States
UPWK,Upwork Inc. - Common Stock,NASDAQ,United States
URG,Ur Energy Inc Common Shares (Canada),NYSE MKT,United States
UEC,Uranium Energy Corp. Common Stock,NYSE MKT,United States
UROY,Uranium Royalty Corp. - Common Stock,NASDAQ,United States
UE,Urban Edge Properties Common Shares of Beneficial Interest,NYSE,United States
UONE,"Urban One, Inc.  - Class A Common Stock",NASDAQ,United States
UONEK,"Urban One, Inc.  - Class D Common Stock",NASDAQ,United States
URBN,"Urban Outfitters, Inc. - Common Stock",NASDAQ,United States
URGN,UroGen Pharma Ltd. - Ordinary Shares,NASDAQ,United States
USIO,"Usio, Inc. - Common Stock",NASDAQ,United States
UTMD,"Utah Medical Products, Inc. - Common Stock",NASDAQ,United States
UTZ,Utz Brands Inc Class A Common Stock,NYSE,United States
UXIN,Uxin Limited - American Depositary Shares,NASDAQ,United States
VFC,V.F. Corporation Common Stock,NYSE,United States
VVX,"V2X, Inc. Common Stock",NYSE,United States
EGY,"VAALCO Energy, Inc.  Common Stock",NYSE,United States
VALE,VALE S.A.  American Depositary Shares Each Representing one common share,NYSE,United States
VCIG,VCI Global Limited - Ordinary Share,NASDAQ,United States
VEON,VEON Ltd. - American Depositary Shares,NASDAQ,United States
VICI,VICI Properties Inc. Common Stock,NYSE,United States
VIDA,VIDA Global Inc. Class A Common Stock,NYSE MKT,United States
VNET,"VNET Group, Inc. - American Depositary Shares",NASDAQ,United States
VSME,VS Media Holdings Limited - Class A Ordinary Shares,NASDAQ,United States
VSEC,VSE Corporation - Common Stock,NASDAQ,United States
VTEX,VTEX Class A Common Shares,NYSE,United States
MTN,"Vail Resorts, Inc. Common Stock",NYSE,United States
VAL,Valaris Limited Common Shares,NYSE,United States
VLN,Valens Semiconductor Ltd. Ordinary Shares,NYSE,United States
VLO,Valero Energy Corporation Common Stock,NYSE,United States
VHI,"Valhi, Inc. Common Stock",NYSE,United States
VBIO,"Valion Bio, Inc. - Common stock",NASDAQ,United States
VLY,Valley National Bancorp - Common Stock,NASDAQ,United States
VMI,"Valmont Industries, Inc. Common Stock",NYSE,United States
VALN,Valneva SE - American Depositary Shares,NASDAQ,United States
VAI,Valor Energy Incorporated - Common Stock,NASDAQ,United States
VALU,"Value Line, Inc. - Common Stock",NASDAQ,United States
VVV,Valvoline Inc. Common Stock,NYSE,United States
VNDA,Vanda Pharmaceuticals Inc. - Common Stock,NASDAQ,United States
VNTG,Vantage Corp Class A Ordinary Shares,NYSE MKT,United States
VREX,Varex Imaging Corporation - Common Stock,NASDAQ,United States
VRNS,"Varonis Systems, Inc. - Common Stock",NASDAQ,United States
PCVX,"Vaxcyte, Inc. - Common Stock",NASDAQ,United States
VEEA,Veea Inc. - Common Stock,NASDAQ,United States
VECO,Veeco Instruments Inc. - Common Stock,NASDAQ,United States
VEEV,Veeva Systems Inc. Class A Common Stock,NYSE,United States
VELO,"Velo3D, Inc. - Common stock",NASDAQ,United States
VEL,"Velocity Financial, Inc. Common Stock",NYSE,United States
VLOS,Velos Acquisition I Corp. - Class A Ordinary shares,NASDAQ,United States
VHUB,"VenHub Global, Inc. - Common Stock",NASDAQ,United States
VNME,Vendome Acquisition Corporation I - Class A Ordinary Shares,NASDAQ,United States
VTR,"Ventas, Inc. Common Stock",NYSE,United States
VG,"Venture Global, Inc. Class A common stock",NYSE,United States
VENU,Venu Holding Corporation Common Stock,NYSE MKT,United States
VRA,"Vera Bradley, Inc. - Common Stock",NASDAQ,United States
VERA,"Vera Therapeutics, Inc. - Class A Common Stock",NASDAQ,United States
VCYT,"Veracyte, Inc. - Common Stock",NASDAQ,United States
MANE,"Veradermics, Incorporated Common Stock",NYSE,United States
VLTO,Veralto Corp Common Stock,NYSE,United States
VSTM,"Verastem, Inc. - Common Stock",NASDAQ,United States
VRXA,Veraxa Biotech AG - Ordinary Shares,NASDAQ,United States
VGAS,"Verde Clean Fuels, Inc. - Class A Common Stock",NASDAQ,United States
VRSN,"VeriSign, Inc. - Common Stock",NASDAQ,United States
VCEL,Vericel Corporation - Common Stock,NASDAQ,United States
VRME,"VerifyMe, Inc. - Common Stock",NASDAQ,United States
VRSK,"Verisk Analytics, Inc. - Common Stock",NASDAQ,United States
VERI,"Veritone, Inc. - Common Stock",NASDAQ,United States
VZ,Verizon Communications Inc. Common Stock,NYSE,United States
VET,Vermilion Energy Inc. Common (Canada),NYSE,United States
VECA,Vernal Capital Acquisition Corp. Ordinary Shares,NYSE,United States
VRRM,Verra Mobility Corporation - Class A Common Stock,NASDAQ,United States
VRCA,Verrica Pharmaceuticals Inc. - Common Stock,NASDAQ,United States
VBNK,VersaBank - Common Shares,NASDAQ,United States
VMET,Versamet Royalties Corporation - Common Stock,NASDAQ,United States
VSNT,"Versant Media Group, Inc. - Class A Common Stock",NASDAQ,United States
VGNT,Versigent PLC Ordinary Shares,NYSE,United States
VS,Versus Systems Inc. - Common Stock,NASDAQ,United States
VRTX,Vertex Pharmaceuticals Incorporated - Common Stock,NASDAQ,United States
VERX,"Vertex, Inc. - Class A Common Stock",NASDAQ,United States
EVTL,Vertical Aerospace Ltd. Ordinary Shares,NYSE,United States
VRT,"Vertiv Holdings, LLC Class A Common Stock",NYSE,United States
VERU,Veru Inc. - Common Stock,NASDAQ,United States
VSTS,Vestis Corporation Common Stock,NYSE,United States
VIA,"Via Transportation, Inc. Class A Common Stock",NYSE,United States
VSAT,"ViaSat, Inc. - Common Stock",NASDAQ,United States
DSP,Viant Technology Inc. - common stock,NASDAQ,United States
VTRS,Viatris Inc. - Common Stock,NASDAQ,United States
VIAV,Viavi Solutions Inc. - Common Stock,NASDAQ,United States
VICR,Vicor Corporation - Common Stock,NASDAQ,United States
VCRE,Vicore Pharma Holding AB - American Depositary Shares,NASDAQ,United States
VSXY,Victorias Secret & Co. Common Stock,NYSE,United States
VCTR,"Victory Capital Holdings, Inc. - Common Stock",NASDAQ,United States
VMD,"Viemed Healthcare, Inc. - Common Shares",NASDAQ,United States
VACI,Viking Acquisition Corp. I Class A Ordinary Shares,NYSE,United States
VII,Viking Acquisition Corp. II Class A Ordinary Shares,NYSE,United States
VIK,Viking Holdings Ltd Ordinary Shares,NYSE,United States
VKTX,"Viking Therapeutics, Inc. - Common Stock",NASDAQ,United States
VFF,"Village Farms International, Inc. - Common Shares",NASDAQ,United States
VLGEA,"Village Super Market, Inc. - Class A Common Stock",NASDAQ,United States
VFS,VinFast Auto Ltd. - Ordinary Shares,NASDAQ,United States
VNCE,Vince Holding Corp. - Common Stock,NASDAQ,United States
VINP,Vinci Compass Investments Ltd. - Class A Common Shares,NASDAQ,United States
VHCP,Vine Hill Capital Investment Corp. II - Class A Ordinary Shares,NASDAQ,United States
VIOT,"Viomi Technology Co., Ltd - American Depositary Shares",NASDAQ,United States
VNOM,"Viper Energy, Inc.  - Class A Common Stock",NASDAQ,United States
VIPS,"Vipshop Holdings Limited American Depositary Shares, each representing two ordinary shares",NYSE,United States
VIR,"Vir Biotechnology, Inc. - Common Stock",NASDAQ,United States
VTSI,"VirTra, Inc. - Common Stock",NASDAQ,United States
VRAX,Virax Biolabs Group Limited - Ordinary Shares,NASDAQ,United States
VIRC,Virco Manufacturing Corporation - Common Stock,NASDAQ,United States
SPCE,"Virgin Galactic Holdings, Inc. Common Stock",NYSE,United States
VABK,Virginia National Bankshares Corporation - Common Stock,NASDAQ,United States
VRDN,"Viridian Therapeutics, Inc.  - Common Stock",NASDAQ,United States
VHC,VirnetX Holding Corp - Common Stock,NASDAQ,United States
VIRT,"Virtu Financial, Inc. Class A Common Stock",NYSE,United States
VTIX,Virtuix Holdings Inc. - Class A Common Stock,NASDAQ,United States
VRTS,"Virtus Investment Partners, Inc. Common Stock",NYSE,United States
V,Visa Inc.,NYSE,United States
VSH,"Vishay Intertechnology, Inc. Common Stock",NYSE,United States
VPG,"Vishay Precision Group, Inc. Common Stock",NYSE,United States
VMAR,Vision Marine Technologies Inc. - Common Shares,NASDAQ,United States
VSA,VisionSys AI Inc. - American Depositary Shares,NASDAQ,United States
VWAV,"VisionWave Holdings, Inc. - Common Stock",NASDAQ,United States
VIST,"Vista Energy S.A.B. de C.V. American Depositary Shares, each representing one series A share, with no par value",NYSE,United States
VGZ,Vista Gold Corp Common Stock,NYSE MKT,United States
VTGN,"Vistagen Therapeutics, Inc. - Common Stock",NASDAQ,United States
VISN,"Vistance Networks, Inc.  - Common Stock",NASDAQ,United States
VC,Visteon Corporation - Common Stock,NASDAQ,United States
VST,Vistra Corp. Common Stock,NYSE,United States
VITL,"Vital Farms, Inc. - Common Stock",NASDAQ,United States
VTS,"Vitesse Energy, Inc. Common Stock",NYSE,United States
VIVK,"Vivakor, Inc. - Common Stock",NASDAQ,United States
VANI,"Vivani Medical, Inc.  - Common Stock",NASDAQ,United States
SEAT,Vivid Seats Inc. - Class A common stock,NASDAQ,United States
VMRK,Vivmark Residential Common Shares of Beneficial Interest,NYSE,United States
VIVO,VivoPower PLC - Class A Ordinary Shares,NASDAQ,United States
VIVS,"VivoSim Labs, Inc. - Common Stock",NASDAQ,United States
VVOS,"Vivos Therapeutics, Inc. - Common Stock",NASDAQ,United States
VZLA,Vizsla Silver Corp. Common Shares,NYSE MKT,United States
VOD,Vodafone Group Plc - American Depositary Shares each representing ten Ordinary Shares,NASDAQ,United States
VOGX,Vogenx Inc - Common Stock,NASDAQ,United States
SOAR,"Volato Group, Inc. Class A Common Stock",NYSE MKT,United States
VNRX,VolitionRX Limited Common Stock,NYSE MKT,United States
VNT,Vontier Corporation Common Stock,NYSE,United States
VOR,Vor Biopharma Inc. - Common Stock,NASDAQ,United States
VOXR,Vox Royalty Corp. - common stock,NASDAQ,United States
VOYA,"Voya Financial, Inc. Common Stock",NYSE,United States
VOYG,"Voyager Technologies, Inc. Class A Common Stock",NYSE,United States
VYGR,"Voyager Therapeutics, Inc. - Common Stock",NASDAQ,United States
VRM,"Vroom, Inc. - Common Stock",NASDAQ,United States
VIP,Vulcan Infrastructure and Power Inc. - Class A Common Stock,NASDAQ,United States
VMC,Vulcan Materials Company (Holding Company) Common Stock,NYSE,United States
VUZI,Vuzix Corporation  - Common Stock,NASDAQ,United States
HIND,"Vyome Holdings, Inc. - Common Stock",NASDAQ,United States
WTI,"W&T Offshore, Inc. Common Stock",NYSE,United States
WPC,W. P. Carey Inc. REIT,NYSE,United States
WRB,W.R. Berkley Corporation Common Stock,NYSE,United States
GWW,"W.W. Grainger, Inc. Common Stock",NYSE,United States
WDFC,WD-40 Company - Common Stock,NASDAQ,United States
WBTN,WEBTOON Entertainment Inc. - Common stock,NASDAQ,United States
WBUY,WEBUY GLOBAL LTD. - Class A Ordinary Shares,NASDAQ,United States
WEC,"WEC Energy Group, Inc. Common Stock",NYSE,United States
WCC,"WESCO International, Inc. Common Stock",NYSE,United States
WEX,WEX Inc. common stock,NYSE,United States
WFF,WF Holding Limited - Ordinary Shares,NASDAQ,United States
WXM,WF International Limited - Ordinary Shares,NASDAQ,United States
WKEY,WISeKey International Holding Ltd - American Depositary Shares,NASDAQ,United States
WOK,WORK Medical Technology Group LTD - Class A Ordinary Shares,NASDAQ,United States
WPP,WPP plc American Depositary Shares,NYSE,United States
WSFS,WSFS Financial Corporation - Common Stock,NASDAQ,United States
WW,"WW International, Inc.  - Common Stock",NASDAQ,United States
WAFD,"WaFd, Inc. - Common Stock",NASDAQ,United States
WAFDP,"WaFd, Inc. - Depositary Shares",NASDAQ,United States
WNC,Wabash National Corporation Common Stock,NYSE,United States
WAFU,Wah Fu Education Group Limited - Ordinary Shares,NASDAQ,United States
WALD,Waldencast plc - Class A Ordinary Share,NASDAQ,United States
WD,"Walker & Dunlop, Inc Common Stock",NYSE,United States
WBX,Wallbox N.V. Class A Ordinary Shares,NYSE,United States
WMT,Walmart Inc. - Common Stock,NASDAQ,United States
DIS,Walt Disney Company (The) Common Stock,NYSE,United States
WRBY,Warby Parker Inc. Class A Common Stock,NYSE,United States
WBD,"Warner Bros. Discovery, Inc. - Series A Common Stock",NASDAQ,United States
WMG,Warner Music Group Corp. - Class A Common Stock,NASDAQ,United States
HCC,"Warrior Met Coal, Inc. Common Stock",NYSE,United States
WCN,"Waste Connections, Inc. Common Shares",NYSE,United States
WM,"Waste Management, Inc. Common Stock",NYSE,United States
WBI,WaterBridge Infrastructure LLC Class A Shares Representing Limited Liability Company Interests,NYSE,United States
WAT,Waters Corporation Common Stock,NYSE,United States
WSBF,"Waterstone Financial, Inc. - Common Stock",NASDAQ,United States
WTF,Waton Financial Limited - Ordinary Shares,NASDAQ,United States
WSO.B,"Watsco, Inc. Class B Common Stock",NYSE,United States
WSO,"Watsco, Inc. Common Stock",NYSE,United States
WTS,"Watts Water Technologies, Inc. Class A Common Stock",NYSE,United States
WVE,"Wave Life Sciences, Inc. - Common Stock",NASDAQ,United States
W,Wayfair Inc. Class A Common Stock,NYSE,United States
WAY,Waystar Holding Corp. - Common Stock,NASDAQ,United States
WRD,WeRide Inc. - American Depositary Shares,NASDAQ,United States
WSHP,WeShop Holdings Limited - Class A Ordinary Shares,NASDAQ,United States
WLTH,Wealthfront Corporation - Common Stock,NASDAQ,United States
WLDS,Wearable Devices Ltd. - Ordinary Share,NASDAQ,United States
WFRD,Weatherford International plc - Ordinary shares,NASDAQ,United States
WEAV,"Weave Communications, Inc. Common Stock",NYSE,United States
BULL,Webull Corporation - Class A Ordinary Shares,NASDAQ,United States
WB,Weibo Corporation - American Depositary Shares,NASDAQ,United States
WMK,"Weis Markets, Inc. Common Stock",NYSE,United States
WCT,Wellchange Holdings Company Limited - Class A Ordinary shares,NASDAQ,United States
WFC,Wells Fargo & Company Common Stock,NYSE,United States
WELL,Welltower Inc. Common Stock,NYSE,United States
WENN,Wen Acquisition Corp - Class A Ordinary Shares,NASDAQ,United States
WEN,Wendy's Company (The) - Common Stock,NASDAQ,United States
HOWL,"Werewolf Therapeutics, Inc. - Common Stock",NASDAQ,United States
WERN,"Werner Enterprises, Inc. - Common Stock",NASDAQ,United States
WSBC,"WesBanco, Inc. - Common Stock",NASDAQ,United States
WTBA,West Bancorporation - Common Stock,NASDAQ,United States
WENC,West Enclave Merger Corp. Ordinary Shares,NYSE,United States
WFG,West Fraser Timber Co. Ltd Common stock,NYSE,United States
WST,"West Pharmaceutical Services, Inc. Common Stock",NYSE,United States
WABC,Westamerica Bancorporation - Common Stock,NASDAQ,United States
WAL,Western Alliance Bancorporation Common Stock (DE),NYSE,United States
WRN,Western Copper and Gold Corporation Common Stock,NYSE MKT,United States
WDC,Western Digital Corporation - Common Stock,NASDAQ,United States
WNEB,"Western New England Bancorp, Inc. - Common Stock",NASDAQ,United States
WU,Western Union Company (The) Common Stock,NYSE,United States
WSTN,Westin Acquisition Corp - Class A Ordinary Share,NASDAQ,United States
WAB,Westinghouse Air Brake Technologies Corporation Common Stock,NYSE,United States
WLK,Westlake Corporation Common Stock,NYSE,United States
WPRT,Westport Fuel Systems Inc - Common Shares,NASDAQ,United States
WEST,Westrock Coffee Company - Common Stock,NASDAQ,United States
WWR,"Westwater Resources, Inc. Common Stock",NYSE MKT,United States
WHG,Westwood Holdings Group Inc Common Stock,NYSE,United States
WETH,Wetouch Technology Inc. - Common Stock,NASDAQ,United States
WETO,Wetour Robotics Limited - Ordinary Shares,NASDAQ,United States
WEYS,"Weyco Group, Inc. - Common Stock",NASDAQ,United States
WY,Weyerhaeuser Company Common Stock,NYSE,United States
WPM,Wheaton Precious Metals Corp Common Shares (Canada),NYSE,United States
UP,Wheels Up Experience Inc. Class A Common Stock,NYSE,United States
WFCF,"Where Food Comes From, Inc. - Common Stock",NASDAQ,United States
WHR,Whirlpool Corporation Common Stock,NYSE,United States
WTM,"White Mountains Insurance Group, Ltd. Common Stock",NYSE,United States
WPAC,White Pearl Acquisition Corp. Class A Ordinary Shares,NYSE,United States
WYFI,"WhiteFiber, Inc. - Ordinary Shares",NASDAQ,United States
WHK,WhiteHawk Minerals Corp Class A Common Stock,NYSE,United States
WHWK,"Whitehawk Therapeutics, Inc. - Common Stock",NASDAQ,United States
WIMI,WiMi Hologram Cloud Inc. - Class B Ordinary Shares,NASDAQ,United States
WYY,WidePoint Corporation Common Stock,NYSE MKT,United States
WLCO,Wilco 63 Corporation - Class A Ordinary Shares,NASDAQ,United States
WSC,WillScot Holdings Corporation - Class A Common Stock,NASDAQ,United States
WVVI,"Willamette Valley Vineyards, Inc. - Common Stock",NASDAQ,United States
WLDN,"Willdan Group, Inc. - Common Stock",NASDAQ,United States
WMB,"Williams Companies, Inc. (The) Common Stock",NYSE,United States
WSM,"Williams-Sonoma, Inc. Common Stock (DE)",NYSE,United States
WLFC,Willis Lease Finance Corporation - Common Stock,NASDAQ,United States
WTW,Willis Towers Watson Public Limited Company - Ordinary Shares,NASDAQ,United States
WLII,Willow Lane Acquisition Corp. II - Class A Ordinary Shares,NASDAQ,United States
WSBK,"Winchester Bancorp, Inc. - Common Stock",NASDAQ,United States
WYHG,Wing Yip Food Holdings Group Limited - American Depositary Shares,NASDAQ,United States
WING,Wingstop Inc. - Common Stock,NASDAQ,United States
WINA,Winmark Corporation - Common Stock,NASDAQ,United States
WGO,"Winnebago Industries, Inc. Common Stock",NYSE,United States
WTG,Wintergreen Acquisition Corp. - Ordinary Shares,NASDAQ,United States
WIT,Wipro Limited Common Stock,NYSE,United States
WT,"WisdomTree, Inc. Common Stock",NYSE,United States
WSE,Wise Group plc - Class A Ordinary Shares,NASDAQ,United States
WIX,Wix.com Ltd. - Ordinary Shares,NASDAQ,United States
WOLF,"Wolfspeed, Inc. Common Stock New",NYSE,United States
WWW,"Wolverine World Wide, Inc. Common Stock",NYSE,United States
WDS,"Woodside Energy Group Limited American Depositary Shares, each representing one Ordinary Share",NYSE,United States
WWD,"Woodward, Inc. - Common Stock",NASDAQ,United States
WF,Woori Financial Group Inc. American Depositary Shares (each representing three (3) shares of Common Stock),NYSE,United States
WDAY,"Workday, Inc. - Class A Common Stock",NASDAQ,United States
WKHS,"Workhorse Group, Inc. - Common Stock",NASDAQ,United States
WK,Workiva Inc. Class A Common Stock,NYSE,United States
WKSP,"Worksport, Ltd. - Common Stock",NASDAQ,United States
WRLD,World Acceptance Corporation - Common Stock,NASDAQ,United States
WKC,World Kinect Corporation Common Stock,NYSE,United States
WOR,"Worthington Enterprises, Inc. Common Shares",NYSE,United States
WS,"Worthington Steel, Inc. Common Shares",NYSE,United States
WRAP,"Wrap Technologies, Inc. - Common Stock",NASDAQ,United States
WH,"Wyndham Hotels & Resorts, Inc. Common Stock",NYSE,United States
WYNN,"Wynn Resorts, Limited - Common Stock",NASDAQ,United States
XYF,"X Financial American Depositary Shares, each representing six Class A Ordinary Shares",NYSE,United States
XE,"X-Energy, Inc. - Class A Common Stock",NASDAQ,United States
XCBE,X3 Acquisition Corp. Ltd. - Class A Ordinary Shares,NASDAQ,United States
XFOR,"X4 Pharmaceuticals, Inc. - Common Stock",NASDAQ,United States
XBP,"XBP Global Holdings, Inc. - Common Stock",NASDAQ,United States
XBIT,XBiotech Inc. - Common Stock,NASDAQ,United States
SAFX,"XCF Global, Inc. - Class A Common Stock",NASDAQ,United States
XCH,XCHG Limited - ADS,NASDAQ,United States
XHG,XChange TEC.INC - American Depositary Shares,NASDAQ,United States
XFLH,XFLH Capital Corporation Ordinary Shares,NYSE,United States
AIXI,XIAO-I Corporation - American Depositary Shares,NASDAQ,United States
XMAX,"XMAX, Inc. - Common Stock",NASDAQ,United States
XRTX,XORTX Therapeutics Inc. - Common Shares,NASDAQ,United States
XP,XP Inc. - Class A Common Stock,NASDAQ,United States
XPEL,"XPEL, Inc. - Common Stock",NASDAQ,United States
XPO,"XPO, Inc. Common Stock",NYSE,United States
XPEV,"XPeng Inc. American depositary shares, each representing two Class A ordinary shares",NYSE,United States
XTIA,"XTI Aerospace, Inc. Common Stock  - Common Stock",NASDAQ,United States
XTLB,XTL Biopharmaceuticals Ltd. - American Depositary Shares,NASDAQ,United States
XWEL,"XWELL, Inc. - Common Stock",NASDAQ,United States
XNDU,Xanadu Quantum Technologies Limited - Class B Subordinate Voting Shares,NASDAQ,United States
XELB,"Xcel Brands, Inc - Common Stock",NASDAQ,United States
XEL,Xcel Energy Inc. - Common Stock,NASDAQ,United States
XNCR,"Xencor, Inc. - Common Stock",NASDAQ,United States
XBIO,"Xenetic Biosciences, Inc. - Common Stock",NASDAQ,United States
XHR,"Xenia Hotels & Resorts, Inc. Common Stock",NYSE,United States
XENE,Xenon Pharmaceuticals Inc. - Common Shares,NASDAQ,United States
XERS,"Xeris Biopharma Holdings, Inc. - Common Stock",NASDAQ,United States
XRX,Xerox Holdings Corporation - Common Stock,NASDAQ,United States
XLO,"Xilio Therapeutics, Inc. - Common Stock",NASDAQ,United States
XMTR,"Xometry, Inc. - Class A Common Stock",NASDAQ,United States
XOS,"Xos, Inc. - Common Stock",NASDAQ,United States
XPER,Xperi Inc. Common Stock,NYSE,United States
XPOF,"Xponential Fitness, Inc. Class A Common Stock",NYSE,United States
XSLL,Xsolla SPAC 1 - Class A Ordinary Shares,NASDAQ,United States
XTNT,"Xtant Medical Holdings, Inc. Common Stock",NYSE MKT,United States
XTND,"Xtend AI Robotics, Inc. Common Stock",NYSE,United States
XNET,Xunlei Limited - American Depositary Shares,NASDAQ,United States
XYL,Xylem Inc. Common Stock New,NYSE,United States
YDES,YD Bio Limited - Ordinary Shares,NASDAQ,United States
YETI,"YETI Holdings, Inc. Common Stock",NYSE,United States
YHNA,YHN Acquisition I Limited - Ordinary Shares,NASDAQ,United States
YPF,YPF Sociedad Anonima American Depositary Shares,NYSE,United States
YSXT,"YSX Tech. Co., Ltd  - Class A Ordinary Shares",NASDAQ,United States
YXT,YXT.COM GROUP HOLDING LIMITED - American Depository Shares,NASDAQ,United States
YFOR,YYForce Inc. - Class A Ordinary Shares,NASDAQ,United States
YALA,"Yalla Group Limited American Depositary Shares, each representing one Class A Ordinary Share",NYSE,United States
YARW,"Yarrow Bioscience, Inc. - Common Stock",NASDAQ,United States
YTRA,"Yatra Online, Inc. - Ordinary Shares",NASDAQ,United States
YSG,"Yatsen Holding Limited American Depositary Shares, each representing twenty (20) Class A Ordinary Shares",NYSE,United States
YELP,Yelp Inc. Common Stock,NYSE,United States
YSWY,"Yesway, Inc. - Class A Common Stock",NASDAQ,United States
YEXT,"Yext, Inc. Common Stock",NYSE,United States
YMT,Yimutian Inc. - American Depositary Shares; each representing 25 Class A ordinary shares,NASDAQ,United States
YRD,"Yiren Digital Ltd. American Depositary Shares, each representing two ordinary shares",NYSE,United States
YSS,York Space Systems Inc. Common Stock,NYSE,United States
MCGA,Yorkville Acquisition Corp. - Class A Ordinary Share,NASDAQ,United States
YICC,Yorkville International Capital Corp. - Class A Ordinary Shares,NASDAQ,United States
DAO,"Youdao, Inc. American Depositary Shares, each representing one Class A Ordinary Share",NYSE,United States
YOUL,Youlife Group Inc. - American Depositary Shares,NASDAQ,United States
YAAS,Youxin Technology Ltd - Class A Ordinary shares,NASDAQ,United States
YB,Yuanbao Inc. - American Depositary Shares,NASDAQ,United States
YDKG,Yueda Digital Holding - Class A Ordinary Share,NASDAQ,United States
YUMC,"Yum China Holdings, Inc. Common Stock",NYSE,United States
YUM,"Yum! Brands, Inc.",NYSE,United States
YHGJ,Yunhong Green CTI Ltd. - Common Stock,NASDAQ,United States
YJ,Yunji Inc. - American Depository Shares,NASDAQ,United States
ZSQR,Z Squared Inc. - Common Stock,NASDAQ,United States
ZIM,ZIM Integrated Shipping Services Ltd. Ordinary Shares,NYSE,United States
ZJK,"ZJK Industrial Co., Ltd. - Class A Ordinary Shares",NASDAQ,United States
ZKIN,"ZK International Group Co., Ltd - Ordinary Share",NASDAQ,United States
ZKH,"ZKH Group Limited American Depositary Shares, each representing thirty-five (35) Class A Ordinary Shares",NYSE,United States
ZOOZ,ZOOZ Strategy Ltd. - Ordinary Shares,NASDAQ,United States
ZTO,"ZTO Express (Cayman) Inc. American Depositary Shares, each representing one Class A ordinary share.",NYSE,United States
CNET,ZW Data Action Technologies Inc. - Common Stock,NASDAQ,United States
ZLAB,Zai Lab Limited - American Depositary Shares,NASDAQ,United States
ZBRA,Zebra Technologies Corporation - Class A Common Stock,NASDAQ,United States
ZDGE,"Zedge, Inc. Class B Common Stock",NYSE MKT,United States
ZENA,"ZenaTech, Inc. - Common Stock",NASDAQ,United States
ZBIO,"Zenas BioPharma, Inc. - Common Stock",NASDAQ,United States
ZTG,Zenta Group Company Limited - Class A Ordinary Shares,NASDAQ,United States
ZNTL,"Zentalis Pharmaceuticals, Inc. - common stock",NASDAQ,United States
ZEO,Zeo Energy Corporation - Class A Common Stock,NASDAQ,United States
ZEPP,"Zepp Health Corporation American depositary shares, each representing sixteen Class A ordinary shares",NYSE,United States
ZSTK,ZeroStack Corp. - Common Stock,NASDAQ,United States
ZETA,Zeta Global Holdings Corp. Class A Common Stock,NYSE,United States
ZNB,Zeta Network Group - Class A Ordinary Shares,NASDAQ,United States
ZVIA,Zevia PBC Class A Common Stock,NYSE,United States
ZVRA,"Zevra Therapeutics, Inc.  - Common Stock",NASDAQ,United States
ZYBT,Zhengye Biotechnology Holding Limited - Class A Ordinary Shares,NASDAQ,United States
ZBAO,Zhibao Technology Inc. - Class A Ordinary Shares,NASDAQ,United States
ZH,"Zhihu Inc. American Depositary Shares, each representing three (3) Class A Ordinary Shares",NYSE,United States
ZCMD,Zhongchao Inc. - Class A Ordinary Shares,NASDAQ,United States
ZD,"Ziff Davis, Inc. - Common Stock",NASDAQ,United States
ZG,"Zillow Group, Inc. - Class A Common Stock",NASDAQ,United States
Z,"Zillow Group, Inc. - Class C Capital Stock",NASDAQ,United States
ZBH,"Zimmer Biomet Holdings, Inc. Common Stock",NYSE,United States
ZION,Zions Bancorporation N.A. - Common Stock,NASDAQ,United States
ZIP,"ZipRecruiter, Inc. Class A Common Stock",NYSE,United States
ZTS,Zoetis Inc. Class A Common Stock,NYSE,United States
ZONE,Zone Frontier Inc. Class B Common Stock,NYSE MKT,United States
ZM,"Zoom Communications, Inc. - Class A Common Stock",NASDAQ,United States
GTM,ZoomInfo Technologies Inc. - Common Stock,NASDAQ,United States
ZS,"Zscaler, Inc. - Common Stock",NASDAQ,United States
ZUMZ,Zumiez Inc. - Common Stock,NASDAQ,United States
ZURA,Zura Bio Limited - Class A Ordinary shares,NASDAQ,United States
ZWS,Zurn Elkay Water Solutions Corporation Common Stock,NYSE,United States
ZYME,Zymeworks Inc. - Common Stock,NASDAQ,United States
AKA,a.k.a. Brands Holding Corp. Common Stock,NYSE,United States
ATYR,"aTyr Pharma, Inc. - Common Stock",NASDAQ,United States
HQH,abrdn Healthcare Investors Shares of Beneficial Interest,NYSE,United States
HQL,abrdn Life Sciences Investors Shares of Beneficial Interest,NYSE,United States
AGL,"agilon health, inc. Common Stock",NYSE,United States
ARGX,argenx SE - American Depositary Shares,NASDAQ,United States
AUID,authID Inc. - Common Stock,NASDAQ,United States
BIAF,"bioAffinity Technologies, Inc. - Common Stock",NASDAQ,United States
YCBD,"cbdMD, Inc. Common Stock",NYSE MKT,United States
SCOR,"comScore, Inc. - Common Stock",NASDAQ,United States
ELF,"e.l.f. Beauty, Inc. Common Stock",NYSE,United States
EBAY,eBay Inc. - Common Stock,NASDAQ,United States
EGAN,eGain Corporation - Common Stock,NASDAQ,United States
EHTH,"eHealth, Inc. - Common Stock",NASDAQ,United States
PLUS,ePlus inc. - Common Stock,NASDAQ,United States
ETOR,eToro Group Ltd. - Class A Common Shares,NASDAQ,United States
EXOZ,eXoZymes Inc. - Common Stock,NASDAQ,United States
ECOR,"electroCore, Inc. - Common Stock",NASDAQ,United States
EU,enCore Energy Corp. - Common Stock,NASDAQ,United States
ENGN,enGene Therapeutics Inc. - Common Stock,NASDAQ,United States
NVNO,enVVeno Medical Corporation - Common Stock,NASDAQ,United States
FLYX,"flyExclusive, Inc. Class A Common Stock",NYSE MKT,United States
IAUX,i-80 Gold Corp. Common Shares,NYSE MKT,United States
IIIV,"i3 Verticals, Inc. - Common Stock",NASDAQ,United States
IBIO,"iBio, Inc. - Common Stock",NASDAQ,United States
IHRT,"iHeartMedia, Inc. - Class A Common Stock",NASDAQ,United States
IH,"iHuman Inc. American depositary shares, each representing five Class A ordinary shares",NYSE,United States
IOTR,iOThree Limited - Ordinary Shares,NASDAQ,United States
IPW,iPower Inc. - Common Stock,NASDAQ,United States
IQ,"iQIYI, Inc. - American Depositary Shares",NASDAQ,United States
IQST,iQSTEL Inc. - Common Stock,NASDAQ,United States
IRMD,iRadimed Corporation - Common Stock,NASDAQ,United States
IRTC,"iRhythm Holdings, Inc.  - Common Stock",NASDAQ,United States
SCJ,iShares MSCI Japan Sm Cap,NYSE ARCA,United States
ISPC,iSpecimen Inc. - Common Stock,NASDAQ,United States
ITOC,iTonic Holdings Ltd - Class A Ordinary Shares,NASDAQ,United States
INTT,inTest Corporation Common Stock,NYSE MKT,United States
INDI,"indie Semiconductor, Inc. - Class A Common Stock",NASDAQ,United States
IONR,ioneer Ltd - American Depositary Shares,NASDAQ,United States
LDI,"loanDepot, Inc. Class A Common Stock",NYSE,United States
LULU,lululemon athletica inc. - Common Stock,NASDAQ,United States
MFI,mF International Limited - Class A Ordinary Shares,NASDAQ,United States
MNDY,monday.com Ltd. - Ordinary Shares,NASDAQ,United States
NCNO,"nCino, Inc. - Common Stock",NASDAQ,United States
LASR,"nLIGHT, Inc. - Common Stock",NASDAQ,United States
NVT,nVent Electric plc Ordinary Shares,NYSE,United States
RYOJ,"rYojbaba Co., Ltd. - Common Shares",NASDAQ,United States
AIRE,reAlpha Tech Corp. - Common Stock,NASDAQ,United States
TRVG,trivago N.V. - American Depositary Shares,NASDAQ,United States
UCL,uCloudlink Group Inc. - American Depositary Shares,NASDAQ,United States
QURE,uniQure N.V. - Ordinary Shares,NASDAQ,United States
VTVT,vTv Therapeutics Inc. - Class A Common Stock,NASDAQ,United States
